Date,Close,High,Low,Open,Volume
,AZO,AZO,AZO,AZO,AZO
2015-01-02,616.7899780273438,623.97998046875,613.489990234375,623.97998046875,224600
2015-01-05,608.489990234375,616.1099853515625,605.7000122070312,614.4600219726562,439800
2015-01-06,607.8200073242188,612.3400268554688,599.8099975585938,610.77001953125,388500
2015-01-07,607.239990234375,616.0,605.5900268554688,616.0,388200
2015-01-08,606.0,614.969970703125,605.0700073242188,610.3599853515625,593300
2015-01-09,606.02001953125,608.6099853515625,600.0399780273438,608.3300170898438,473600
2015-01-12,597.3599853515625,609.030029296875,596.5599975585938,606.8400268554688,163000
2015-01-13,588.9500122070312,603.219970703125,583.5499877929688,599.3800048828125,252800
2015-01-14,582.780029296875,586.1599731445312,577.9299926757812,584.5900268554688,316400
2015-01-15,575.280029296875,586.530029296875,574.9199829101562,584.0800170898438,196500
2015-01-16,580.8499755859375,581.1199951171875,569.5399780273438,575.1900024414062,340500
2015-01-20,584.3300170898438,586.9600219726562,578.0499877929688,582.7999877929688,201200
2015-01-21,586.0599975585938,588.4400024414062,579.0900268554688,581.5399780273438,332500
2015-01-22,600.0999755859375,602.6799926757812,586.4099731445312,587.739990234375,253600
2015-01-23,604.0,605.9500122070312,599.2100219726562,603.3499755859375,271600
2015-01-26,612.1400146484375,612.6099853515625,600.52001953125,602.8499755859375,246700
2015-01-27,608.5900268554688,612.8599853515625,605.1300048828125,608.4400024414062,271700
2015-01-28,610.5700073242188,617.6900024414062,608.1799926757812,610.25,258200
2015-01-29,611.1300048828125,612.9000244140625,606.010009765625,606.010009765625,262200
2015-01-30,596.9600219726562,614.6300048828125,596.47998046875,611.4500122070312,349000
2015-02-02,593.75,601.5900268554688,586.25,600.510009765625,315900
2015-02-03,607.8400268554688,608.1300048828125,597.4099731445312,598.5499877929688,263900
2015-02-04,601.6300048828125,612.8099975585938,597.8499755859375,607.2000122070312,280900
2015-02-05,614.8800048828125,621.47998046875,596.6400146484375,605.9600219726562,363700
2015-02-06,611.3400268554688,618.0999755859375,609.6599731445312,613.9500122070312,225600
2015-02-09,613.0499877929688,613.5599975585938,606.280029296875,607.1400146484375,223200
2015-02-10,616.6599731445312,620.219970703125,609.25,620.219970703125,158700
2015-02-11,620.510009765625,621.989990234375,614.0,615.0,188100
2015-02-12,617.510009765625,621.75,615.52001953125,619.8900146484375,160400
2015-02-13,618.5,619.6199951171875,611.6799926757812,614.1300048828125,164400
2015-02-17,615.1500244140625,620.3099975585938,612.9500122070312,615.5499877929688,205400
2015-02-18,617.9199829101562,617.989990234375,612.6799926757812,613.719970703125,167700
2015-02-19,618.3400268554688,623.4400024414062,612.760009765625,621.47998046875,238000
2015-02-20,623.3099975585938,625.0,614.3900146484375,618.97998046875,236900
2015-02-23,636.77001953125,636.969970703125,620.489990234375,625.0,281500
2015-02-24,637.7899780273438,640.0,634.1500244140625,638.5800170898438,163800
2015-02-25,637.1199951171875,642.1699829101562,634.6500244140625,640.97998046875,188600
2015-02-26,644.969970703125,646.52001953125,633.2999877929688,633.2999877929688,231500
2015-02-27,642.6799926757812,651.9500122070312,640.52001953125,647.239990234375,319400
2015-03-02,649.530029296875,649.530029296875,640.6599731445312,642.4199829101562,326200
2015-03-03,651.9000244140625,674.760009765625,648.989990234375,671.1400146484375,666600
2015-03-04,652.47998046875,654.760009765625,644.219970703125,653.469970703125,448400
2015-03-05,650.969970703125,657.8800048828125,646.8499755859375,655.8499755859375,345200
2015-03-06,645.2000122070312,652.8599853515625,644.3900146484375,647.4600219726562,277900
2015-03-09,650.8900146484375,651.1400146484375,644.1199951171875,644.530029296875,236900
2015-03-10,643.0499877929688,650.4299926757812,640.8099975585938,650.4299926757812,338800
2015-03-11,643.8099975585938,649.969970703125,640.0,640.0,386300
2015-03-12,652.760009765625,656.3900146484375,645.52001953125,647.3900146484375,238500
2015-03-13,654.6599731445312,657.8599853515625,647.5599975585938,654.4600219726562,178200
2015-03-16,665.4099731445312,665.780029296875,657.27001953125,658.3900146484375,232600
2015-03-17,662.1799926757812,665.2999877929688,658.510009765625,659.4000244140625,225700
2015-03-18,667.4199829101562,671.2899780273438,659.010009765625,663.4099731445312,248000
2015-03-19,667.3900146484375,672.469970703125,661.510009765625,667.75,178200
2015-03-20,662.4299926757812,671.1500244140625,662.0499877929688,666.25,349400
2015-03-23,671.27001953125,671.8300170898438,663.239990234375,664.9299926757812,439700
2015-03-24,667.4500122070312,675.8499755859375,664.97998046875,671.1900024414062,249000
2015-03-25,660.719970703125,671.4099731445312,660.0599975585938,669.47998046875,233900
2015-03-26,662.0399780273438,662.5,652.1900024414062,661.1099853515625,212100
2015-03-27,681.3400268554688,682.0,662.1199951171875,664.1500244140625,384800
2015-03-30,689.3800048828125,690.8699951171875,681.7999877929688,682.5800170898438,277300
2015-03-31,682.1599731445312,694.4500122070312,682.1599731445312,683.0599975585938,421300
2015-04-01,692.9299926757812,693.5700073242188,678.5999755859375,687.0,420900
2015-04-02,689.1099853515625,696.0,684.8200073242188,691.8599853515625,339600
2015-04-06,695.4500122070312,699.1900024414062,684.2000122070312,684.77001953125,371700
2015-04-07,693.1099853515625,698.9400024414062,690.469970703125,694.9600219726562,253300
2015-04-08,698.239990234375,699.9500122070312,690.5999755859375,690.9099731445312,236100
2015-04-09,695.77001953125,699.6400146484375,690.8200073242188,696.5599975585938,251700
2015-04-10,701.72998046875,702.25,696.030029296875,698.6500244140625,157100
2015-04-13,699.0499877929688,704.4500122070312,696.1500244140625,699.0,163800
2015-04-14,695.8099975585938,699.0,690.239990234375,696.0900268554688,199300
2015-04-15,694.1699829101562,699.25,689.1400146484375,698.0,277800
2015-04-16,692.4000244140625,694.2999877929688,686.1199951171875,690.0,304200
2015-04-17,683.4299926757812,689.4500122070312,681.4000244140625,686.3800048828125,306800
2015-04-20,689.3599853515625,692.4099731445312,685.72998046875,685.760009765625,207000
2015-04-21,690.72998046875,695.1300048828125,684.3599853515625,692.4099731445312,274500
2015-04-22,693.4099731445312,694.52001953125,683.5599975585938,691.0,525300
2015-04-23,702.3300170898438,703.1099853515625,695.0,695.0,412400
2015-04-24,702.0,705.0,699.969970703125,705.0,229500
2015-04-27,692.3800048828125,703.22998046875,691.8099975585938,702.72998046875,229300
2015-04-28,693.0499877929688,694.52001953125,688.5999755859375,691.6799926757812,207500
2015-04-29,682.3900146484375,694.0900268554688,681.1300048828125,690.0,263700
2015-04-30,672.6599731445312,684.47998046875,671.3599853515625,682.6300048828125,414800
2015-05-01,679.25,680.719970703125,673.8200073242188,675.0599975585938,285600
2015-05-04,684.739990234375,686.9099731445312,680.010009765625,683.0,181700
2015-05-05,672.9099731445312,684.2100219726562,672.4000244140625,682.0,233500
2015-05-06,675.030029296875,677.2000122070312,668.1400146484375,674.5,247600
2015-05-07,677.47998046875,683.0,675.030029296875,678.0,207900
2015-05-08,686.1300048828125,690.4400024414062,681.3300170898438,683.9199829101562,184400
2015-05-11,678.8300170898438,689.6699829101562,678.469970703125,689.0,309500
2015-05-12,678.969970703125,682.8400268554688,676.8699951171875,677.52001953125,230000
2015-05-13,680.3599853515625,686.9500122070312,676.8599853515625,676.8599853515625,259100
2015-05-14,682.1300048828125,687.3099975585938,678.5900268554688,683.5399780273438,360000
2015-05-15,689.8499755859375,690.22998046875,680.3400268554688,685.3400268554688,343000
2015-05-18,693.52001953125,695.5,688.8800048828125,690.0,280600
2015-05-19,694.5800170898438,701.27001953125,692.739990234375,696.239990234375,186400
2015-05-20,687.8099975585938,696.0399780273438,687.739990234375,695.3099975585938,234800
2015-05-21,691.9099731445312,692.4000244140625,682.030029296875,685.0,272700
2015-05-22,689.1799926757812,693.9600219726562,686.8499755859375,692.9600219726562,290700
2015-05-26,688.4299926757812,693.989990234375,682.8599853515625,689.0700073242188,409000
2015-05-27,680.72998046875,688.8200073242188,677.739990234375,682.0,434100
2015-05-28,679.510009765625,687.4199829101562,676.8900146484375,681.1500244140625,338900
2015-05-29,673.6199951171875,682.1599731445312,672.6599731445312,681.969970703125,277800
2015-06-01,673.3599853515625,677.0999755859375,668.4000244140625,676.97998046875,304800
2015-06-02,675.739990234375,680.3400268554688,670.1199951171875,674.1799926757812,259500
2015-06-03,681.7899780273438,683.1400146484375,676.6799926757812,679.8800048828125,267200
2015-06-04,678.1799926757812,681.8099975585938,675.3599853515625,679.9199829101562,282600
2015-06-05,675.5,679.3200073242188,674.5599975585938,679.3200073242188,203300
2015-06-08,678.4500122070312,680.7999877929688,672.0399780273438,673.5,273500
2015-06-09,676.0399780273438,680.52001953125,672.6099853515625,676.3800048828125,213000
2015-06-10,681.5800170898438,682.6799926757812,675.4299926757812,676.5399780273438,265900
2015-06-11,684.8400268554688,687.5800170898438,682.4199829101562,684.7899780273438,155600
2015-06-12,682.0800170898438,686.1400146484375,680.010009765625,681.280029296875,192400
2015-06-15,674.0,681.5999755859375,672.3400268554688,680.25,273200
2015-06-16,675.780029296875,679.5399780273438,673.510009765625,673.510009765625,152900
2015-06-17,673.3300170898438,680.5,668.0700073242188,676.280029296875,215700
2015-06-18,684.22998046875,686.4600219726562,674.5999755859375,675.760009765625,300400
2015-06-19,681.6699829101562,685.25,679.7000122070312,682.4099731445312,344100
2015-06-22,681.5,684.489990234375,679.5700073242188,684.489990234375,195000
2015-06-23,685.5399780273438,685.8699951171875,681.7000122070312,684.239990234375,150400
2015-06-24,679.6400146484375,684.4099731445312,678.1199951171875,682.7000122070312,174600
2015-06-25,680.3099975585938,684.7000122070312,678.5800170898438,680.9299926757812,161600
2015-06-26,677.469970703125,683.510009765625,676.2999877929688,681.260009765625,273000
2015-06-29,663.1599731445312,674.8599853515625,662.719970703125,673.0,216400
2015-06-30,666.9000244140625,672.6099853515625,662.7000122070312,667.969970703125,252700
2015-07-01,673.1400146484375,673.72998046875,667.219970703125,670.8400268554688,228400
2015-07-02,671.6900024414062,675.7000122070312,667.5800170898438,675.7000122070312,137600
2015-07-06,675.0700073242188,675.77001953125,667.7000122070312,667.7000122070312,191300
2015-07-07,680.739990234375,683.989990234375,671.2000122070312,675.9500122070312,178800
2015-07-08,668.1900024414062,677.280029296875,668.1900024414062,675.760009765625,204300
2015-07-09,670.3599853515625,675.0,668.3400268554688,673.0,186500
2015-07-10,682.2999877929688,684.0900268554688,674.4199829101562,678.3200073242188,294400
2015-07-13,685.3200073242188,687.0,677.530029296875,685.0,181700
2015-07-14,676.4600219726562,685.9299926757812,673.5800170898438,685.0999755859375,244300
2015-07-15,680.780029296875,681.8499755859375,673.469970703125,678.3099975585938,157900
2015-07-16,680.719970703125,685.0,678.0900268554688,684.8900146484375,165600
2015-07-17,677.1300048828125,679.969970703125,675.280029296875,678.760009765625,124600
2015-07-20,676.0499877929688,679.0999755859375,671.4600219726562,677.4299926757812,209400
2015-07-21,671.7000122070312,677.7999877929688,669.0,675.72998046875,168700
2015-07-22,677.3200073242188,678.0499877929688,671.1300048828125,671.6199951171875,112800
2015-07-23,681.2899780273438,684.5999755859375,676.489990234375,680.030029296875,160700
2015-07-24,675.25,683.6199951171875,673.8099975585938,681.6599731445312,163300
2015-07-27,674.3699951171875,676.72998046875,667.489990234375,674.0700073242188,180100
2015-07-28,687.1400146484375,687.4199829101562,672.97998046875,675.5499877929688,187200
2015-07-29,692.6799926757812,693.5700073242188,683.1900024414062,688.5800170898438,178500
2015-07-30,695.030029296875,696.1400146484375,688.3699951171875,693.5399780273438,146400
2015-07-31,700.9400024414062,703.3800048828125,694.9199829101562,697.8800048828125,180600
2015-08-03,696.9600219726562,702.0,693.5900268554688,702.0,101000
2015-08-04,702.780029296875,703.6199951171875,696.4099731445312,696.9600219726562,111100
2015-08-05,711.6900024414062,712.4600219726562,704.6599731445312,706.6099853515625,252500
2015-08-06,697.1099853515625,712.0,695.6500244140625,712.0,170800
2015-08-07,704.4000244140625,705.719970703125,695.22998046875,696.719970703125,157900
2015-08-10,709.469970703125,712.030029296875,706.0499877929688,709.3900146484375,130100
2015-08-11,714.2100219726562,714.8599853515625,704.0499877929688,710.010009765625,228100
2015-08-12,721.1400146484375,721.47998046875,708.0399780273438,710.47998046875,286600
2015-08-13,739.0700073242188,747.469970703125,713.6699829101562,721.0,349700
2015-08-14,741.27001953125,743.8800048828125,735.3900146484375,739.0,168200
2015-08-17,743.1799926757812,745.3400268554688,737.6900024414062,739.0800170898438,127300
2015-08-18,746.2000122070312,747.25,741.97998046875,743.0,154300
2015-08-19,750.1300048828125,754.9000244140625,739.2000122070312,742.0,190200
2015-08-20,738.2899780273438,749.6799926757812,737.9199829101562,746.4500122070312,206700
2015-08-21,700.9199829101562,733.1099853515625,700.8099975585938,732.3699951171875,453900
2015-08-24,684.989990234375,710.6199951171875,667.0,667.0,537000
2015-08-25,687.9299926757812,715.5,687.9299926757812,715.5,431300
2015-08-26,706.25,706.5599975585938,688.0499877929688,701.5,405100
2015-08-27,724.780029296875,737.3800048828125,713.260009765625,723.969970703125,636300
2015-08-28,726.3900146484375,727.969970703125,720.7999877929688,725.280029296875,238700
2015-08-31,715.989990234375,729.9400024414062,715.989990234375,724.0800170898438,221600
2015-09-01,714.3699951171875,719.3599853515625,703.1500244140625,711.969970703125,284200
2015-09-02,730.719970703125,731.4600219726562,715.75,720.8699951171875,297300
2015-09-03,729.8099975585938,738.739990234375,727.6199951171875,731.219970703125,212600
2015-09-04,717.7000122070312,729.1300048828125,713.5599975585938,723.8400268554688,234500
2015-09-08,732.9099731445312,736.0399780273438,722.5499877929688,723.0499877929688,220000
2015-09-09,721.0,738.489990234375,720.239990234375,737.8499755859375,275600
2015-09-10,720.9299926757812,727.0399780273438,719.219970703125,720.5,243600
2015-09-11,727.4400024414062,728.1300048828125,715.02001953125,716.0,207400
2015-09-14,719.9299926757812,729.489990234375,718.0800170898438,728.0,183000
2015-09-15,729.4400024414062,729.9400024414062,718.489990234375,722.47998046875,226500
2015-09-16,732.719970703125,734.0399780273438,726.3699951171875,728.3699951171875,183900
2015-09-17,734.6199951171875,747.0,732.25,734.6699829101562,209800
2015-09-18,724.989990234375,734.4299926757812,722.1699829101562,727.25,492500
2015-09-21,728.4000244140625,735.3900146484375,725.5700073242188,726.9000244140625,304300
2015-09-22,728.0,749.989990234375,726.2999877929688,730.1500244140625,833700
2015-09-23,746.22998046875,747.3300170898438,720.1799926757812,730.4000244140625,445900
2015-09-24,746.530029296875,748.5599975585938,740.0,741.239990234375,342300
2015-09-25,753.47998046875,758.1400146484375,746.77001953125,748.72998046875,507000
2015-09-28,730.7999877929688,752.4099731445312,730.6799926757812,752.27001953125,413800
2015-09-29,724.719970703125,739.989990234375,717.9000244140625,731.2999877929688,276400
2015-09-30,723.8300170898438,732.6699829101562,721.3400268554688,730.9199829101562,403600
2015-10-01,736.3499755859375,738.0599975585938,715.9199829101562,732.8099975585938,334300
2015-10-02,740.780029296875,742.0499877929688,724.1400146484375,730.3499755859375,369500
2015-10-05,747.280029296875,750.0,741.5700073242188,750.0,331300
2015-10-06,744.6199951171875,747.0900268554688,740.1300048828125,746.780029296875,285300
2015-10-07,736.0,748.1099853515625,733.1500244140625,748.1099853515625,267100
2015-10-08,735.3099975585938,740.989990234375,730.9500122070312,739.8900146484375,261700
2015-10-09,736.9199829101562,737.2999877929688,729.0499877929688,732.75,222900
2015-10-12,744.0599975585938,745.8599853515625,730.7000122070312,738.3300170898438,165100
2015-10-13,740.0,745.0,738.760009765625,741.1300048828125,226500
2015-10-14,729.3800048828125,742.9299926757812,727.7100219726562,739.030029296875,230300
2015-10-15,737.4299926757812,738.489990234375,727.7100219726562,730.030029296875,276200
2015-10-16,739.8200073242188,744.5999755859375,734.1799926757812,743.0599975585938,288800
2015-10-19,744.02001953125,744.510009765625,735.3800048828125,740.75,211200
2015-10-20,745.9400024414062,747.0900268554688,740.9299926757812,746.0,198300
2015-10-21,745.2899780273438,750.0999755859375,741.4000244140625,749.4000244140625,133300
2015-10-22,761.5900268554688,761.9099731445312,747.219970703125,750.0,353300
2015-10-23,762.239990234375,767.1300048828125,758.0700073242188,766.5800170898438,260700
2015-10-26,768.0700073242188,772.0999755859375,760.8300170898438,764.1500244140625,224800
2015-10-27,763.260009765625,771.280029296875,755.77001953125,769.0,306900
2015-10-28,778.0599975585938,780.27001953125,760.3699951171875,763.27001953125,285300
2015-10-29,783.22998046875,787.9000244140625,776.9600219726562,779.5599975585938,309000
2015-10-30,784.4099731445312,789.52001953125,779.739990234375,786.4299926757812,280200
2015-11-02,785.260009765625,789.6799926757812,774.0900268554688,783.9099731445312,248900
2015-11-03,791.489990234375,795.0,783.4600219726562,784.510009765625,285800
2015-11-04,788.75,796.77001953125,786.0999755859375,790.989990234375,227100
2015-11-05,795.3900146484375,797.969970703125,788.1500244140625,789.25,193700
2015-11-06,797.2899780273438,803.25,792.7999877929688,792.7999877929688,370100
2015-11-09,783.47998046875,798.4099731445312,780.7999877929688,796.5499877929688,244600
2015-11-10,789.6500244140625,791.72998046875,780.8599853515625,782.0499877929688,163700
2015-11-11,787.280029296875,793.489990234375,785.010009765625,789.6500244140625,93700
2015-11-12,775.2100219726562,783.989990234375,774.27001953125,777.0,315400
2015-11-13,755.25,789.6099853515625,746.0,789.25,469800
2015-11-16,775.5399780273438,775.7100219726562,751.2999877929688,753.1400146484375,303400
2015-11-17,773.0,782.0,767.5499877929688,780.2999877929688,197300
2015-11-18,783.3499755859375,784.1500244140625,770.510009765625,772.4099731445312,169400
2015-11-19,779.0599975585938,786.1900024414062,777.1699829101562,783.0,155700
2015-11-20,783.8200073242188,785.8400268554688,780.1900024414062,784.3599853515625,215400
2015-11-23,781.4500122070312,787.97998046875,776.3599853515625,783.3499755859375,143600
2015-11-24,779.6599731445312,782.7000122070312,771.739990234375,777.1199951171875,165700
2015-11-25,786.0900268554688,790.6699829101562,778.9299926757812,778.9299926757812,148600
2015-11-27,785.9600219726562,789.5,781.75,784.97998046875,104400
2015-11-30,783.77001953125,793.8200073242188,778.8699951171875,786.3900146484375,391600
2015-12-01,779.239990234375,792.4199829101562,773.780029296875,786.0399780273438,237100
2015-12-02,769.1300048828125,786.2899780273438,767.0,780.0599975585938,302600
2015-12-03,757.3699951171875,770.9000244140625,753.0800170898438,770.3699951171875,275900
2015-12-04,760.989990234375,761.6500244140625,754.239990234375,759.5900268554688,401000
2015-12-07,752.1699829101562,763.3099975585938,748.5599975585938,760.0,413900
2015-12-08,796.0900268554688,798.5999755859375,754.8699951171875,768.3699951171875,571000
2015-12-09,783.8099975585938,800.8699951171875,775.5,794.0,522300
2015-12-10,777.6900024414062,786.3099975585938,775.6400146484375,786.0900268554688,217700
2015-12-11,755.8800048828125,790.739990234375,749.02001953125,765.0,239200
2015-12-14,760.5,761.6099853515625,748.0399780273438,755.8800048828125,225100
2015-12-15,761.2999877929688,764.6099853515625,756.030029296875,764.0399780273438,207400
2015-12-16,764.6900024414062,766.4099731445312,751.8400268554688,765.969970703125,231400
2015-12-17,755.3099975585938,763.5,753.2999877929688,762.72998046875,246100
2015-12-18,741.8800048828125,759.9099731445312,741.5700073242188,759.9099731445312,393900
2015-12-21,742.9500122070312,752.0,735.52001953125,749.2999877929688,249700
2015-12-22,744.8200073242188,748.5900268554688,739.0499877929688,747.0,171500
2015-12-23,744.3499755859375,749.02001953125,741.7899780273438,747.760009765625,130400
2015-12-24,740.5599975585938,744.2999877929688,734.5499877929688,743.8499755859375,114900
2015-12-28,741.8699951171875,742.1900024414062,734.9600219726562,739.8800048828125,121500
2015-12-29,749.1799926757812,753.010009765625,742.8699951171875,743.2899780273438,557800
2015-12-30,750.1699829101562,755.0800170898438,745.3800048828125,745.3800048828125,141700
2015-12-31,741.9099731445312,751.5,741.8400268554688,747.97998046875,137900
2016-01-04,735.47998046875,742.22998046875,728.52001953125,733.0,299100
2016-01-05,738.8599853515625,742.5599975585938,731.0900268554688,735.47998046875,232900
2016-01-06,729.2000122070312,738.3499755859375,727.1099853515625,733.3200073242188,255100
2016-01-07,735.9600219726562,740.47998046875,711.0700073242188,720.2899780273438,313500
2016-01-08,712.0599975585938,738.8699951171875,708.9000244140625,735.9600219726562,258500
2016-01-11,718.6900024414062,726.0999755859375,709.969970703125,712.5599975585938,342800
2016-01-12,728.989990234375,730.489990234375,712.8400268554688,722.510009765625,250100
2016-01-13,704.2000122070312,732.8300170898438,702.5700073242188,732.8300170898438,269200
2016-01-14,712.6099853515625,718.2000122070312,699.3699951171875,702.8200073242188,262400
2016-01-15,704.739990234375,710.3099975585938,693.010009765625,696.3200073242188,370100
2016-01-19,715.7100219726562,718.1300048828125,704.010009765625,712.969970703125,346800
2016-01-20,713.6599731445312,718.6099853515625,698.9000244140625,708.0,385700
2016-01-21,717.72998046875,724.8200073242188,710.0999755859375,713.0999755859375,281200
2016-01-22,728.3200073242188,733.2999877929688,721.4400024414062,722.7100219726562,279000
2016-01-25,728.52001953125,738.9500122070312,727.72998046875,728.8099975585938,220300
2016-01-26,743.5900268554688,745.5700073242188,731.1099853515625,731.1099853515625,231000
2016-01-27,744.2899780273438,754.989990234375,736.510009765625,740.2999877929688,313300
2016-01-28,747.5499877929688,753.7999877929688,741.1599731445312,751.739990234375,333700
2016-01-29,767.3900146484375,771.5900268554688,743.0,745.47998046875,472800
2016-02-01,768.5499877929688,774.7999877929688,762.010009765625,765.0,393900
2016-02-02,763.5999755859375,769.0399780273438,756.0800170898438,768.1799926757812,340000
2016-02-03,751.9000244140625,768.5900268554688,745.2999877929688,768.5900268554688,478800
2016-02-04,747.8699951171875,750.3200073242188,734.2999877929688,748.0399780273438,512200
2016-02-05,727.3499755859375,749.6099853515625,722.5800170898438,748.6099853515625,633500
2016-02-08,695.4600219726562,722.9000244140625,681.010009765625,716.5499877929688,656200
2016-02-09,697.5800170898438,704.0599975585938,686.219970703125,692.0,562500
2016-02-10,697.1699829101562,709.8900146484375,695.0599975585938,702.5700073242188,374500
2016-02-11,712.75,720.8400268554688,692.760009765625,698.989990234375,571800
2016-02-12,729.6199951171875,732.3699951171875,714.02001953125,717.1400146484375,319900
2016-02-16,757.6900024414062,767.2000122070312,741.010009765625,745.0,602600
2016-02-17,754.1799926757812,772.4500122070312,745.7000122070312,762.0,381800
2016-02-18,748.510009765625,756.0800170898438,746.5399780273438,750.0,382500
2016-02-19,759.9099731445312,760.0999755859375,745.3599853515625,746.9099731445312,340300
2016-02-22,764.9000244140625,771.9500122070312,763.010009765625,767.25,230300
2016-02-23,764.280029296875,771.1799926757812,755.6900024414062,766.5499877929688,290700
2016-02-24,777.8300170898438,778.3599853515625,758.0599975585938,760.6300048828125,306000
2016-02-25,785.1500244140625,785.7100219726562,772.260009765625,780.0,247200
2016-02-26,781.6400146484375,787.47998046875,776.8699951171875,785.719970703125,270300
2016-02-29,774.5700073242188,787.0,774.5700073242188,784.5,388000
2016-03-01,790.5599975585938,794.5,778.0599975585938,782.2100219726562,464200
2016-03-02,780.8900146484375,792.4400024414062,774.4500122070312,788.0,315600
2016-03-03,782.489990234375,785.1599731445312,772.8200073242188,776.1300048828125,238400
2016-03-04,777.6199951171875,784.7100219726562,773.8699951171875,784.7100219726562,276500
2016-03-07,770.9500122070312,781.4299926757812,767.4299926757812,771.0999755859375,225700
2016-03-08,765.0499877929688,773.1699829101562,765.0,766.02001953125,343000
2016-03-09,776.2899780273438,778.5700073242188,765.989990234375,770.010009765625,272200
2016-03-10,788.3599853515625,790.6900024414062,770.8300170898438,779.3200073242188,327700
2016-03-11,797.02001953125,798.989990234375,786.6500244140625,791.030029296875,334800
2016-03-14,796.6099853515625,801.0,793.9000244140625,794.97998046875,278300
2016-03-15,793.8699951171875,803.8300170898438,789.9400024414062,791.6099853515625,251300
2016-03-16,792.52001953125,795.6400146484375,783.22998046875,793.8699951171875,246500
2016-03-17,784.7100219726562,792.3099975585938,775.1900024414062,792.3099975585938,320100
2016-03-18,780.2100219726562,788.6300048828125,777.25,788.6300048828125,391600
2016-03-21,786.5800170898438,787.3200073242188,779.0800170898438,779.0800170898438,143200
2016-03-22,785.989990234375,794.3099975585938,784.1400146484375,784.3800048828125,242000
2016-03-23,805.2899780273438,807.489990234375,786.1799926757812,787.530029296875,399300
2016-03-24,803.0599975585938,810.0,798.5,803.47998046875,249600
2016-03-28,799.7899780273438,804.6799926757812,795.8699951171875,803.780029296875,210900
2016-03-29,798.0399780273438,805.0,796.47998046875,802.6699829101562,330100
2016-03-30,802.52001953125,803.5499877929688,792.4500122070312,803.0,241300
2016-03-31,796.6900024414062,804.530029296875,793.6500244140625,804.530029296875,269000
2016-04-01,805.4000244140625,809.3699951171875,791.9199829101562,793.969970703125,290900
2016-04-04,792.9500122070312,803.7999877929688,787.030029296875,803.1199951171875,268800
2016-04-05,787.5999755859375,792.989990234375,786.489990234375,789.6199951171875,269200
2016-04-06,788.739990234375,790.3599853515625,782.8200073242188,786.2899780273438,210300
2016-04-07,785.1300048828125,790.0,781.0,787.1900024414062,274500
2016-04-08,783.9299926757812,786.239990234375,776.8499755859375,786.239990234375,240800
2016-04-11,773.8800048828125,786.4099731445312,772.219970703125,782.72998046875,228400
2016-04-12,777.0399780273438,778.27001953125,769.7899780273438,774.1199951171875,217800
2016-04-13,777.4500122070312,782.4199829101562,772.2000122070312,782.02001953125,212100
2016-04-14,778.1400146484375,785.1099853515625,775.6599731445312,776.3300170898438,177800
2016-04-15,779.780029296875,783.9600219726562,776.4000244140625,778.530029296875,134400
2016-04-18,783.219970703125,787.3699951171875,778.239990234375,778.239990234375,148100
2016-04-19,777.4299926757812,787.1099853515625,776.0700073242188,781.6599731445312,182100
2016-04-20,777.0499877929688,781.8400268554688,773.0499877929688,777.4500122070312,169700
2016-04-21,766.5499877929688,778.6500244140625,765.6900024414062,777.0499877929688,210100
2016-04-22,771.0700073242188,773.3599853515625,762.77001953125,767.0700073242188,181300
2016-04-25,774.6500244140625,778.02001953125,766.260009765625,768.0,131000
2016-04-26,778.7899780273438,781.27001953125,774.469970703125,775.760009765625,130000
2016-04-27,780.27001953125,784.6500244140625,772.6300048828125,775.0399780273438,168400
2016-04-28,767.469970703125,775.0,765.8499755859375,775.0,228600
2016-04-29,765.22998046875,769.0,753.4400024414062,767.22998046875,259100
2016-05-02,774.97998046875,776.8400268554688,768.3099975585938,770.0,220800
2016-05-03,784.5800170898438,787.9600219726562,770.6599731445312,770.6599731445312,261500
2016-05-04,785.4199829101562,786.8699951171875,776.77001953125,780.0,200000
2016-05-05,774.0399780273438,783.5999755859375,772.489990234375,782.5999755859375,213700
2016-05-06,776.2100219726562,777.780029296875,764.1300048828125,770.6400146484375,151500
2016-05-09,783.719970703125,785.6400146484375,769.5800170898438,774.9400024414062,156700
2016-05-10,788.7999877929688,790.4199829101562,781.239990234375,784.719970703125,196400
2016-05-11,769.2899780273438,784.3699951171875,768.7100219726562,783.9000244140625,313200
2016-05-12,780.8099975585938,783.3300170898438,771.9500122070312,775.010009765625,219200
2016-05-13,769.4400024414062,783.5,768.52001953125,781.8800048828125,185400
2016-05-16,779.1300048828125,781.989990234375,767.530029296875,768.8699951171875,179200
2016-05-17,761.3800048828125,781.77001953125,758.7999877929688,778.219970703125,346900
2016-05-18,760.8599853515625,765.4299926757812,754.3599853515625,759.5,347100
2016-05-19,756.52001953125,758.969970703125,742.6300048828125,745.0,420300
2016-05-20,761.5599975585938,769.1599731445312,755.8699951171875,759.239990234375,386000
2016-05-23,742.0800170898438,761.5,740.510009765625,760.239990234375,509100
2016-05-24,760.4199829101562,766.6400146484375,732.219970703125,733.3499755859375,571800
2016-05-25,767.6300048828125,771.8499755859375,757.4500122070312,760.75,329600
2016-05-26,767.3800048828125,776.3300170898438,764.739990234375,766.4500122070312,333300
2016-05-27,765.75,773.280029296875,763.6300048828125,768.0,288900
2016-05-31,762.2000122070312,767.52001953125,759.22998046875,767.489990234375,599000
2016-06-01,760.75,764.6599731445312,758.4000244140625,759.7000122070312,327700
2016-06-02,768.5900268554688,770.4400024414062,756.5800170898438,760.760009765625,295600
2016-06-03,761.3099975585938,769.6599731445312,758.2100219726562,766.1500244140625,310200
2016-06-06,756.1199951171875,762.0900268554688,748.9299926757812,761.3099975585938,384000
2016-06-07,760.8400268554688,762.0599975585938,752.280029296875,754.010009765625,287200
2016-06-08,760.5800170898438,763.5599975585938,757.489990234375,758.3400268554688,205700
2016-06-09,760.0700073242188,765.5,755.25,761.1900024414062,256000
2016-06-10,754.1500244140625,758.5900268554688,752.6500244140625,757.3400268554688,239100
2016-06-13,751.1400146484375,758.1599731445312,750.1500244140625,753.2999877929688,300000
2016-06-14,748.3800048828125,749.4000244140625,743.6900024414062,748.280029296875,246700
2016-06-15,747.6900024414062,755.8200073242188,747.0,748.02001953125,185100
2016-06-16,751.3099975585938,751.4199829101562,741.5800170898438,745.3499755859375,410500
2016-06-17,745.8300170898438,750.5599975585938,743.9500122070312,750.5599975585938,293800
2016-06-20,752.0599975585938,758.1500244140625,750.97998046875,757.0700073242188,170200
2016-06-21,748.739990234375,751.6699829101562,744.3599853515625,749.1300048828125,194200
2016-06-22,756.2999877929688,763.9299926757812,749.1699829101562,751.6400146484375,266000
2016-06-23,762.77001953125,763.8499755859375,756.7999877929688,760.4400024414062,173200
2016-06-24,769.9199829101562,775.989990234375,741.52001953125,743.3099975585938,480500
2016-06-27,767.6500244140625,772.47998046875,762.3800048828125,764.9400024414062,310900
2016-06-28,790.4600219726562,791.5800170898438,768.530029296875,770.2999877929688,439200
2016-06-29,792.8200073242188,804.77001953125,790.1900024414062,794.2100219726562,327000
2016-06-30,793.8400268554688,797.0399780273438,786.1699829101562,792.989990234375,327100
2016-07-01,798.719970703125,802.9400024414062,792.719970703125,795.9600219726562,196600
2016-07-05,803.3599853515625,804.2000122070312,796.27001953125,800.0,302900
2016-07-06,805.5599975585938,810.75,802.0999755859375,803.0,235700
2016-07-07,799.6599731445312,809.0599975585938,797.6900024414062,804.8400268554688,203500
2016-07-08,815.02001953125,815.4500122070312,801.8499755859375,804.0,217400
2016-07-11,809.719970703125,819.5399780273438,808.6199951171875,815.1500244140625,179800
2016-07-12,801.0800170898438,815.0,799.5700073242188,811.3400268554688,206800
2016-07-13,801.3099975585938,807.3599853515625,796.8300170898438,805.2899780273438,134600
2016-07-14,805.1799926757812,807.8900146484375,798.2999877929688,806.2899780273438,155500
2016-07-15,799.1400146484375,810.0,798.8300170898438,810.0,183600
2016-07-18,796.3800048828125,803.97998046875,793.6300048828125,800.9000244140625,232700
2016-07-19,795.6599731445312,799.9000244140625,782.2999877929688,789.0800170898438,246000
2016-07-20,800.0399780273438,801.0,796.469970703125,796.8699951171875,194300
2016-07-21,792.6300048828125,799.4600219726562,790.3300170898438,798.8900146484375,99000
2016-07-22,794.530029296875,796.8699951171875,790.969970703125,796.4099731445312,114200
2016-07-25,798.4600219726562,798.9600219726562,794.5999755859375,796.9199829101562,128700
2016-07-26,800.4400024414062,805.5599975585938,794.5900268554688,794.5900268554688,205700
2016-07-27,790.3200073242188,802.9199829101562,788.8400268554688,802.5,164200
2016-07-28,815.97998046875,818.0,791.4500122070312,791.4500122070312,302800
2016-07-29,813.969970703125,816.52001953125,810.0,816.0,221900
2016-08-01,811.780029296875,817.739990234375,810.1400146484375,816.1199951171875,136600
2016-08-02,802.530029296875,816.8300170898438,800.5,813.5499877929688,151100
2016-08-03,804.9099731445312,808.27001953125,800.8800048828125,803.530029296875,126600
2016-08-04,808.239990234375,809.989990234375,802.719970703125,802.719970703125,85200
2016-08-05,806.2899780273438,812.8400268554688,805.02001953125,809.6799926757812,145500
2016-08-08,801.260009765625,808.8800048828125,800.0399780273438,808.3200073242188,114500
2016-08-09,798.0,803.0,797.02001953125,800.5900268554688,150800
2016-08-10,803.4500122070312,804.72998046875,798.0,798.7899780273438,127700
2016-08-11,801.239990234375,813.47998046875,798.9600219726562,806.6799926757812,205600
2016-08-12,795.8599853515625,802.9000244140625,795.3400268554688,799.030029296875,112800
2016-08-15,794.3599853515625,798.6500244140625,793.2899780273438,796.719970703125,161000
2016-08-16,789.5399780273438,793.9500122070312,788.0900268554688,790.0,155600
2016-08-17,786.260009765625,789.4400024414062,782.1300048828125,787.5700073242188,160100
2016-08-18,788.3599853515625,792.3400268554688,783.469970703125,787.3099975585938,169000
2016-08-19,793.9000244140625,794.0,787.1400146484375,788.469970703125,182100
2016-08-22,790.6699829101562,795.4299926757812,790.1900024414062,793.6599731445312,159500
2016-08-23,788.8800048828125,795.5700073242188,787.969970703125,794.8400268554688,187600
2016-08-24,777.1199951171875,788.3699951171875,773.760009765625,784.6199951171875,351000
2016-08-25,773.0499877929688,779.8200073242188,772.4099731445312,773.4299926757812,235200
2016-08-26,753.469970703125,771.5,752.1300048828125,771.280029296875,450800
2016-08-29,750.8499755859375,759.3699951171875,748.8499755859375,753.5800170898438,363600
2016-08-30,741.8599853515625,752.8699951171875,737.030029296875,752.8699951171875,433200
2016-08-31,741.7999877929688,745.47998046875,736.9000244140625,741.47998046875,315800
2016-09-01,744.77001953125,748.469970703125,742.5,744.22998046875,310100
2016-09-02,739.72998046875,748.4099731445312,737.5,748.4099731445312,213500
2016-09-06,737.260009765625,743.239990234375,731.7999877929688,739.75,311000
2016-09-07,732.1199951171875,739.1300048828125,731.0800170898438,736.8300170898438,338900
2016-09-08,729.3800048828125,730.6500244140625,726.0700073242188,729.9000244140625,317700
2016-09-09,722.4400024414062,728.6699829101562,722.1599731445312,727.6400146484375,400500
2016-09-12,740.3800048828125,743.1199951171875,723.6799926757812,724.9500122070312,596500
2016-09-13,744.1500244140625,746.7899780273438,734.4500122070312,736.0999755859375,583300
2016-09-14,739.2100219726562,747.7899780273438,738.1900024414062,746.280029296875,328300
2016-09-15,739.1099853515625,740.530029296875,732.0900268554688,737.5599975585938,300900
2016-09-16,735.52001953125,741.8800048828125,734.219970703125,737.3800048828125,410400
2016-09-19,746.3499755859375,747.010009765625,734.1400146484375,735.0,382100
2016-09-20,744.0599975585938,750.77001953125,742.0,749.02001953125,362200
2016-09-21,751.4500122070312,755.5599975585938,741.780029296875,741.780029296875,592900
2016-09-22,748.22998046875,760.97998046875,740.0499877929688,758.5800170898438,1029500
2016-09-23,744.8499755859375,751.7999877929688,737.5,746.0499877929688,818100
2016-09-26,758.8800048828125,759.9500122070312,742.3900146484375,743.719970703125,752900
2016-09-27,779.6099853515625,783.3300170898438,765.260009765625,772.0399780273438,794600
2016-09-28,767.1500244140625,780.0,764.5900268554688,780.0,436300
2016-09-29,765.760009765625,771.489990234375,759.1400146484375,765.030029296875,385200
2016-09-30,768.3400268554688,772.3599853515625,762.6900024414062,768.1199951171875,354100
2016-10-03,760.7100219726562,767.030029296875,759.1500244140625,763.280029296875,336400
2016-10-04,758.5399780273438,762.5700073242188,754.469970703125,762.5700073242188,251800
2016-10-05,759.4400024414062,764.989990234375,758.1400146484375,763.280029296875,278300
2016-10-06,761.9299926757812,764.75,755.1699829101562,758.1699829101562,259200
2016-10-07,760.3400268554688,766.280029296875,759.030029296875,766.280029296875,268700
2016-10-10,764.4400024414062,768.5999755859375,762.5,765.0,205300
2016-10-11,760.6099853515625,765.5800170898438,759.4299926757812,764.969970703125,330800
2016-10-12,762.219970703125,766.0900268554688,759.0999755859375,759.3400268554688,328000
2016-10-13,767.8599853515625,768.3699951171875,756.4500122070312,758.719970703125,193900
2016-10-14,763.510009765625,775.3599853515625,762.8200073242188,770.0700073242188,243100
2016-10-17,754.9500122070312,762.0,754.1599731445312,760.7100219726562,465300
2016-10-18,753.7999877929688,759.0,753.3200073242188,759.0,242600
2016-10-19,750.4400024414062,752.9099731445312,734.3200073242188,749.0,389800
2016-10-20,746.27001953125,752.6500244140625,744.1699829101562,752.6500244140625,243200
2016-10-21,746.97998046875,750.3499755859375,742.0,744.72998046875,415300
2016-10-24,752.9400024414062,753.8099975585938,747.8400268554688,747.8400268554688,179300
2016-10-25,750.3900146484375,751.969970703125,745.9400024414062,749.260009765625,250200
2016-10-26,751.5599975585938,753.219970703125,747.219970703125,750.25,183600
2016-10-27,726.3699951171875,752.8400268554688,725.5,752.2000122070312,401700
2016-10-28,735.3699951171875,737.75,725.0,727.260009765625,381100
2016-10-31,742.1599731445312,742.510009765625,732.280029296875,736.8599853515625,285800
2016-11-01,734.4500122070312,743.5599975585938,731.5999755859375,742.6099853515625,196700
2016-11-02,738.030029296875,742.75,730.0999755859375,730.4299926757812,160200
2016-11-03,738.8699951171875,745.010009765625,737.5900268554688,740.6199951171875,241300
2016-11-04,731.6500244140625,744.0900268554688,729.0,742.2999877929688,349300
2016-11-07,732.8699951171875,739.5499877929688,730.77001953125,735.8099975585938,360100
2016-11-08,731.8800048828125,736.9400024414062,729.0599975585938,733.1500244140625,289700
2016-11-09,740.8499755859375,742.989990234375,720.4500122070312,721.4099731445312,287600
2016-11-10,746.280029296875,753.6599731445312,740.8499755859375,743.0,361200
2016-11-11,750.3499755859375,752.0,742.1599731445312,744.489990234375,196400
2016-11-14,729.3599853515625,752.989990234375,727.3699951171875,751.0,513900
2016-11-15,744.7999877929688,758.8900146484375,739.5700073242188,743.0,483500
2016-11-16,751.9500122070312,754.25,741.5,745.8099975585938,310600
2016-11-17,773.1199951171875,775.3499755859375,750.1099853515625,750.1099853515625,326300
2016-11-18,755.239990234375,773.25,752.8200073242188,772.1900024414062,270500
2016-11-21,777.9000244140625,779.530029296875,752.8499755859375,753.8400268554688,318800
2016-11-22,793.7899780273438,795.489990234375,777.9299926757812,780.030029296875,424000
2016-11-23,798.0499877929688,806.510009765625,792.9199829101562,793.9199829101562,477800
2016-11-25,797.9600219726562,809.780029296875,795.010009765625,796.1500244140625,127800
2016-11-28,793.9000244140625,801.77001953125,790.8300170898438,795.0,276400
2016-11-29,790.239990234375,798.8400268554688,789.1300048828125,793.9000244140625,256500
2016-11-30,783.1799926757812,791.510009765625,779.8900146484375,790.6599731445312,340500
2016-12-01,780.760009765625,789.0399780273438,778.1300048828125,780.6099853515625,299100
2016-12-02,783.739990234375,789.7100219726562,781.010009765625,783.260009765625,242400
2016-12-05,776.4199829101562,787.77001953125,772.3499755859375,786.1400146484375,391700
2016-12-06,779.8099975585938,792.4600219726562,778.1099853515625,787.0,444800
2016-12-07,809.8699951171875,810.0,784.2100219726562,789.9400024414062,501800
2016-12-08,807.7100219726562,813.7000122070312,802.2000122070312,807.52001953125,330000
2016-12-09,803.0999755859375,811.5900268554688,799.0999755859375,810.8099975585938,360400
2016-12-12,802.3699951171875,805.97998046875,796.5700073242188,802.469970703125,227800
2016-12-13,803.0,808.9500122070312,802.0800170898438,802.9000244140625,210100
2016-12-14,788.9600219726562,804.9199829101562,787.5900268554688,800.0,236500
2016-12-15,795.5700073242188,797.0499877929688,786.0499877929688,790.5399780273438,355500
2016-12-16,794.719970703125,805.0900268554688,789.2999877929688,799.8800048828125,458700
2016-12-19,798.6900024414062,805.5599975585938,794.02001953125,794.02001953125,306000
2016-12-20,807.3200073242188,808.0999755859375,798.3699951171875,798.8099975585938,184300
2016-12-21,803.6199951171875,809.52001953125,802.8699951171875,808.510009765625,225700
2016-12-22,799.6099853515625,806.77001953125,790.9600219726562,801.4000244140625,278000
2016-12-23,795.8200073242188,801.9400024414062,792.7999877929688,797.0499877929688,169700
2016-12-27,803.5700073242188,805.780029296875,798.02001953125,799.02001953125,210300
2016-12-28,795.8900146484375,805.0999755859375,794.489990234375,804.219970703125,156600
2016-12-29,798.489990234375,803.9600219726562,795.6300048828125,795.6300048828125,204800
2016-12-30,789.7899780273438,800.5,787.1900024414062,800.3499755859375,246400
2017-01-03,791.4600219726562,802.1500244140625,784.3900146484375,795.5800170898438,248800
2017-01-04,793.0399780273438,795.8800048828125,786.7999877929688,789.9400024414062,187200
2017-01-05,792.0,795.989990234375,785.010009765625,788.719970703125,243200
2017-01-06,792.9099731445312,796.739990234375,788.260009765625,791.0,216500
2017-01-09,790.3400268554688,795.72998046875,788.3900146484375,795.72998046875,127100
2017-01-10,793.6799926757812,797.1599731445312,788.5999755859375,788.719970703125,186400
2017-01-11,792.0,800.0,787.6900024414062,796.1599731445312,170900
2017-01-12,790.27001953125,790.969970703125,781.7000122070312,788.3499755859375,213700
2017-01-13,779.8099975585938,793.2999877929688,779.8099975585938,787.6699829101562,262100
2017-01-17,782.2899780273438,787.2999877929688,780.260009765625,780.260009765625,278700
2017-01-18,778.2999877929688,785.6699829101562,772.5499877929688,785.5399780273438,308000
2017-01-19,769.9000244140625,776.47998046875,767.0,775.0700073242188,255500
2017-01-20,770.02001953125,775.0,764.2100219726562,771.2000122070312,340400
2017-01-23,739.3499755859375,754.0999755859375,730.989990234375,753.5999755859375,700800
2017-01-24,738.4299926757812,746.5,735.4099731445312,742.1400146484375,354700
2017-01-25,735.0,744.280029296875,734.0599975585938,743.4299926757812,391100
2017-01-26,729.8900146484375,739.8200073242188,729.8200073242188,736.1699829101562,361600
2017-01-27,730.0,731.2100219726562,723.4500122070312,729.5499877929688,320700
2017-01-30,724.4099731445312,731.9199829101562,723.3400268554688,728.4500122070312,339600
2017-01-31,724.97998046875,726.5499877929688,718.0700073242188,725.6400146484375,1938800
2017-02-01,714.989990234375,729.5599975585938,713.0900268554688,728.739990234375,394200
2017-02-02,725.4299926757812,726.3800048828125,713.4400024414062,714.239990234375,457200
2017-02-03,724.719970703125,731.5900268554688,722.6599731445312,724.9299926757812,318800
2017-02-06,720.489990234375,728.97998046875,720.0599975585938,723.6400146484375,299900
2017-02-07,721.6599731445312,726.47998046875,716.4199829101562,721.1500244140625,349700
2017-02-08,741.0599975585938,743.1400146484375,717.52001953125,720.5,566500
2017-02-09,745.9400024414062,749.010009765625,739.3499755859375,741.0599975585938,444600
2017-02-10,740.6500244140625,751.6099853515625,738.2000122070312,751.6099853515625,236400
2017-02-13,736.0900268554688,741.0,733.1900024414062,741.0,173900
2017-02-14,735.7899780273438,739.3800048828125,732.0999755859375,735.0,267500
2017-02-15,739.5,741.3599853515625,734.1400146484375,735.0,228400
2017-02-16,737.3599853515625,744.8900146484375,733.7999877929688,743.1900024414062,264800
2017-02-17,741.0499877929688,741.780029296875,734.1400146484375,737.6599731445312,231300
2017-02-21,740.6599731445312,749.989990234375,736.7100219726562,745.0,319700
2017-02-22,735.3300170898438,744.9099731445312,731.02001953125,743.4400024414062,316600
2017-02-23,727.219970703125,734.9600219726562,726.1199951171875,734.0700073242188,347100
2017-02-24,732.75,734.7100219726562,723.3300170898438,727.0,257000
2017-02-27,740.8499755859375,740.8499755859375,730.8699951171875,733.760009765625,536900
2017-02-28,736.5499877929688,752.989990234375,732.2899780273438,732.6400146484375,603200
2017-03-01,738.969970703125,748.9099731445312,736.02001953125,740.010009765625,649200
2017-03-02,733.530029296875,739.8499755859375,730.4400024414062,739.8499755859375,275700
2017-03-03,725.239990234375,734.030029296875,720.2000122070312,731.72998046875,483700
2017-03-06,723.9099731445312,728.0,720.8400268554688,728.0,302600
2017-03-07,712.719970703125,726.2999877929688,711.0,721.8599853515625,495300
2017-03-08,717.6699829101562,719.8200073242188,705.2999877929688,711.1199951171875,417600
2017-03-09,715.9299926757812,721.3200073242188,714.5599975585938,718.0499877929688,334500
2017-03-10,717.030029296875,720.9299926757812,713.97998046875,717.5700073242188,276500
2017-03-13,728.5499877929688,730.530029296875,712.780029296875,716.0,367600
2017-03-14,728.989990234375,731.5,724.4400024414062,728.219970703125,250600
2017-03-15,716.2899780273438,729.3499755859375,711.3300170898438,729.1500244140625,559600
2017-03-16,721.8499755859375,721.9600219726562,713.2999877929688,713.9099731445312,270700
2017-03-17,730.77001953125,732.0900268554688,723.1199951171875,723.1199951171875,474200
2017-03-20,729.7899780273438,735.0,726.7899780273438,730.260009765625,298800
2017-03-21,725.2100219726562,732.4299926757812,723.6699829101562,731.02001953125,317900
2017-03-22,725.3499755859375,731.8900146484375,723.3900146484375,729.739990234375,281900
2017-03-23,725.5,730.2899780273438,719.489990234375,724.1799926757812,260700
2017-03-24,721.1599731445312,727.3300170898438,719.25,725.5599975585938,187100
2017-03-27,714.1599731445312,719.1400146484375,712.3400268554688,716.5,367800
2017-03-28,716.989990234375,717.02001953125,706.280029296875,712.510009765625,386000
2017-03-29,722.4600219726562,724.0,716.6599731445312,717.2100219726562,267900
2017-03-30,719.0800170898438,723.1699829101562,711.219970703125,722.0,334900
2017-03-31,723.0499877929688,727.0,716.9500122070312,718.280029296875,300800
2017-04-03,700.6900024414062,721.469970703125,695.1599731445312,720.5,796600
2017-04-04,696.6699829101562,705.6599731445312,692.9000244140625,700.0,499800
2017-04-05,703.030029296875,709.4600219726562,697.2999877929688,699.0,408800
2017-04-06,702.2899780273438,707.1599731445312,700.0,705.22998046875,235200
2017-04-07,700.4400024414062,706.4099731445312,699.6500244140625,702.5900268554688,265400
2017-04-10,703.6400146484375,707.4500122070312,700.52001953125,700.52001953125,260200
2017-04-11,700.5900268554688,702.72998046875,698.010009765625,702.72998046875,193600
2017-04-12,693.3400268554688,700.5700073242188,692.3400268554688,696.1599731445312,265000
2017-04-13,688.4600219726562,697.9199829101562,688.4600219726562,693.6799926757812,198200
2017-04-17,687.6099853515625,692.9400024414062,686.5499877929688,692.3300170898438,218000
2017-04-18,689.0700073242188,691.5800170898438,684.47998046875,685.3499755859375,261900
2017-04-19,697.5700073242188,711.3499755859375,693.3300170898438,693.3300170898438,457500
2017-04-20,706.2999877929688,708.2999877929688,697.3900146484375,699.6400146484375,296800
2017-04-21,707.7899780273438,713.3499755859375,705.8900146484375,706.0800170898438,343800
2017-04-24,722.4500122070312,722.6900024414062,711.1699829101562,713.22998046875,367100
2017-04-25,712.0599975585938,724.9000244140625,711.25,723.989990234375,353300
2017-04-26,715.1199951171875,719.7999877929688,709.8499755859375,713.8200073242188,443400
2017-04-27,703.9000244140625,727.1500244140625,692.5,713.8699951171875,635900
2017-04-28,692.1900024414062,703.25,688.02001953125,700.510009765625,527300
2017-05-01,682.989990234375,697.8300170898438,680.0,696.4000244140625,362400
2017-05-02,688.9400024414062,689.760009765625,680.1400146484375,683.27001953125,362900
2017-05-03,697.1799926757812,698.3900146484375,685.4500122070312,689.3200073242188,324400
2017-05-04,704.5800170898438,706.5700073242188,696.4000244140625,696.4000244140625,294100
2017-05-05,705.3099975585938,707.5,700.6099853515625,705.4199829101562,281300
2017-05-08,709.97998046875,711.0,703.27001953125,703.27001953125,202400
2017-05-09,707.0499877929688,711.7000122070312,702.4199829101562,711.7000122070312,262500
2017-05-10,698.030029296875,703.5599975585938,693.280029296875,703.5599975585938,378500
2017-05-11,693.8499755859375,696.6900024414062,683.260009765625,691.0,331600
2017-05-12,680.719970703125,691.9199829101562,680.0599975585938,689.97998046875,304400
2017-05-15,681.010009765625,693.27001953125,679.25,681.1599731445312,464500
2017-05-16,669.8300170898438,680.0399780273438,668.2899780273438,680.0399780273438,462600
2017-05-17,664.0499877929688,672.3699951171875,658.3900146484375,669.8300170898438,545700
2017-05-18,673.7899780273438,677.2899780273438,664.3200073242188,665.0700073242188,334800
2017-05-19,673.6500244140625,677.469970703125,667.52001953125,675.3200073242188,542000
2017-05-22,659.489990234375,672.5499877929688,657.989990234375,671.0,594300
2017-05-23,581.4000244140625,612.989990234375,579.6099853515625,607.010009765625,2949700
2017-05-24,590.989990234375,598.75,573.7999877929688,581.1799926757812,1580100
2017-05-25,607.3400268554688,609.8499755859375,593.8900146484375,594.969970703125,846300
2017-05-26,615.6199951171875,618.0,605.0,605.0,785100
2017-05-30,612.97998046875,623.969970703125,611.52001953125,621.7999877929688,595400
2017-05-31,605.9199829101562,616.4199829101562,601.5,613.8300170898438,884500
2017-06-01,623.97998046875,625.5599975585938,603.1099853515625,606.1099853515625,639100
2017-06-02,621.7000122070312,623.75,613.1199951171875,622.9000244140625,495800
2017-06-05,617.0700073242188,622.77001953125,612.469970703125,619.1799926757812,536300
2017-06-06,603.8800048828125,617.0900268554688,603.0,617.0900268554688,464000
2017-06-07,606.77001953125,612.9299926757812,604.0499877929688,604.8900146484375,451400
2017-06-08,598.9600219726562,610.0,596.72998046875,606.77001953125,477300
2017-06-09,606.3599853515625,607.6699829101562,594.5900268554688,598.9099731445312,537900
2017-06-12,612.02001953125,621.1900024414062,606.52001953125,606.52001953125,517300
2017-06-13,612.0800170898438,617.75,607.010009765625,613.2999877929688,324900
2017-06-14,608.3800048828125,613.4199829101562,605.1799926757812,610.260009765625,346900
2017-06-15,613.010009765625,616.760009765625,603.1799926757812,603.9500122070312,455000
2017-06-16,593.8099975585938,610.4500122070312,590.469970703125,609.72998046875,639000
2017-06-19,596.8599853515625,598.6099853515625,587.47998046875,597.530029296875,419300
2017-06-20,585.2000122070312,591.9400024414062,580.02001953125,590.8900146484375,561300
2017-06-21,574.010009765625,587.1900024414062,568.0700073242188,585.5,711100
2017-06-22,579.6300048828125,582.1300048828125,566.6300048828125,572.5499877929688,702700
2017-06-23,574.97998046875,581.6199951171875,567.9000244140625,579.5,632600
2017-06-26,579.6099853515625,585.52001953125,574.0800170898438,575.9400024414062,295800
2017-06-27,578.77001953125,588.739990234375,576.0,577.5399780273438,282000
2017-06-28,569.02001953125,580.030029296875,568.8499755859375,576.1199951171875,514200
2017-06-29,559.6699829101562,572.0,557.77001953125,571.4400024414062,662700
2017-06-30,570.4600219726562,571.7100219726562,560.22998046875,562.530029296875,464900
2017-07-03,571.7100219726562,575.6799926757812,568.0599975585938,570.8499755859375,227600
2017-07-05,516.8300170898438,543.3900146484375,514.469970703125,530.2999877929688,1858100
2017-07-06,507.4800109863281,524.3699951171875,503.0,514.010009765625,900800
2017-07-07,501.3900146484375,504.8900146484375,498.5,503.0,705200
2017-07-10,507.5400085449219,512.760009765625,501.3399963378906,503.0,722500
2017-07-11,499.57000732421875,509.3999938964844,499.57000732421875,508.0,671400
2017-07-12,493.1499938964844,506.5899963378906,492.0199890136719,501.9700012207031,693400
2017-07-13,506.80999755859375,510.739990234375,492.0299987792969,492.9599914550781,615800
2017-07-14,506.30999755859375,510.9700012207031,498.1400146484375,507.5299987792969,545800
2017-07-17,503.6600036621094,512.52001953125,501.4800109863281,502.8900146484375,437400
2017-07-18,495.69000244140625,504.739990234375,494.5799865722656,504.010009765625,595100
2017-07-19,493.44000244140625,500.3699951171875,491.8999938964844,497.0799865722656,447400
2017-07-20,502.55999755859375,506.5899963378906,491.1300048828125,495.5,489300
2017-07-21,511.4599914550781,512.9000244140625,497.8399963378906,499.20001220703125,651300
2017-07-24,498.25,514.0399780273438,498.239990234375,509.4599914550781,448100
2017-07-25,511.010009765625,511.3299865722656,498.5299987792969,501.4700012207031,341700
2017-07-26,515.969970703125,517.22998046875,505.7699890136719,511.3399963378906,396900
2017-07-27,529.010009765625,530.9199829101562,517.9199829101562,520.02001953125,708300
2017-07-28,526.9199829101562,531.989990234375,522.3300170898438,529.4000244140625,680100
2017-07-31,539.8200073242188,541.739990234375,523.0800170898438,528.0499877929688,623700
2017-08-01,547.8599853515625,548.8900146484375,538.4600219726562,542.6199951171875,472600
2017-08-02,542.8900146484375,552.3800048828125,542.5,545.5700073242188,581700
2017-08-03,529.2899780273438,543.719970703125,528.5399780273438,540.5499877929688,389400
2017-08-04,536.8200073242188,537.8099975585938,530.0,530.0,259600
2017-08-07,541.6599731445312,544.2000122070312,532.6500244140625,537.7899780273438,315100
2017-08-08,530.969970703125,547.7100219726562,530.3499755859375,547.5800170898438,302500
2017-08-09,533.1599731445312,533.469970703125,522.8400268554688,526.72998046875,409500
2017-08-10,525.52001953125,533.4500122070312,525.260009765625,530.8300170898438,301800
2017-08-11,533.9400024414062,535.5700073242188,525.0,525.0,373100
2017-08-14,525.3200073242188,537.5399780273438,523.0399780273438,537.5399780273438,469600
2017-08-15,516.1300048828125,519.0,497.2900085449219,501.5400085449219,819100
2017-08-16,524.5900268554688,528.239990234375,517.3300170898438,520.0,542200
2017-08-17,515.5599975585938,529.9099731445312,511.2699890136719,524.9600219726562,478100
2017-08-18,510.19000244140625,513.2000122070312,499.1000061035156,513.2000122070312,870400
2017-08-21,517.510009765625,519.3900146484375,504.9599914550781,510.6300048828125,361900
2017-08-22,519.1300048828125,521.5900268554688,514.72998046875,519.1400146484375,262300
2017-08-23,513.3400268554688,521.27001953125,508.0400085449219,517.5700073242188,291800
2017-08-24,511.6300048828125,518.7899780273438,511.010009765625,513.6699829101562,416700
2017-08-25,528.9500122070312,536.8300170898438,515.239990234375,515.6199951171875,630300
2017-08-28,525.4000244140625,530.0,521.4500122070312,529.75,279700
2017-08-29,522.3800048828125,525.989990234375,519.4099731445312,520.6799926757812,265300
2017-08-30,529.530029296875,533.75,520.47998046875,522.489990234375,293200
2017-08-31,528.4400024414062,534.5999755859375,527.8599853515625,529.6599731445312,376300
2017-09-01,538.77001953125,540.510009765625,531.2000122070312,531.2000122070312,338800
2017-09-05,540.0,549.4600219726562,537.7100219726562,541.3599853515625,502100
2017-09-06,540.6500244140625,544.97998046875,537.510009765625,543.5700073242188,350700
2017-09-07,541.1599731445312,543.27001953125,535.0999755859375,540.5,287000
2017-09-08,540.510009765625,544.4299926757812,537.3599853515625,541.22998046875,331400
2017-09-11,540.3200073242188,543.9299926757812,535.9600219726562,542.489990234375,257600
2017-09-12,551.5499877929688,557.2000122070312,536.7100219726562,538.469970703125,432300
2017-09-13,569.3400268554688,571.1500244140625,551.25,551.25,802900
2017-09-14,563.5599975585938,570.3300170898438,562.969970703125,570.0,637300
2017-09-15,569.8900146484375,575.4600219726562,564.3499755859375,564.97998046875,693600
2017-09-18,563.4000244140625,574.969970703125,563.4000244140625,571.4600219726562,897500
2017-09-19,535.1900024414062,583.8900146484375,533.4000244140625,567.0,2031400
2017-09-20,543.5800170898438,550.8499755859375,533.0,533.77001953125,673200
2017-09-21,553.489990234375,555.0,541.0,542.4000244140625,659200
2017-09-22,574.030029296875,575.3900146484375,553.489990234375,553.489990234375,729300
2017-09-25,583.47998046875,588.97998046875,574.0399780273438,574.6900024414062,680300
2017-09-26,587.1300048828125,588.5800170898438,578.6300048828125,585.8699951171875,409000
2017-09-27,588.280029296875,590.25,582.4000244140625,588.8699951171875,304800
2017-09-28,587.2899780273438,589.97998046875,578.3599853515625,583.0499877929688,503800
2017-09-29,595.1099853515625,596.02001953125,585.1099853515625,588.77001953125,456800
2017-10-02,597.6199951171875,599.5399780273438,590.3599853515625,595.6500244140625,319100
2017-10-03,599.5499877929688,601.2899780273438,592.7999877929688,599.530029296875,317800
2017-10-04,595.239990234375,601.1500244140625,589.3300170898438,599.9500122070312,337400
2017-10-05,599.8300170898438,601.0499877929688,591.02001953125,591.1599731445312,296400
2017-10-06,601.489990234375,603.739990234375,597.8400268554688,599.8200073242188,250000
2017-10-09,592.0399780273438,601.9600219726562,591.489990234375,601.0399780273438,198300
2017-10-10,587.5700073242188,595.9400024414062,586.4199829101562,592.010009765625,339400
2017-10-11,588.5599975585938,590.0,579.3599853515625,587.5499877929688,356500
2017-10-12,589.75,593.3599853515625,581.4600219726562,587.6900024414062,233200
2017-10-13,599.1599731445312,600.2899780273438,587.0,590.0900268554688,294500
2017-10-16,598.5499877929688,603.739990234375,594.1799926757812,599.2999877929688,271400
2017-10-17,607.8699951171875,609.6199951171875,598.6500244140625,600.0,388700
2017-10-18,606.3099975585938,610.780029296875,603.8699951171875,608.7999877929688,308600
2017-10-19,595.27001953125,603.2899780273438,588.739990234375,602.0,578800
2017-10-20,590.0599975585938,598.3099975585938,588.739990234375,597.6799926757812,372100
2017-10-23,589.0,594.2899780273438,586.780029296875,592.4600219726562,283200
2017-10-24,585.8300170898438,590.9299926757812,576.9199829101562,587.969970703125,422100
2017-10-25,587.4000244140625,587.8800048828125,578.0,586.0499877929688,280100
2017-10-26,590.8900146484375,596.6500244140625,560.8200073242188,575.7999877929688,1417300
2017-10-27,583.1699829101562,592.9000244140625,577.9099731445312,589.3699951171875,490700
2017-10-30,590.1500244140625,591.5399780273438,581.219970703125,583.27001953125,380100
2017-10-31,589.5,593.4299926757812,587.7000122070312,591.25,189000
2017-11-01,584.8800048828125,594.8300170898438,579.5999755859375,592.9400024414062,357000
2017-11-02,602.7000122070312,603.4099731445312,576.1300048828125,583.52001953125,420400
2017-11-03,606.4099731445312,611.4299926757812,597.739990234375,601.1199951171875,372700
2017-11-06,607.0,613.0,602.0599975585938,605.9099731445312,285200
2017-11-07,603.5599975585938,609.8800048828125,598.8400268554688,606.2000122070312,215500
2017-11-08,596.030029296875,609.4000244140625,595.4400024414062,603.3200073242188,292200
2017-11-09,605.969970703125,606.77001953125,591.510009765625,595.9199829101562,437100
2017-11-10,598.0599975585938,607.7899780273438,594.780029296875,604.219970703125,447800
2017-11-13,595.260009765625,600.5599975585938,588.5599975585938,598.1799926757812,360000
2017-11-14,607.6300048828125,633.239990234375,602.1500244140625,602.1500244140625,692400
2017-11-15,609.1400146484375,611.5,601.3300170898438,601.3300170898438,356300
2017-11-16,618.5900268554688,619.75,606.5700073242188,609.239990234375,285400
2017-11-17,629.4299926757812,630.8300170898438,618.1099853515625,622.280029296875,384200
2017-11-20,634.6500244140625,637.3900146484375,624.9400024414062,628.780029296875,490300
2017-11-21,632.4000244140625,633.47998046875,625.47998046875,633.47998046875,505400
2017-11-22,638.239990234375,642.0800170898438,633.0,633.0,421600
2017-11-24,632.97998046875,641.9199829101562,629.6900024414062,641.9199829101562,123900
2017-11-27,637.9500122070312,644.8300170898438,633.510009765625,634.0499877929688,349900
2017-11-28,664.219970703125,665.9099731445312,636.9500122070312,641.22998046875,754700
2017-11-29,688.9199829101562,703.4000244140625,665.8499755859375,666.239990234375,1076300
2017-11-30,686.760009765625,703.510009765625,685.1400146484375,688.9199829101562,551800
2017-12-01,678.4000244140625,691.2000122070312,672.0,690.0,383300
2017-12-04,709.77001953125,712.469970703125,685.2100219726562,687.3699951171875,852500
2017-12-05,712.760009765625,763.2999877929688,703.5999755859375,747.0,1225500
2017-12-06,698.6500244140625,711.760009765625,696.9400024414062,705.6300048828125,492900
2017-12-07,702.3400268554688,704.0900268554688,693.75,701.4600219726562,417300
2017-12-08,721.8900146484375,723.4299926757812,701.2899780273438,702.7899780273438,546900
2017-12-11,708.6099853515625,720.7999877929688,705.780029296875,719.5900268554688,501900
2017-12-12,711.0499877929688,717.6699829101562,706.7000122070312,710.8599853515625,447000
2017-12-13,708.2100219726562,716.3400268554688,703.1400146484375,715.3499755859375,303200
2017-12-14,701.22998046875,709.3200073242188,694.739990234375,709.3200073242188,522100
2017-12-15,697.0599975585938,709.0499877929688,696.6400146484375,702.239990234375,591500
2017-12-18,704.4000244140625,708.4500122070312,696.1400146484375,703.9099731445312,428200
2017-12-19,701.010009765625,708.7000122070312,697.4299926757812,703.47998046875,584200
2017-12-20,700.9000244140625,708.8699951171875,694.5999755859375,706.6900024414062,674800
2017-12-21,705.9099731445312,708.0,699.6400146484375,701.0,401300
2017-12-22,710.0900268554688,713.5800170898438,699.010009765625,704.8300170898438,283100
2017-12-26,714.47998046875,717.5700073242188,710.9500122070312,710.9500122070312,180200
2017-12-27,707.0,715.5700073242188,706.0,714.1900024414062,275100
2017-12-28,718.3800048828125,719.0599975585938,709.1199951171875,709.5,277900
2017-12-29,711.3699951171875,719.6900024414062,709.3300170898438,718.3800048828125,289000
2018-01-02,736.5399780273438,746.5399780273438,714.4500122070312,716.5399780273438,558700
2018-01-03,749.4299926757812,760.0,736.760009765625,740.1300048828125,597400
2018-01-04,761.260009765625,769.1799926757812,751.219970703125,759.8900146484375,641000
2018-01-05,775.5,780.5399780273438,764.719970703125,767.3800048828125,483000
2018-01-08,766.47998046875,782.4299926757812,761.780029296875,775.1599731445312,430900
2018-01-09,770.9500122070312,772.9199829101562,761.489990234375,767.9199829101562,385800
2018-01-10,767.780029296875,772.6199951171875,763.1900024414062,768.1900024414062,372500
2018-01-11,773.3099975585938,774.719970703125,757.77001953125,769.8099975585938,591000
2018-01-12,787.9299926757812,789.780029296875,769.3200073242188,773.4500122070312,456300
2018-01-16,781.02001953125,791.6400146484375,774.27001953125,789.0399780273438,345100
2018-01-17,788.0599975585938,791.2000122070312,776.5399780273438,781.0800170898438,293600
2018-01-18,784.7899780273438,790.0,778.27001953125,790.0,297600
2018-01-19,793.7999877929688,797.8900146484375,785.4600219726562,789.1199951171875,306100
2018-01-22,788.7000122070312,792.5399780273438,772.989990234375,792.5399780273438,532900
2018-01-23,786.3699951171875,789.5700073242188,775.0,789.5700073242188,323800
2018-01-24,793.3599853515625,794.97998046875,780.0,787.8400268554688,264300
2018-01-25,786.2999877929688,792.739990234375,781.489990234375,792.739990234375,367200
2018-01-26,796.9500122070312,796.9500122070312,785.0900268554688,787.0,248800
2018-01-29,786.7100219726562,796.72998046875,784.52001953125,792.4299926757812,214900
2018-01-30,776.6699829101562,785.5700073242188,771.5499877929688,782.0499877929688,326000
2018-01-31,765.4400024414062,786.8699951171875,761.530029296875,777.6799926757812,407900
2018-02-01,764.3800048828125,770.8900146484375,756.4099731445312,761.3200073242188,321600
2018-02-02,750.5800170898438,771.1300048828125,748.7100219726562,763.3699951171875,338600
2018-02-05,731.5900268554688,763.77001953125,730.47998046875,747.0,551100
2018-02-06,745.0700073242188,753.97998046875,710.0499877929688,720.0999755859375,513300
2018-02-07,728.3300170898438,753.72998046875,726.4000244140625,742.1400146484375,412200
2018-02-08,718.5700073242188,752.25,718.5700073242188,732.72998046875,666300
2018-02-09,723.5,729.47998046875,680.22998046875,723.8499755859375,895000
2018-02-12,730.2000122070312,739.6799926757812,718.9199829101562,725.5499877929688,450300
2018-02-13,711.8800048828125,728.3599853515625,707.1400146484375,728.3599853515625,372900
2018-02-14,720.8400268554688,729.469970703125,704.6400146484375,708.219970703125,352300
2018-02-15,724.5999755859375,728.6400146484375,714.6199951171875,726.72998046875,375000
2018-02-16,714.0499877929688,728.6699829101562,707.719970703125,725.77001953125,359900
2018-02-20,713.22998046875,728.7100219726562,707.9000244140625,710.0,309300
2018-02-21,719.489990234375,750.4500122070312,717.52001953125,731.5999755859375,487900
2018-02-22,716.8800048828125,728.3599853515625,713.5800170898438,721.4600219726562,246700
2018-02-23,725.0,726.0499877929688,720.2000122070312,720.9500122070312,258500
2018-02-26,735.9000244140625,735.9000244140625,717.3599853515625,730.0,509800
2018-02-27,654.469970703125,710.5900268554688,646.0,708.5499877929688,1871700
2018-02-28,664.719970703125,687.9099731445312,650.5999755859375,658.4000244140625,1085700
2018-03-01,662.0,669.0,650.0599975585938,664.8200073242188,617700
2018-03-02,662.8599853515625,666.6099853515625,645.1400146484375,654.3400268554688,619000
2018-03-05,655.75,662.8499755859375,650.1400146484375,657.719970703125,444200
2018-03-06,664.719970703125,664.9199829101562,651.0999755859375,656.5,443100
2018-03-07,656.77001953125,662.9600219726562,651.8599853515625,656.719970703125,338600
2018-03-08,654.5999755859375,658.8400268554688,649.8200073242188,657.3200073242188,301400
2018-03-09,659.4000244140625,662.489990234375,649.3499755859375,656.0,388700
2018-03-12,653.260009765625,660.0999755859375,645.0,660.0999755859375,550100
2018-03-13,650.0900268554688,658.0800170898438,648.1699829101562,653.8499755859375,375400
2018-03-14,649.2999877929688,654.1699829101562,645.7999877929688,651.1699829101562,462000
2018-03-15,648.9299926757812,652.5499877929688,646.8699951171875,652.5499877929688,355900
2018-03-16,648.489990234375,654.280029296875,647.4000244140625,649.4500122070312,428500
2018-03-19,651.47998046875,653.8300170898438,643.219970703125,647.9099731445312,593600
2018-03-20,649.010009765625,653.22998046875,648.4000244140625,652.0,361400
2018-03-21,648.1199951171875,661.2000122070312,647.0,653.3300170898438,389800
2018-03-22,643.3699951171875,654.1300048828125,642.6500244140625,646.3200073242188,519900
2018-03-23,637.02001953125,649.3200073242188,635.4099731445312,646.010009765625,389800
2018-03-26,638.4600219726562,647.52001953125,633.4400024414062,645.469970703125,415100
2018-03-27,634.52001953125,642.3300170898438,631.02001953125,642.0,461600
2018-03-28,637.25,655.0700073242188,632.1900024414062,636.0,339300
2018-03-29,648.6900024414062,649.9099731445312,641.6199951171875,642.0399780273438,317500
2018-04-02,613.1500244140625,646.1500244140625,606.5499877929688,642.0599975585938,541600
2018-04-03,619.22998046875,624.3499755859375,613.2000122070312,618.8800048828125,288300
2018-04-04,628.6500244140625,629.2899780273438,611.6900024414062,611.6900024414062,298400
2018-04-05,637.3800048828125,645.3599853515625,631.1599731445312,643.3699951171875,253400
2018-04-06,620.3599853515625,635.9099731445312,613.4500122070312,633.5,361200
2018-04-09,615.0999755859375,628.1199951171875,613.3099975585938,624.9199829101562,352600
2018-04-10,616.6799926757812,623.239990234375,616.030029296875,623.239990234375,342200
2018-04-11,615.9600219726562,621.0399780273438,612.25,613.989990234375,189700
2018-04-12,616.510009765625,621.5399780273438,612.510009765625,618.2999877929688,237500
2018-04-13,606.8300170898438,619.4199829101562,603.97998046875,617.969970703125,321800
2018-04-16,604.3599853515625,613.5499877929688,602.77001953125,609.9500122070312,280900
2018-04-17,605.3599853515625,608.7899780273438,600.27001953125,608.7899780273438,295900
2018-04-18,608.530029296875,615.1500244140625,605.280029296875,607.5,313500
2018-04-19,603.8200073242188,609.3099975585938,596.97998046875,607.5,303000
2018-04-20,595.8400268554688,605.780029296875,590.760009765625,605.780029296875,557000
2018-04-23,599.469970703125,602.3499755859375,595.2899780273438,596.0399780273438,247600
2018-04-24,602.719970703125,613.72998046875,599.1500244140625,604.3599853515625,282800
2018-04-25,610.5700073242188,612.8599853515625,601.02001953125,601.02001953125,419600
2018-04-26,619.2899780273438,650.9500122070312,613.4199829101562,641.0,703400
2018-04-27,628.6699829101562,630.2999877929688,610.97998046875,619.0499877929688,279500
2018-04-30,624.52001953125,632.9000244140625,623.5499877929688,629.72998046875,264200
2018-05-01,632.1599731445312,633.0499877929688,616.1500244140625,623.5800170898438,346700
2018-05-02,630.1799926757812,637.6799926757812,624.6500244140625,630.0999755859375,259100
2018-05-03,636.8499755859375,641.6799926757812,626.47998046875,631.6799926757812,307100
2018-05-04,649.9400024414062,658.52001953125,635.2100219726562,635.2100219726562,454700
2018-05-07,648.8499755859375,658.0,645.1300048828125,656.010009765625,306000
2018-05-08,655.1699829101562,658.9000244140625,644.219970703125,647.4199829101562,251400
2018-05-09,658.3300170898438,660.0,637.1599731445312,655.989990234375,365100
2018-05-10,658.52001953125,663.22998046875,653.5800170898438,660.4600219726562,208800
2018-05-11,660.8599853515625,664.6400146484375,656.0,658.8099975585938,267300
2018-05-14,666.02001953125,669.510009765625,660.219970703125,660.219970703125,267700
2018-05-15,654.1599731445312,666.97998046875,651.010009765625,661.2100219726562,337100
2018-05-16,647.9299926757812,664.8499755859375,646.4400024414062,655.9000244140625,328400
2018-05-17,646.2999877929688,650.8900146484375,643.4099731445312,647.6300048828125,329400
2018-05-18,652.6400146484375,653.510009765625,642.9099731445312,647.0599975585938,384500
2018-05-21,665.0900268554688,666.6400146484375,652.1099853515625,655.0,481700
2018-05-22,602.0,710.0,601.530029296875,700.0,1889800
2018-05-23,622.0900268554688,622.4500122070312,597.0,597.1799926757812,914000
2018-05-24,636.989990234375,638.5999755859375,615.1300048828125,621.0700073242188,513400
2018-05-25,633.7000122070312,639.5,630.0800170898438,634.0700073242188,397200
2018-05-29,629.3200073242188,632.6599731445312,622.4299926757812,627.0,406400
2018-05-30,653.780029296875,655.52001953125,628.2899780273438,632.3900146484375,433600
2018-05-31,649.3200073242188,654.9000244140625,646.0700073242188,654.9000244140625,357300
2018-06-01,653.1199951171875,661.22998046875,648.280029296875,654.219970703125,344400
2018-06-04,660.4500122070312,661.0,653.1900024414062,653.5,231000
2018-06-05,654.1400146484375,661.1400146484375,653.1300048828125,659.5399780273438,230600
2018-06-06,656.1400146484375,659.1699829101562,652.5800170898438,657.5900268554688,300800
2018-06-07,664.8099975585938,669.1400146484375,657.2999877929688,657.2999877929688,305900
2018-06-08,674.3900146484375,674.8200073242188,661.989990234375,663.2999877929688,307600
2018-06-11,690.010009765625,695.22998046875,674.75,677.9400024414062,460300
2018-06-12,687.5399780273438,694.97998046875,684.469970703125,692.760009765625,226900
2018-06-13,682.8300170898438,688.969970703125,681.5399780273438,686.9500122070312,212600
2018-06-14,682.989990234375,693.9199829101562,682.530029296875,684.5900268554688,295000
2018-06-15,693.3699951171875,695.0599975585938,680.969970703125,681.25,436800
2018-06-18,686.969970703125,693.4299926757812,684.4600219726562,687.5399780273438,687600
2018-06-19,686.489990234375,688.6799926757812,680.1799926757812,685.4000244140625,386900
2018-06-20,690.0599975585938,698.4000244140625,687.5,696.4000244140625,252200
2018-06-21,688.5,693.8800048828125,684.75,689.6199951171875,272800
2018-06-22,685.97998046875,695.9099731445312,682.8400268554688,694.0,267200
2018-06-25,678.4600219726562,689.4000244140625,668.7100219726562,679.9199829101562,317800
2018-06-26,675.3499755859375,681.5800170898438,669.52001953125,678.6400146484375,267200
2018-06-27,669.219970703125,682.5,667.510009765625,681.0,233400
2018-06-28,678.4400024414062,687.3900146484375,663.7000122070312,669.8200073242188,250800
2018-06-29,670.9299926757812,681.0,670.4400024414062,678.8800048828125,230900
2018-07-02,667.8099975585938,669.5800170898438,662.1699829101562,664.9600219726562,317000
2018-07-03,673.510009765625,684.5800170898438,670.8400268554688,671.2899780273438,143400
2018-07-05,675.9400024414062,676.5599975585938,665.4500122070312,674.0399780273438,144100
2018-07-06,681.8599853515625,683.7999877929688,673.8400268554688,677.1099853515625,145700
2018-07-09,690.6199951171875,692.280029296875,681.989990234375,683.1199951171875,218000
2018-07-10,692.6799926757812,693.52001953125,685.4099731445312,690.3400268554688,176900
2018-07-11,681.4600219726562,685.5,676.469970703125,685.5,278600
2018-07-12,686.97998046875,687.6599731445312,678.6599731445312,686.02001953125,169300
2018-07-13,686.969970703125,694.3699951171875,685.8200073242188,685.8200073242188,208800
2018-07-16,692.780029296875,694.1199951171875,680.4000244140625,686.9000244140625,178900
2018-07-17,699.9400024414062,702.780029296875,690.0599975585938,690.8400268554688,194700
2018-07-18,694.0,699.9500122070312,689.9400024414062,699.9500122070312,203300
2018-07-19,716.1699829101562,720.52001953125,694.6400146484375,694.6400146484375,331200
2018-07-20,714.3499755859375,717.489990234375,710.469970703125,713.72998046875,326200
2018-07-23,714.780029296875,720.8900146484375,713.3699951171875,713.3699951171875,219100
2018-07-24,705.2899780273438,718.7999877929688,702.1199951171875,717.9000244140625,213000
2018-07-25,705.719970703125,707.030029296875,698.260009765625,705.02001953125,272500
2018-07-26,711.1400146484375,724.5399780273438,703.4500122070312,709.0900268554688,231300
2018-07-27,699.780029296875,712.7999877929688,693.1500244140625,712.7999877929688,249300
2018-07-30,698.4600219726562,702.0,692.2100219726562,696.8200073242188,190500
2018-07-31,705.530029296875,707.030029296875,694.3099975585938,699.1400146484375,183600
2018-08-01,701.2999877929688,711.6599731445312,699.469970703125,708.239990234375,250200
2018-08-02,719.0800170898438,719.3499755859375,698.3300170898438,700.9099731445312,198700
2018-08-03,721.3800048828125,723.2000122070312,713.4400024414062,718.25,225400
2018-08-06,725.3800048828125,728.1500244140625,715.6199951171875,719.5700073242188,225800
2018-08-07,729.9099731445312,731.280029296875,722.8300170898438,728.47998046875,172700
2018-08-08,732.7899780273438,738.0999755859375,728.4199829101562,731.5900268554688,171200
2018-08-09,736.2899780273438,739.489990234375,726.47998046875,733.5900268554688,176300
2018-08-10,738.9600219726562,741.0999755859375,722.0,734.8499755859375,253000
2018-08-13,729.4099731445312,741.75,728.4299926757812,739.5,199300
2018-08-14,754.8699951171875,767.9600219726562,740.02001953125,740.02001953125,380000
2018-08-15,752.010009765625,762.2899780273438,746.6199951171875,756.0,309800
2018-08-16,762.739990234375,767.8200073242188,748.530029296875,757.2999877929688,303600
2018-08-17,765.3400268554688,767.6900024414062,761.8800048828125,764.7000122070312,141400
2018-08-20,766.8599853515625,775.4500122070312,759.4500122070312,768.010009765625,172400
2018-08-21,767.0,771.260009765625,760.989990234375,768.52001953125,148400
2018-08-22,758.760009765625,770.0800170898438,756.6500244140625,765.4600219726562,189500
2018-08-23,771.3699951171875,772.8400268554688,761.5399780273438,761.6400146484375,264700
2018-08-24,770.52001953125,771.9000244140625,765.0,770.9400024414062,107000
2018-08-27,767.9400024414062,773.0800170898438,765.489990234375,773.0800170898438,190100
2018-08-28,766.1199951171875,769.010009765625,759.7000122070312,769.0,230100
2018-08-29,769.6400146484375,773.02001953125,759.6300048828125,765.530029296875,217600
2018-08-30,760.8900146484375,768.1699829101562,759.739990234375,765.3499755859375,185600
2018-08-31,766.8800048828125,769.1699829101562,757.510009765625,757.510009765625,199000
2018-09-04,783.0,783.0499877929688,763.469970703125,766.1500244140625,248700
2018-09-05,772.4299926757812,784.0,768.4199829101562,781.510009765625,219100
2018-09-06,771.6599731445312,778.5499877929688,765.0599975585938,773.8099975585938,209100
2018-09-07,772.530029296875,782.989990234375,765.27001953125,773.9500122070312,271600
2018-09-10,764.97998046875,777.4000244140625,760.02001953125,777.280029296875,296900
2018-09-11,764.3200073242188,771.02001953125,759.1199951171875,762.3300170898438,264800
2018-09-12,764.02001953125,768.27001953125,757.219970703125,761.8900146484375,304400
2018-09-13,765.2999877929688,765.5700073242188,753.5900268554688,765.1900024414062,423200
2018-09-14,749.2000122070312,765.2999877929688,746.7899780273438,765.2999877929688,452600
2018-09-17,747.52001953125,762.4299926757812,742.2100219726562,747.7100219726562,464500
2018-09-18,732.760009765625,736.7899780273438,707.9500122070312,710.0,651000
2018-09-19,754.280029296875,754.6699829101562,735.0,739.0,373600
2018-09-20,761.9099731445312,762.9000244140625,747.3800048828125,753.6500244140625,397400
2018-09-21,769.8699951171875,770.0,760.469970703125,764.47998046875,486900
2018-09-24,765.0,772.5399780273438,760.8400268554688,770.6099853515625,289400
2018-09-25,772.7999877929688,775.489990234375,762.3499755859375,766.2000122070312,275900
2018-09-26,778.0,787.0,771.6099853515625,775.260009765625,257100
2018-09-27,779.780029296875,788.2999877929688,772.0,781.8300170898438,368500
2018-09-28,775.7000122070312,786.0,772.5499877929688,779.4099731445312,264200
2018-10-01,770.3499755859375,779.2000122070312,768.8900146484375,776.47998046875,226800
2018-10-02,762.8200073242188,773.0999755859375,756.5999755859375,769.5399780273438,256700
2018-10-03,763.6900024414062,767.0,755.6300048828125,759.9500122070312,263100
2018-10-04,763.9000244140625,765.0499877929688,756.7000122070312,761.1799926757812,230000
2018-10-05,771.2999877929688,772.8900146484375,759.3099975585938,766.0,233400
2018-10-08,788.469970703125,793.739990234375,767.1300048828125,767.8400268554688,319000
2018-10-09,782.5900268554688,794.6799926757812,781.8900146484375,787.5700073242188,267300
2018-10-10,778.1699829101562,792.0,776.75,784.3400268554688,301300
2018-10-11,769.010009765625,792.4299926757812,761.989990234375,775.0,472700
2018-10-12,774.9600219726562,777.9600219726562,764.1900024414062,773.6599731445312,343000
2018-10-15,787.0,792.0999755859375,772.9500122070312,778.260009765625,380000
2018-10-16,773.510009765625,782.9000244140625,750.02001953125,782.9000244140625,448500
2018-10-17,714.7100219726562,771.02001953125,705.010009765625,771.02001953125,943200
2018-10-18,730.030029296875,734.0499877929688,707.2899780273438,719.5900268554688,558400
2018-10-19,725.7999877929688,737.9299926757812,724.280029296875,732.3900146484375,362400
2018-10-22,736.280029296875,740.0,724.4099731445312,726.219970703125,274800
2018-10-23,734.3400268554688,738.6199951171875,716.3599853515625,726.72998046875,327500
2018-10-24,728.219970703125,752.0800170898438,725.969970703125,732.1599731445312,333400
2018-10-25,740.0,753.760009765625,728.75,728.75,507400
2018-10-26,743.5700073242188,747.739990234375,729.7899780273438,734.1300048828125,367200
2018-10-29,747.0499877929688,756.3200073242188,738.4400024414062,752.8099975585938,281700
2018-10-30,747.4000244140625,755.7899780273438,741.6799926757812,748.9600219726562,292600
2018-10-31,733.469970703125,753.3200073242188,732.9400024414062,753.3200073242188,356700
2018-11-01,745.8699951171875,745.8699951171875,731.1699829101562,734.3400268554688,239300
2018-11-02,760.489990234375,760.9000244140625,746.969970703125,747.280029296875,252500
2018-11-05,766.3499755859375,768.5900268554688,757.260009765625,760.4000244140625,181700
2018-11-06,781.02001953125,783.02001953125,771.9099731445312,771.9099731445312,259800
2018-11-07,790.5,792.9000244140625,775.6099853515625,782.5999755859375,186000
2018-11-08,798.9400024414062,802.219970703125,785.1099853515625,791.25,289200
2018-11-09,793.8699951171875,800.0,791.1699829101562,799.0499877929688,341300
2018-11-12,792.5999755859375,802.0,790.0700073242188,795.0499877929688,260600
2018-11-13,813.47998046875,819.0499877929688,796.0,805.0,315000
2018-11-14,823.2999877929688,832.2999877929688,813.260009765625,813.260009765625,377900
2018-11-15,810.0399780273438,823.2999877929688,801.1300048828125,823.2999877929688,428500
2018-11-16,827.989990234375,832.6699829101562,802.4099731445312,807.1599731445312,363500
2018-11-19,829.3499755859375,839.3800048828125,827.4199829101562,829.9000244140625,320100
2018-11-20,793.1099853515625,822.6099853515625,793.0599975585938,813.6599731445312,460200
2018-11-21,819.2100219726562,822.010009765625,799.3699951171875,801.0,259300
2018-11-23,827.530029296875,832.1400146484375,815.219970703125,815.219970703125,136000
2018-11-26,820.0,842.0999755859375,818.3599853515625,835.4000244140625,431000
2018-11-27,835.22998046875,837.1599731445312,819.97998046875,820.0,269500
2018-11-28,833.7000122070312,840.6500244140625,826.5999755859375,835.3800048828125,349900
2018-11-29,825.8300170898438,836.739990234375,824.02001953125,835.530029296875,279200
2018-11-30,809.0700073242188,827.0900268554688,804.5700073242188,827.0900268554688,602900
2018-12-03,824.4600219726562,829.7100219726562,807.0599975585938,814.0499877929688,535700
2018-12-04,880.0700073242188,894.3699951171875,854.5,867.0999755859375,947400
2018-12-06,868.6799926757812,877.9400024414062,852.1099853515625,865.469970703125,593600
2018-12-07,870.1599731445312,881.0,861.0,866.8699951171875,394600
2018-12-10,885.8699951171875,890.3300170898438,864.4400024414062,874.0700073242188,374700
2018-12-11,878.3400268554688,896.030029296875,873.1699829101562,888.760009765625,283700
2018-12-12,889.3400268554688,895.8900146484375,877.510009765625,882.010009765625,325800
2018-12-13,883.47998046875,895.7100219726562,877.7999877929688,886.2000122070312,259600
2018-12-14,871.239990234375,893.52001953125,868.0399780273438,885.8300170898438,369400
2018-12-17,854.1799926757812,870.97998046875,840.7000122070312,866.7100219726562,463000
2018-12-18,857.239990234375,868.489990234375,853.010009765625,865.1300048828125,337900
2018-12-19,835.8699951171875,865.530029296875,831.6500244140625,857.0,411600
2018-12-20,826.219970703125,833.1799926757812,817.7000122070312,830.969970703125,578300
2018-12-21,826.0399780273438,837.6699829101562,803.8499755859375,817.9500122070312,691600
2018-12-24,822.8200073242188,833.52001953125,817.72998046875,826.0,163300
2018-12-26,839.0599975585938,839.3699951171875,820.5499877929688,823.2999877929688,302300
2018-12-27,843.0399780273438,843.0399780273438,818.8300170898438,831.75,252400
2018-12-28,839.010009765625,856.0,835.3200073242188,847.5800170898438,257500
2018-12-31,838.3400268554688,847.0599975585938,825.7000122070312,844.1900024414062,258300
2019-01-02,838.47998046875,844.5599975585938,829.010009765625,831.6699829101562,333400
2019-01-03,845.5800170898438,850.8599853515625,834.2899780273438,838.9299926757812,361600
2019-01-04,835.6300048828125,856.7000122070312,832.6199951171875,851.3900146484375,383800
2019-01-07,822.3200073242188,835.6300048828125,816.510009765625,834.6799926757812,495500
2019-01-08,811.3699951171875,830.0,798.4099731445312,830.0,474700
2019-01-09,820.3599853515625,832.6199951171875,813.72998046875,817.6099853515625,323900
2019-01-10,827.3400268554688,828.5499877929688,811.0,815.010009765625,305900
2019-01-11,822.8800048828125,829.0399780273438,817.2000122070312,822.8400268554688,296900
2019-01-14,826.97998046875,829.3699951171875,813.27001953125,823.02001953125,356900
2019-01-15,829.5800170898438,831.3599853515625,819.5,826.510009765625,287200
2019-01-16,832.9600219726562,835.0700073242188,819.8499755859375,831.739990234375,297400
2019-01-17,842.3099975585938,849.0,830.4600219726562,832.5800170898438,245900
2019-01-18,844.3200073242188,855.4500122070312,834.8300170898438,844.739990234375,299700
2019-01-22,829.2000122070312,848.280029296875,824.530029296875,843.989990234375,344900
2019-01-23,834.5499877929688,838.239990234375,824.52001953125,832.489990234375,253700
2019-01-24,814.7899780273438,836.7899780273438,811.030029296875,831.75,341500
2019-01-25,814.6400146484375,822.0499877929688,805.739990234375,818.3900146484375,319700
2019-01-28,819.010009765625,821.4099731445312,803.280029296875,812.0900268554688,274400
2019-01-29,830.6599731445312,831.9000244140625,814.5,818.9400024414062,258300
2019-01-30,843.1699829101562,847.1300048828125,828.8599853515625,828.9199829101562,228600
2019-01-31,847.3400268554688,848.4400024414062,832.6199951171875,844.6699829101562,494700
2019-02-01,849.9099731445312,854.469970703125,838.530029296875,848.0,253900
2019-02-04,869.4400024414062,869.9099731445312,848.3900146484375,852.2999877929688,242700
2019-02-05,869.4199829101562,878.02001953125,863.5900268554688,873.739990234375,281400
2019-02-06,868.0800170898438,873.97998046875,863.97998046875,870.8599853515625,238800
2019-02-07,878.77001953125,879.9500122070312,860.0,874.8800048828125,316100
2019-02-08,874.0800170898438,889.8800048828125,868.75,873.1599731445312,278800
2019-02-11,887.9099731445312,888.8699951171875,871.3300170898438,875.3800048828125,276700
2019-02-12,890.9000244140625,899.989990234375,887.9199829101562,888.5499877929688,362700
2019-02-13,891.3599853515625,894.5499877929688,882.8699951171875,890.4400024414062,289500
2019-02-14,904.9600219726562,908.77001953125,885.510009765625,888.0399780273438,382000
2019-02-15,919.75,922.280029296875,909.0,910.8300170898438,293000
2019-02-19,916.6799926757812,926.75,910.010009765625,920.0,293200
2019-02-20,921.1400146484375,925.0,908.9199829101562,917.0,271200
2019-02-21,906.3300170898438,921.9600219726562,905.3900146484375,921.9600219726562,244600
2019-02-22,911.6599731445312,914.239990234375,901.0399780273438,910.6500244140625,240000
2019-02-25,889.5999755859375,914.8300170898438,886.9500122070312,913.4000244140625,364300
2019-02-26,935.0,964.3900146484375,932.3900146484375,959.8900146484375,781400
2019-02-27,911.9299926757812,925.8499755859375,900.0,900.0,430600
2019-02-28,938.969970703125,938.969970703125,910.1599731445312,910.1599731445312,667900
2019-03-01,929.3200073242188,946.0,919.5800170898438,945.3900146484375,465700
2019-03-04,932.9500122070312,939.0,916.8499755859375,934.4099731445312,298300
2019-03-05,939.8300170898438,948.0,930.4199829101562,935.0,288700
2019-03-06,935.3499755859375,952.989990234375,934.780029296875,944.219970703125,299000
2019-03-07,940.5499877929688,943.6199951171875,932.1300048828125,933.9099731445312,445900
2019-03-08,934.72998046875,942.0,929.3400268554688,939.1199951171875,252000
2019-03-11,940.030029296875,948.7000122070312,937.6599731445312,948.1099853515625,288300
2019-03-12,934.6099853515625,942.8200073242188,924.25,942.8200073242188,249700
2019-03-13,940.5800170898438,942.72998046875,932.9099731445312,936.5800170898438,301200
2019-03-14,950.219970703125,952.7100219726562,938.2899780273438,943.7000122070312,375100
2019-03-15,962.22998046875,962.4600219726562,943.8699951171875,950.7100219726562,359100
2019-03-18,975.5900268554688,984.72998046875,961.8400268554688,961.8400268554688,418900
2019-03-19,978.989990234375,988.239990234375,976.3800048828125,980.0,315300
2019-03-20,980.97998046875,982.97998046875,970.7999877929688,976.0900268554688,323600
2019-03-21,1001.0900268554688,1003.739990234375,983.4600219726562,984.5,292400
2019-03-22,981.27001953125,1015.780029296875,979.25,999.969970703125,299000
2019-03-25,995.8599853515625,1002.0,982.469970703125,982.469970703125,197100
2019-03-26,997.3099975585938,1004.6199951171875,987.280029296875,999.3099975585938,262300
2019-03-27,1003.2000122070312,1007.5800170898438,989.530029296875,996.4199829101562,271300
2019-03-28,1005.1699829101562,1011.4600219726562,1003.6500244140625,1004.9099731445312,240000
2019-03-29,1024.1199951171875,1028.0999755859375,1005.02001953125,1010.1400146484375,322000
2019-04-01,1029.7099609375,1048.530029296875,1018.219970703125,1039.3299560546875,332400
2019-04-02,1041.97998046875,1044.3800048828125,1029.7900390625,1032.0,202700
2019-04-03,1045.530029296875,1049.5799560546875,1041.8399658203125,1046.56005859375,187100
2019-04-04,1040.68994140625,1048.8699951171875,1033.949951171875,1044.469970703125,219200
2019-04-05,1048.52001953125,1049.72998046875,1037.27001953125,1045.0,252000
2019-04-08,1052.5400390625,1058.31005859375,1044.0,1048.1600341796875,290100
2019-04-09,1040.4000244140625,1054.4100341796875,1037.6600341796875,1050.0,276700
2019-04-10,1060.1700439453125,1062.52001953125,1042.3199462890625,1046.8800048828125,324900
2019-04-11,1068.5699462890625,1070.9200439453125,1058.72998046875,1063.6700439453125,261400
2019-04-12,1060.300048828125,1072.219970703125,1055.02001953125,1069.8499755859375,247400
2019-04-15,1064.5899658203125,1074.6700439453125,1057.3299560546875,1064.31005859375,324100
2019-04-16,1061.5899658203125,1069.9599609375,1057.9599609375,1069.3399658203125,245900
2019-04-17,1051.3699951171875,1069.469970703125,1040.5,1067.0,230700
2019-04-18,1045.050048828125,1050.27001953125,1032.0699462890625,1048.9300537109375,268800
2019-04-22,1035.199951171875,1047.1099853515625,1035.0,1045.0,234100
2019-04-23,1047.760009765625,1060.760009765625,1032.0899658203125,1035.47998046875,308400
2019-04-24,1042.5999755859375,1056.93994140625,1040.6300048828125,1048.6600341796875,206800
2019-04-25,1042.3499755859375,1046.6199951171875,1023.0800170898438,1034.9599609375,370200
2019-04-26,1033.550048828125,1043.22998046875,1023.2899780273438,1023.2899780273438,278500
2019-04-29,1022.5,1035.8599853515625,1021.6500244140625,1032.780029296875,198300
2019-04-30,1028.31005859375,1030.449951171875,1015.4600219726562,1019.9400024414062,255100
2019-05-01,1023.9000244140625,1045.8900146484375,1023.0700073242188,1029.7099609375,236900
2019-05-02,1038.31005859375,1039.4300537109375,1024.2900390625,1024.9200439453125,195500
2019-05-03,1033.3800048828125,1048.93994140625,1026.010009765625,1043.0,253900
2019-05-06,1030.6400146484375,1038.989990234375,1018.4299926757812,1023.989990234375,228000
2019-05-07,1015.3599853515625,1033.6400146484375,1010.2999877929688,1030.0899658203125,233500
2019-05-08,1005.5999755859375,1019.469970703125,1001.010009765625,1015.6900024414062,231000
2019-05-09,1004.47998046875,1008.0999755859375,994.4199829101562,1000.47998046875,238800
2019-05-10,1000.5900268554688,1005.5499877929688,984.0499877929688,1000.030029296875,250000
2019-05-13,982.5599975585938,993.530029296875,980.6199951171875,990.1500244140625,269200
2019-05-14,989.7999877929688,992.8099975585938,979.7000122070312,985.239990234375,274500
2019-05-15,978.3599853515625,988.7000122070312,975.5900268554688,987.3699951171875,203600
2019-05-16,981.3400268554688,992.719970703125,970.3400268554688,979.1099853515625,274600
2019-05-17,984.0900268554688,993.1799926757812,976.3699951171875,976.3699951171875,279600
2019-05-20,977.8300170898438,991.52001953125,974.6699829101562,984.3800048828125,427300
2019-05-21,1032.25,1037.52001953125,980.719970703125,1007.0,697700
2019-05-22,1043.9300537109375,1047.18994140625,1021.0,1021.4000244140625,318000
2019-05-23,1034.8199462890625,1037.219970703125,1020.25,1037.219970703125,284900
2019-05-24,1052.18994140625,1055.97998046875,1036.719970703125,1039.0699462890625,375800
2019-05-28,1051.1400146484375,1081.5799560546875,1049.47998046875,1055.25,521500
2019-05-29,1027.5400390625,1045.3399658203125,1021.52001953125,1042.9200439453125,357000
2019-05-30,1045.2900390625,1047.4599609375,1031.300048828125,1032.9599609375,204900
2019-05-31,1027.1099853515625,1033.0400390625,1010.010009765625,1030.5,498800
2019-06-03,1037.6500244140625,1050.449951171875,1027.1199951171875,1027.1199951171875,357200
2019-06-04,1036.27001953125,1049.989990234375,1031.3900146484375,1044.31005859375,296000
2019-06-05,1068.8900146484375,1069.0400390625,1041.949951171875,1045.0999755859375,307700
2019-06-06,1090.5400390625,1094.989990234375,1058.0400390625,1074.0999755859375,345700
2019-06-07,1099.1400146484375,1111.1099853515625,1094.5699462890625,1094.5699462890625,333700
2019-06-10,1111.22998046875,1119.760009765625,1096.72998046875,1105.050048828125,188100
2019-06-11,1095.3900146484375,1119.0,1092.969970703125,1114.22998046875,279700
2019-06-12,1106.77001953125,1109.02001953125,1090.280029296875,1095.9000244140625,213300
2019-06-13,1113.949951171875,1120.0,1107.4599609375,1115.530029296875,200100
2019-06-14,1119.8699951171875,1121.3699951171875,1108.06005859375,1116.530029296875,192500
2019-06-17,1124.3599853515625,1127.5799560546875,1119.1300048828125,1124.0400390625,213500
2019-06-18,1126.0,1135.22998046875,1123.8699951171875,1128.550048828125,279500
2019-06-19,1122.6500244140625,1132.97998046875,1105.719970703125,1124.1300048828125,276500
2019-06-20,1128.199951171875,1135.3900146484375,1113.4000244140625,1124.97998046875,219200
2019-06-21,1118.469970703125,1125.97998046875,1110.260009765625,1125.97998046875,267400
2019-06-24,1110.949951171875,1121.989990234375,1103.2099609375,1121.989990234375,220300
2019-06-25,1097.8299560546875,1109.4000244140625,1096.3599853515625,1109.1800537109375,261800
2019-06-26,1086.5999755859375,1099.81005859375,1079.010009765625,1096.0999755859375,244300
2019-06-27,1084.0799560546875,1092.5,1077.3599853515625,1090.6700439453125,204700
2019-06-28,1099.469970703125,1102.2900390625,1085.22998046875,1094.9300537109375,360700
2019-07-01,1098.7900390625,1116.8299560546875,1091.8199462890625,1109.0,200900
2019-07-02,1115.47998046875,1117.4100341796875,1100.1400146484375,1102.7900390625,175300
2019-07-03,1130.3800048828125,1135.3399658203125,1116.6600341796875,1119.7099609375,107500
2019-07-05,1130.31005859375,1136.050048828125,1124.06005859375,1129.6500244140625,129800
2019-07-08,1144.219970703125,1145.510009765625,1129.5799560546875,1131.7900390625,163500
2019-07-09,1143.0899658203125,1155.0699462890625,1139.8499755859375,1143.3800048828125,181000
2019-07-10,1148.469970703125,1152.9000244140625,1139.72998046875,1147.1199951171875,155700
2019-07-11,1148.9100341796875,1154.6099853515625,1144.2900390625,1148.969970703125,190500
2019-07-12,1164.7099609375,1166.9000244140625,1147.1800537109375,1147.1800537109375,142800
2019-07-15,1178.3800048828125,1179.9100341796875,1163.719970703125,1169.3299560546875,179700
2019-07-16,1180.0,1186.5999755859375,1169.6700439453125,1179.6099853515625,201500
2019-07-17,1160.0,1182.6199951171875,1158.550048828125,1182.6199951171875,221100
2019-07-18,1162.8499755859375,1163.1300048828125,1123.1400146484375,1152.0,319500
2019-07-19,1172.25,1181.02001953125,1161.72998046875,1166.27001953125,205700
2019-07-22,1175.1600341796875,1179.300048828125,1166.1300048828125,1172.47998046875,177400
2019-07-23,1171.31005859375,1176.4000244140625,1157.030029296875,1175.2900390625,180100
2019-07-24,1172.93994140625,1175.0899658203125,1162.3399658203125,1171.300048828125,162400
2019-07-25,1146.2099609375,1171.9100341796875,1142.1099853515625,1167.43994140625,311700
2019-07-26,1146.1800537109375,1149.9100341796875,1142.489990234375,1146.0,233900
2019-07-29,1148.8199462890625,1150.97998046875,1139.719970703125,1143.1400146484375,191900
2019-07-30,1144.199951171875,1147.510009765625,1139.5899658203125,1146.780029296875,170400
2019-07-31,1123.0400390625,1142.4300537109375,1108.3299560546875,1142.4200439453125,275000
2019-08-01,1102.8199462890625,1124.43994140625,1094.5400390625,1124.1700439453125,328100
2019-08-02,1096.1199951171875,1101.81005859375,1086.8299560546875,1097.3399658203125,250700
2019-08-05,1062.9200439453125,1084.6099853515625,1054.6199951171875,1082.3499755859375,391500
2019-08-06,1082.260009765625,1084.8699951171875,1054.4599609375,1062.5899658203125,232600
2019-08-07,1074.77001953125,1078.5,1057.06005859375,1076.800048828125,196600
2019-08-08,1088.1700439453125,1094.56005859375,1077.6600341796875,1077.6600341796875,198900
2019-08-09,1088.6600341796875,1107.989990234375,1084.3699951171875,1087.1300048828125,204100
2019-08-12,1072.6600341796875,1085.760009765625,1065.3499755859375,1085.4599609375,275100
2019-08-13,1081.280029296875,1085.6400146484375,1032.5999755859375,1050.0,432500
2019-08-14,1059.6800537109375,1075.3199462890625,1058.9100341796875,1070.06005859375,386300
2019-08-15,1083.5400390625,1087.6199951171875,1053.449951171875,1062.47998046875,375900
2019-08-16,1091.739990234375,1097.31005859375,1080.0,1086.219970703125,262100
2019-08-19,1095.5,1105.93994140625,1088.3399658203125,1099.7099609375,218300
2019-08-20,1091.1099853515625,1109.6500244140625,1090.780029296875,1099.3499755859375,213100
2019-08-21,1087.969970703125,1102.31005859375,1084.760009765625,1099.280029296875,249900
2019-08-22,1081.550048828125,1092.9200439453125,1074.3199462890625,1086.0400390625,205300
2019-08-23,1065.280029296875,1088.25,1062.18994140625,1079.43994140625,300900
2019-08-26,1066.9599609375,1073.31005859375,1059.9200439453125,1072.0999755859375,164500
2019-08-27,1064.7900390625,1078.8399658203125,1061.469970703125,1071.47998046875,312400
2019-08-28,1097.68994140625,1105.4599609375,1060.5,1064.0,338600
2019-08-29,1113.7099609375,1122.2900390625,1101.6700439453125,1102.81005859375,236200
2019-08-30,1101.68994140625,1124.489990234375,1095.5699462890625,1123.8399658203125,297800
2019-09-03,1102.8299560546875,1107.3299560546875,1087.5699462890625,1097.969970703125,175700
2019-09-04,1122.719970703125,1125.0899658203125,1100.8299560546875,1112.22998046875,200900
2019-09-05,1134.5400390625,1144.52001953125,1128.010009765625,1128.010009765625,203700
2019-09-06,1143.3399658203125,1154.3299560546875,1137.699951171875,1141.6500244140625,206200
2019-09-09,1127.18994140625,1156.9200439453125,1122.8399658203125,1148.9200439453125,407800
2019-09-10,1152.550048828125,1154.8900146484375,1116.9100341796875,1126.6800537109375,284400
2019-09-11,1156.9200439453125,1163.8900146484375,1135.1500244140625,1155.219970703125,294400
2019-09-12,1129.0699462890625,1164.4200439453125,1126.1700439453125,1157.699951171875,372000
2019-09-13,1149.260009765625,1150.800048828125,1129.449951171875,1131.75,207000
2019-09-16,1130.6600341796875,1150.6199951171875,1126.9200439453125,1147.0699462890625,181000
2019-09-17,1156.0,1162.0899658203125,1130.6700439453125,1136.1700439453125,206900
2019-09-18,1162.530029296875,1168.6800537109375,1156.0,1157.5999755859375,206600
2019-09-19,1157.7900390625,1180.489990234375,1155.780029296875,1168.06005859375,259500
2019-09-20,1159.3699951171875,1174.949951171875,1157.010009765625,1172.5,280900
2019-09-23,1147.260009765625,1167.300048828125,1147.260009765625,1160.93994140625,303600
2019-09-24,1096.6300048828125,1164.8499755859375,1082.1099853515625,1160.0,669000
2019-09-25,1093.06005859375,1100.1199951171875,1082.0400390625,1096.8199462890625,317200
2019-09-26,1085.68994140625,1094.760009765625,1070.31005859375,1091.449951171875,248300
2019-09-27,1085.6500244140625,1093.43994140625,1078.1300048828125,1089.1700439453125,258900
2019-09-30,1084.6199951171875,1093.4200439453125,1078.5,1084.3900146484375,231700
2019-10-01,1083.6700439453125,1090.25,1075.489990234375,1081.800048828125,236200
2019-10-02,1052.8599853515625,1078.8900146484375,1049.1500244140625,1078.8900146484375,238200
2019-10-03,1052.3299560546875,1055.75,1039.739990234375,1054.06005859375,207900
2019-10-04,1060.3299560546875,1060.8599853515625,1044.1500244140625,1052.5999755859375,189500
2019-10-07,1060.81005859375,1069.0,1054.530029296875,1057.4000244140625,185300
2019-10-08,1049.5,1060.0999755859375,1049.280029296875,1053.3800048828125,146000
2019-10-09,1058.550048828125,1063.239990234375,1049.530029296875,1060.1400146484375,135200
2019-10-10,1077.22998046875,1079.22998046875,1060.9000244140625,1060.9000244140625,180600
2019-10-11,1085.969970703125,1095.780029296875,1082.5,1084.68994140625,152500
2019-10-14,1086.6400146484375,1089.0,1074.9200439453125,1083.6400146484375,168700
2019-10-15,1104.43994140625,1111.22998046875,1087.52001953125,1087.52001953125,206600
2019-10-16,1106.97998046875,1110.5899658203125,1096.9200439453125,1104.02001953125,163000
2019-10-17,1105.1099853515625,1116.989990234375,1100.8800048828125,1107.68994140625,197600
2019-10-18,1110.0,1115.0,1102.550048828125,1107.5,156800
2019-10-21,1109.9200439453125,1112.5799560546875,1098.6199951171875,1112.5799560546875,148800
2019-10-22,1100.1099853515625,1117.18994140625,1099.010009765625,1110.7900390625,140700
2019-10-23,1093.47998046875,1102.8499755859375,1090.780029296875,1100.0,186100
2019-10-24,1123.780029296875,1126.6400146484375,1109.68994140625,1110.0,246700
2019-10-25,1129.469970703125,1135.0799560546875,1120.449951171875,1122.969970703125,238300
2019-10-28,1149.77001953125,1155.1099853515625,1129.4599609375,1129.4599609375,194800
2019-10-29,1145.6400146484375,1152.469970703125,1138.8599853515625,1148.050048828125,157300
2019-10-30,1148.5,1149.5699462890625,1134.1600341796875,1142.9000244140625,132900
2019-10-31,1144.3800048828125,1149.989990234375,1136.1500244140625,1143.1099853515625,177000
2019-11-01,1156.280029296875,1156.280029296875,1140.6500244140625,1148.030029296875,172700
2019-11-04,1150.0699462890625,1167.8699951171875,1139.2900390625,1164.510009765625,191400
2019-11-05,1151.06005859375,1163.6300048828125,1145.699951171875,1150.0699462890625,181500
2019-11-06,1161.47998046875,1163.0,1144.1199951171875,1152.1800537109375,160400
2019-11-07,1165.6099853515625,1170.239990234375,1160.1099853515625,1166.6099853515625,157400
2019-11-08,1165.8599853515625,1169.43994140625,1155.9000244140625,1166.5899658203125,137000
2019-11-11,1177.050048828125,1184.989990234375,1163.2099609375,1163.2099609375,151700
2019-11-12,1166.969970703125,1173.0,1156.1700439453125,1161.8900146484375,206600
2019-11-13,1174.760009765625,1175.3599853515625,1154.1500244140625,1161.5699462890625,176900
2019-11-14,1174.9000244140625,1176.719970703125,1167.010009765625,1168.5899658203125,106600
2019-11-15,1171.8800048828125,1175.81005859375,1161.3900146484375,1175.81005859375,222300
2019-11-18,1187.6500244140625,1187.9200439453125,1166.1700439453125,1172.010009765625,200800
2019-11-19,1173.97998046875,1188.02001953125,1165.780029296875,1186.0799560546875,172000
2019-11-20,1159.6500244140625,1172.800048828125,1152.010009765625,1172.800048828125,127100
2019-11-21,1162.449951171875,1171.9599609375,1157.02001953125,1164.6600341796875,154900
2019-11-22,1163.8699951171875,1170.97998046875,1157.8800048828125,1159.300048828125,124800
2019-11-25,1167.949951171875,1175.8399658203125,1166.3399658203125,1167.25,134300
2019-11-26,1177.7900390625,1181.5400390625,1167.739990234375,1169.1300048828125,287500
2019-11-27,1182.8800048828125,1183.72998046875,1175.5699462890625,1177.550048828125,170900
2019-11-29,1177.9200439453125,1188.1800537109375,1176.280029296875,1184.989990234375,99200
2019-12-02,1177.6500244140625,1181.5400390625,1169.239990234375,1181.5400390625,167900
2019-12-03,1152.300048828125,1171.0,1144.5699462890625,1171.0,262900
2019-12-04,1163.0899658203125,1169.969970703125,1150.0699462890625,1152.010009765625,223100
2019-12-05,1162.6600341796875,1168.6600341796875,1157.760009765625,1164.68994140625,279000
2019-12-06,1172.6600341796875,1181.780029296875,1166.43994140625,1167.0,213300
2019-12-09,1169.0,1186.3599853515625,1167.469970703125,1175.6500244140625,262600
2019-12-10,1250.0,1274.4100341796875,1225.22998046875,1240.0,601300
2019-12-11,1244.8299560546875,1268.989990234375,1231.9599609375,1266.56005859375,382000
2019-12-12,1230.9200439453125,1253.56005859375,1227.68994140625,1239.1700439453125,301300
2019-12-13,1235.3199462890625,1242.3399658203125,1225.4599609375,1242.3399658203125,187900
2019-12-16,1225.219970703125,1235.9200439453125,1221.4300537109375,1234.0,290100
2019-12-17,1221.8299560546875,1235.0,1220.0999755859375,1232.1500244140625,206300
2019-12-18,1228.050048828125,1229.2900390625,1214.260009765625,1222.27001953125,236700
2019-12-19,1219.0799560546875,1225.56005859375,1212.469970703125,1222.1600341796875,245100
2019-12-20,1226.739990234375,1228.47998046875,1219.280029296875,1228.47998046875,360500
2019-12-23,1213.8699951171875,1226.739990234375,1213.8499755859375,1225.4200439453125,178500
2019-12-24,1219.31005859375,1224.0899658203125,1213.4000244140625,1213.4000244140625,77200
2019-12-26,1210.719970703125,1220.3800048828125,1209.43994140625,1217.260009765625,147000
2019-12-27,1202.5899658203125,1213.3299560546875,1200.22998046875,1211.969970703125,140600
2019-12-30,1183.25,1205.8299560546875,1179.510009765625,1205.8299560546875,202500
2019-12-31,1191.31005859375,1193.489990234375,1182.77001953125,1184.219970703125,191500
2020-01-02,1189.739990234375,1197.5799560546875,1179.6099853515625,1194.8599853515625,212200
2020-01-03,1187.97998046875,1190.31005859375,1175.739990234375,1175.739990234375,188800
2020-01-06,1165.7099609375,1177.739990234375,1147.1400146484375,1167.010009765625,296800
2020-01-07,1145.3800048828125,1168.1300048828125,1141.3900146484375,1160.6700439453125,269100
2020-01-08,1147.489990234375,1157.4200439453125,1137.3499755859375,1141.6300048828125,207900
2020-01-09,1145.3900146484375,1154.1099853515625,1144.1500244140625,1152.0699462890625,206000
2020-01-10,1132.219970703125,1151.0,1130.5400390625,1151.0,208100
2020-01-13,1128.3699951171875,1134.0400390625,1118.7900390625,1128.97998046875,219900
2020-01-14,1136.5999755859375,1136.9599609375,1115.469970703125,1125.4300537109375,332900
2020-01-15,1134.2900390625,1148.68994140625,1129.8299560546875,1129.8299560546875,186400
2020-01-16,1142.1199951171875,1147.0799560546875,1136.3499755859375,1143.93994140625,196600
2020-01-17,1154.5799560546875,1155.469970703125,1140.0,1144.530029296875,310000
2020-01-21,1155.0,1165.010009765625,1149.3599853515625,1152.0999755859375,300200
2020-01-22,1157.3299560546875,1162.8900146484375,1146.0899658203125,1155.77001953125,227300
2020-01-23,1166.0,1168.300048828125,1149.0,1151.56005859375,250300
2020-01-24,1140.22998046875,1167.1600341796875,1136.780029296875,1166.3499755859375,250100
2020-01-27,1114.489990234375,1127.6600341796875,1112.699951171875,1123.219970703125,212000
2020-01-28,1107.5799560546875,1119.0,1104.1300048828125,1116.6300048828125,207600
2020-01-29,1096.510009765625,1118.22998046875,1096.0799560546875,1108.199951171875,181300
2020-01-30,1086.5799560546875,1092.6300048828125,1079.9200439453125,1089.75,326300
2020-01-31,1057.9599609375,1094.530029296875,1056.1099853515625,1080.9200439453125,311000
2020-02-03,1050.449951171875,1069.3199462890625,1050.1700439453125,1062.1300048828125,262500
2020-02-04,1050.2099609375,1063.9599609375,1042.9200439453125,1058.1600341796875,280300
2020-02-05,1073.25,1077.02001953125,1050.72998046875,1056.3399658203125,302100
2020-02-06,1062.31005859375,1081.8399658203125,1061.68994140625,1075.260009765625,278500
2020-02-07,1058.9100341796875,1066.7900390625,1047.8699951171875,1057.06005859375,218500
2020-02-10,1053.719970703125,1066.6500244140625,1052.2900390625,1061.239990234375,191600
2020-02-11,1051.219970703125,1056.199951171875,1048.510009765625,1052.3699951171875,164700
2020-02-12,1063.5699462890625,1066.4000244140625,1048.0899658203125,1054.6400146484375,191300
2020-02-13,1066.550048828125,1071.8499755859375,1057.68994140625,1057.68994140625,240200
2020-02-14,1053.2099609375,1073.5799560546875,1047.4300537109375,1068.239990234375,198700
2020-02-18,1073.8499755859375,1079.3199462890625,1066.3599853515625,1075.0,243400
2020-02-19,1066.7900390625,1077.0,1066.06005859375,1074.9100341796875,166500
2020-02-20,1082.52001953125,1085.8499755859375,1065.489990234375,1065.489990234375,219100
2020-02-21,1068.030029296875,1082.4100341796875,1062.6500244140625,1077.1700439453125,212200
2020-02-24,1056.6400146484375,1062.989990234375,1043.0,1051.9000244140625,333800
2020-02-25,1032.68994140625,1063.3399658203125,1031.3800048828125,1059.72998046875,307800
2020-02-26,1014.0599975585938,1045.27001953125,1010.77001953125,1039.5400390625,295300
2020-02-27,1004.97998046875,1033.5,994.5499877929688,998.9000244140625,322700
2020-02-28,1032.510009765625,1037.050048828125,977.0599975585938,983.0900268554688,597800
2020-03-02,1046.8900146484375,1051.2900390625,1013.3400268554688,1042.0,487800
2020-03-03,1024.7099609375,1082.300048828125,997.8900146484375,1003.989990234375,828100
2020-03-04,1058.239990234375,1063.25,1008.6699829101562,1040.0,501200
2020-03-05,1029.8699951171875,1043.25,1006.6199951171875,1037.719970703125,347900
2020-03-06,1060.31005859375,1066.7099609375,1002.030029296875,1008.5,375800
2020-03-09,1113.68994140625,1126.0,1011.77001953125,1013.5800170898438,576400
2020-03-10,1148.300048828125,1166.2099609375,1112.4000244140625,1137.5799560546875,612700
2020-03-11,1089.030029296875,1133.469970703125,1073.1300048828125,1133.469970703125,424400
2020-03-12,978.1900024414062,1045.800048828125,976.9000244140625,1040.1300048828125,422800
2020-03-13,1012.72998046875,1020.6599731445312,939.6400146484375,1020.6599731445312,458600
2020-03-16,851.3300170898438,945.1500244140625,840.9099731445312,910.0,435100
2020-03-17,913.9199829101562,927.02001953125,846.6799926757812,870.510009765625,438900
2020-03-18,808.5,873.75,756.030029296875,867.0,421500
2020-03-19,827.2899780273438,834.780029296875,730.0,799.469970703125,463100
2020-03-20,728.1300048828125,831.6500244140625,720.8800048828125,830.25,470100
2020-03-23,723.219970703125,741.8699951171875,684.9099731445312,711.6500244140625,435100
2020-03-24,808.4299926757812,824.989990234375,751.8499755859375,755.6400146484375,416900
2020-03-25,844.4299926757812,884.0599975585938,805.239990234375,821.3599853515625,360000
2020-03-26,884.989990234375,895.4199829101562,857.030029296875,870.1799926757812,362600
2020-03-27,851.6300048828125,882.1300048828125,827.5,852.27001953125,251000
2020-03-30,873.989990234375,883.6400146484375,832.9199829101562,834.9000244140625,265300
2020-03-31,846.0,878.030029296875,835.3599853515625,861.0700073242188,509300
2020-04-01,776.8599853515625,834.1799926757812,774.9099731445312,809.780029296875,414000
2020-04-02,794.6500244140625,797.1300048828125,757.1799926757812,776.8599853515625,358000
2020-04-03,790.5599975585938,793.97998046875,764.4400024414062,783.489990234375,362000
2020-04-06,875.0999755859375,892.3499755859375,811.010009765625,829.8499755859375,625700
2020-04-07,899.6400146484375,937.5800170898438,874.2999877929688,933.4299926757812,455500
2020-04-08,915.219970703125,944.52001953125,891.1900024414062,893.5700073242188,302700
2020-04-09,940.8300170898438,963.719970703125,924.0,940.0,287800
2020-04-13,942.1900024414062,950.0,906.3800048828125,940.0,219000
2020-04-14,977.1400146484375,990.0,945.0800170898438,953.0399780273438,268800
2020-04-15,932.6599731445312,967.9299926757812,932.0,934.260009765625,255100
2020-04-16,978.52001953125,997.9299926757812,937.2100219726562,944.8499755859375,484000
2020-04-17,991.7999877929688,1026.050048828125,965.25,1006.1400146484375,282300
2020-04-20,988.1500244140625,1001.9099731445312,972.9299926757812,994.4400024414062,185800
2020-04-21,978.8499755859375,990.0,973.0599975585938,975.0,196100
2020-04-22,999.5499877929688,1004.989990234375,980.010009765625,988.6799926757812,222700
2020-04-23,1005.7100219726562,1024.0,1005.02001953125,1012.3200073242188,259900
2020-04-24,1047.0400390625,1050.5699462890625,1008.5900268554688,1017.6400146484375,200100
2020-04-27,1060.52001953125,1067.27001953125,1049.31005859375,1054.760009765625,177200
2020-04-28,1055.449951171875,1080.0,1051.800048828125,1063.77001953125,207800
2020-04-29,1054.1500244140625,1082.31005859375,1051.27001953125,1078.0,233200
2020-04-30,1020.3200073242188,1049.800048828125,1017.9500122070312,1040.8399658203125,327400
2020-05-01,994.4500122070312,1017.4099731445312,984.0,1001.0499877929688,251000
2020-05-04,1009.9400024414062,1023.1300048828125,982.2999877929688,985.7100219726562,226900
2020-05-05,1023.1599731445312,1032.1400146484375,1014.8800048828125,1021.52001953125,228600
2020-05-06,1032.3599853515625,1049.300048828125,1007.9199829101562,1029.0899658203125,192700
2020-05-07,1012.1599731445312,1063.760009765625,1007.1699829101562,1042.56005859375,349500
2020-05-08,1057.9000244140625,1059.68994140625,1017.260009765625,1032.3399658203125,203800
2020-05-11,1053.8800048828125,1062.800048828125,1036.489990234375,1051.3900146484375,315800
2020-05-12,1046.5799560546875,1068.989990234375,1044.6400146484375,1061.0,275200
2020-05-13,1044.0999755859375,1058.02001953125,1024.239990234375,1048.760009765625,318000
2020-05-14,1055.5799560546875,1061.6500244140625,1023.0599975585938,1029.68994140625,229300
2020-05-15,1074.97998046875,1083.06005859375,1049.25,1049.25,235500
2020-05-18,1083.0,1124.0799560546875,1083.0,1097.510009765625,309400
2020-05-19,1104.4100341796875,1117.6700439453125,1091.8299560546875,1117.6700439453125,286900
2020-05-20,1113.010009765625,1142.989990234375,1105.02001953125,1116.3699951171875,317400
2020-05-21,1104.469970703125,1113.25,1094.760009765625,1111.8299560546875,187200
2020-05-22,1122.93994140625,1124.93994140625,1088.1300048828125,1106.68994140625,246300
2020-05-26,1123.199951171875,1178.18994140625,1115.0,1167.5699462890625,531000
2020-05-27,1164.4200439453125,1165.6700439453125,1110.010009765625,1140.0,325500
2020-05-28,1147.550048828125,1171.4000244140625,1138.4200439453125,1171.4000244140625,288600
2020-05-29,1147.8599853515625,1160.0,1137.199951171875,1141.280029296875,330300
2020-06-01,1138.199951171875,1153.239990234375,1135.6500244140625,1145.47998046875,175400
2020-06-02,1125.989990234375,1140.02001953125,1120.0,1138.760009765625,290300
2020-06-03,1150.4599609375,1165.050048828125,1127.3900146484375,1127.3900146484375,183300
2020-06-04,1134.800048828125,1149.6199951171875,1124.239990234375,1141.3399658203125,339300
2020-06-05,1153.9300537109375,1157.97998046875,1133.699951171875,1155.219970703125,215000
2020-06-08,1143.800048828125,1163.3800048828125,1136.1500244140625,1140.449951171875,182900
2020-06-09,1144.760009765625,1150.219970703125,1131.7900390625,1138.18994140625,182100
2020-06-10,1126.8800048828125,1150.47998046875,1122.0,1144.02001953125,210700
2020-06-11,1095.699951171875,1127.260009765625,1090.969970703125,1109.1700439453125,277500
2020-06-12,1100.510009765625,1119.0,1082.02001953125,1119.0,284100
2020-06-15,1118.6600341796875,1124.449951171875,1074.449951171875,1077.4100341796875,217800
2020-06-16,1139.699951171875,1160.0,1121.8399658203125,1145.280029296875,291900
2020-06-17,1147.3599853515625,1156.27001953125,1129.949951171875,1144.97998046875,247900
2020-06-18,1140.06005859375,1148.0799560546875,1128.18994140625,1140.8499755859375,238500
2020-06-19,1130.5999755859375,1159.3699951171875,1121.739990234375,1159.3699951171875,330200
2020-06-22,1139.6800537109375,1146.6700439453125,1120.02001953125,1130.0,217800
2020-06-23,1135.02001953125,1149.1700439453125,1133.3199462890625,1144.6600341796875,173500
2020-06-24,1100.2099609375,1129.010009765625,1098.8199462890625,1129.010009765625,229500
2020-06-25,1103.300048828125,1108.0999755859375,1081.5400390625,1096.7099609375,168000
2020-06-26,1104.9300537109375,1111.199951171875,1097.8599853515625,1099.9000244140625,335800
2020-06-29,1127.9200439453125,1129.7099609375,1098.72998046875,1116.1300048828125,199000
2020-06-30,1128.1199951171875,1135.800048828125,1111.5799560546875,1128.0999755859375,174100
2020-07-01,1130.47998046875,1139.0,1108.0,1125.219970703125,251200
2020-07-02,1148.969970703125,1152.9599609375,1135.3499755859375,1139.8199462890625,249700
2020-07-06,1137.3800048828125,1160.0,1133.6199951171875,1157.5699462890625,230300
2020-07-07,1128.5799560546875,1145.2099609375,1127.449951171875,1137.300048828125,138600
2020-07-08,1117.97998046875,1130.8499755859375,1104.010009765625,1127.489990234375,157500
2020-07-09,1107.760009765625,1116.3199462890625,1095.0,1116.3199462890625,118500
2020-07-10,1113.5899658203125,1114.6300048828125,1090.1199951171875,1106.2099609375,160100
2020-07-13,1108.3299560546875,1131.5899658203125,1106.300048828125,1119.989990234375,162800
2020-07-14,1133.3699951171875,1137.6199951171875,1107.3299560546875,1108.2099609375,218400
2020-07-15,1149.22998046875,1156.1600341796875,1141.5,1145.9599609375,295900
2020-07-16,1149.3199462890625,1158.030029296875,1147.550048828125,1150.0699462890625,154100
2020-07-17,1157.300048828125,1158.68994140625,1136.1199951171875,1156.8499755859375,139100
2020-07-20,1156.1199951171875,1163.800048828125,1145.3699951171875,1157.3800048828125,113700
2020-07-21,1155.77001953125,1164.1700439453125,1146.1199951171875,1153.739990234375,143600
2020-07-22,1168.97998046875,1175.969970703125,1159.9000244140625,1159.9000244140625,212100
2020-07-23,1168.4599609375,1179.4100341796875,1159.9599609375,1178.030029296875,162200
2020-07-24,1168.5899658203125,1178.550048828125,1162.050048828125,1168.2900390625,135700
2020-07-27,1170.800048828125,1179.780029296875,1162.0899658203125,1169.1500244140625,228700
2020-07-28,1166.1500244140625,1180.0,1164.77001953125,1171.0799560546875,142100
2020-07-29,1179.550048828125,1185.0999755859375,1163.989990234375,1169.8699951171875,187400
2020-07-30,1209.75,1230.5400390625,1193.9300537109375,1193.9300537109375,253200
2020-07-31,1207.4200439453125,1210.5799560546875,1190.219970703125,1210.5799560546875,181800
2020-08-03,1206.9000244140625,1217.25,1199.81005859375,1212.68994140625,158500
2020-08-04,1206.0400390625,1224.949951171875,1191.719970703125,1203.72998046875,132900
2020-08-05,1192.6099853515625,1209.3499755859375,1192.6099853515625,1209.31005859375,234000
2020-08-06,1178.3699951171875,1194.969970703125,1177.4200439453125,1181.699951171875,157700
2020-08-07,1182.219970703125,1184.949951171875,1170.219970703125,1178.3699951171875,200700
2020-08-10,1174.719970703125,1186.8800048828125,1169.1400146484375,1185.260009765625,128600
2020-08-11,1171.56005859375,1182.8699951171875,1160.780029296875,1179.199951171875,162700
2020-08-12,1188.3699951171875,1193.7900390625,1174.449951171875,1176.8499755859375,167000
2020-08-13,1187.1400146484375,1190.9200439453125,1177.31005859375,1183.3599853515625,103900
2020-08-14,1196.050048828125,1207.1800537109375,1190.0,1190.0699462890625,124100
2020-08-17,1207.75,1210.6500244140625,1198.6500244140625,1199.010009765625,236900
2020-08-18,1211.81005859375,1227.27001953125,1203.6600341796875,1215.699951171875,252200
2020-08-19,1210.0,1221.47998046875,1200.3599853515625,1213.5699462890625,131500
2020-08-20,1203.5,1213.22998046875,1196.3299560546875,1204.8599853515625,120500
2020-08-21,1209.0699462890625,1211.31005859375,1200.93994140625,1206.0699462890625,143400
2020-08-24,1209.9300537109375,1219.1300048828125,1201.449951171875,1211.6099853515625,143000
2020-08-25,1201.6600341796875,1213.97998046875,1188.43994140625,1209.9300537109375,132600
2020-08-26,1198.010009765625,1208.47998046875,1188.699951171875,1198.4300537109375,152800
2020-08-27,1195.8900146484375,1204.4599609375,1193.800048828125,1203.1700439453125,136000
2020-08-28,1189.1199951171875,1199.7099609375,1178.7900390625,1193.1099853515625,152600
2020-08-31,1196.31005859375,1200.8499755859375,1175.9200439453125,1188.6800537109375,226300
2020-09-01,1222.4300537109375,1223.469970703125,1193.9000244140625,1198.3499755859375,206500
2020-09-02,1250.3499755859375,1267.9300537109375,1225.6199951171875,1227.6400146484375,216100
2020-09-03,1215.699951171875,1246.8900146484375,1205.1500244140625,1245.0699462890625,166200
2020-09-04,1206.7900390625,1222.1800537109375,1194.6500244140625,1216.550048828125,157800
2020-09-08,1211.489990234375,1224.300048828125,1196.4300537109375,1204.780029296875,159700
2020-09-09,1233.0,1247.1600341796875,1212.760009765625,1216.97998046875,199900
2020-09-10,1216.0400390625,1238.1300048828125,1208.550048828125,1235.6800537109375,172200
2020-09-11,1234.449951171875,1240.8900146484375,1216.719970703125,1222.6600341796875,150500
2020-09-14,1241.6600341796875,1251.81005859375,1232.25,1248.9599609375,163400
2020-09-15,1242.949951171875,1251.31005859375,1239.9000244140625,1247.72998046875,110900
2020-09-16,1229.22998046875,1251.260009765625,1225.9100341796875,1250.56005859375,200900
2020-09-17,1224.1199951171875,1230.0,1214.489990234375,1229.0,176700
2020-09-18,1205.280029296875,1224.0400390625,1188.469970703125,1214.81005859375,364000
2020-09-21,1186.010009765625,1197.030029296875,1164.800048828125,1196.260009765625,342500
2020-09-22,1166.7099609375,1236.010009765625,1155.0,1224.1700439453125,537100
2020-09-23,1128.949951171875,1174.43994140625,1128.010009765625,1174.43994140625,428400
2020-09-24,1129.6300048828125,1145.3399658203125,1108.6199951171875,1129.1099853515625,252100
2020-09-25,1135.02001953125,1146.6500244140625,1120.550048828125,1121.760009765625,201600
2020-09-28,1155.56005859375,1162.5,1140.3499755859375,1145.47998046875,211700
2020-09-29,1154.9200439453125,1167.06005859375,1146.0,1150.780029296875,175900
2020-09-30,1177.6400146484375,1183.5799560546875,1153.6400146484375,1153.6400146484375,254800
2020-10-01,1181.719970703125,1192.949951171875,1168.18994140625,1181.06005859375,222700
2020-10-02,1176.989990234375,1183.760009765625,1158.8599853515625,1169.81005859375,137300
2020-10-05,1178.27001953125,1191.760009765625,1174.1700439453125,1174.1700439453125,161100
2020-10-06,1138.530029296875,1182.8399658203125,1132.1199951171875,1180.75,251600
2020-10-07,1139.989990234375,1155.3399658203125,1136.0,1146.4599609375,191000
2020-10-08,1150.0,1157.47998046875,1145.9200439453125,1146.1099853515625,150800
2020-10-09,1137.739990234375,1156.6500244140625,1137.0799560546875,1156.6500244140625,160000
2020-10-12,1144.06005859375,1158.719970703125,1129.780029296875,1142.6199951171875,218900
2020-10-13,1164.5899658203125,1170.989990234375,1142.2099609375,1142.2099609375,150000
2020-10-14,1169.030029296875,1196.760009765625,1163.3800048828125,1192.550048828125,193800
2020-10-15,1193.260009765625,1199.25,1154.280029296875,1160.0,202600
2020-10-16,1193.3800048828125,1206.449951171875,1184.5,1192.43994140625,250200
2020-10-19,1176.4200439453125,1199.97998046875,1174.3299560546875,1194.530029296875,155900
2020-10-20,1178.6199951171875,1196.5,1176.719970703125,1177.5899658203125,196000
2020-10-21,1178.1199951171875,1192.4599609375,1174.550048828125,1179.77001953125,149800
2020-10-22,1175.550048828125,1185.0,1168.0,1176.469970703125,151400
2020-10-23,1183.1600341796875,1187.0999755859375,1161.4599609375,1180.510009765625,148900
2020-10-26,1152.0,1169.449951171875,1141.7900390625,1168.75,148800
2020-10-27,1133.5899658203125,1156.739990234375,1132.300048828125,1155.3599853515625,179200
2020-10-28,1128.8499755859375,1138.6700439453125,1112.1300048828125,1119.8299560546875,241400
2020-10-29,1129.760009765625,1142.6500244140625,1118.489990234375,1128.5,273900
2020-10-30,1128.97998046875,1135.43994140625,1115.3599853515625,1128.02001953125,198200
2020-11-02,1141.1500244140625,1160.8900146484375,1123.9599609375,1138.550048828125,242800
2020-11-03,1164.6500244140625,1172.43994140625,1127.4100341796875,1147.25,290600
2020-11-04,1154.02001953125,1184.2900390625,1153.7099609375,1168.0999755859375,381800
2020-11-05,1149.510009765625,1174.4000244140625,1145.93994140625,1170.1099853515625,306000
2020-11-06,1158.530029296875,1162.6099853515625,1137.739990234375,1153.4599609375,245200
2020-11-09,1151.3900146484375,1204.4000244140625,1150.9599609375,1182.8399658203125,349300
2020-11-10,1170.4100341796875,1181.9100341796875,1150.050048828125,1151.27001953125,357400
2020-11-11,1181.8299560546875,1189.1600341796875,1171.6500244140625,1182.1300048828125,318400
2020-11-12,1159.72998046875,1185.199951171875,1152.06005859375,1179.8299560546875,183900
2020-11-13,1155.800048828125,1167.8499755859375,1145.9000244140625,1160.9200439453125,191200
2020-11-16,1146.02001953125,1164.280029296875,1137.5699462890625,1164.280029296875,346700
2020-11-17,1124.2099609375,1135.8499755859375,1111.68994140625,1135.800048828125,293700
2020-11-18,1131.6500244140625,1151.239990234375,1118.780029296875,1118.780029296875,182400
2020-11-19,1133.760009765625,1136.97998046875,1114.6800537109375,1129.3199462890625,244500
2020-11-20,1114.199951171875,1137.5400390625,1112.010009765625,1133.5,187900
2020-11-23,1113.4100341796875,1123.6199951171875,1106.739990234375,1114.0699462890625,237300
2020-11-24,1135.7900390625,1152.31005859375,1112.47998046875,1123.43994140625,247700
2020-11-25,1129.5999755859375,1141.22998046875,1120.550048828125,1137.3900146484375,194200
2020-11-27,1119.239990234375,1141.3399658203125,1118.280029296875,1127.5400390625,109700
2020-11-30,1137.6500244140625,1141.97998046875,1106.6199951171875,1114.81005859375,272500
2020-12-01,1164.8399658203125,1170.8199462890625,1140.3299560546875,1148.22998046875,260300
2020-12-02,1152.219970703125,1158.8800048828125,1130.3299560546875,1157.949951171875,283300
2020-12-03,1154.010009765625,1160.4100341796875,1144.0,1147.0799560546875,181300
2020-12-04,1162.6300048828125,1165.0,1150.7900390625,1150.8800048828125,208200
2020-12-07,1157.1800537109375,1172.5799560546875,1141.6300048828125,1169.9000244140625,403500
2020-12-08,1095.989990234375,1138.0,1085.8499755859375,1128.0,789600
2020-12-09,1136.6700439453125,1146.4000244140625,1098.68994140625,1107.1700439453125,705600
2020-12-10,1137.8499755859375,1147.8399658203125,1122.469970703125,1127.5699462890625,335300
2020-12-11,1155.300048828125,1163.0999755859375,1137.0,1146.1099853515625,329700
2020-12-14,1151.1300048828125,1182.4100341796875,1142.739990234375,1159.6300048828125,346200
2020-12-15,1179.3699951171875,1182.43994140625,1150.1400146484375,1157.3299560546875,350000
2020-12-16,1190.5,1210.1500244140625,1180.6099853515625,1186.25,331000
2020-12-17,1180.8900146484375,1208.1300048828125,1172.449951171875,1196.510009765625,315400
2020-12-18,1181.9000244140625,1190.1700439453125,1174.780029296875,1180.6800537109375,443400
2020-12-21,1192.9100341796875,1196.18994140625,1166.2099609375,1177.1700439453125,249800
2020-12-22,1190.18994140625,1196.06005859375,1177.6500244140625,1192.0400390625,205100
2020-12-23,1192.989990234375,1205.6400146484375,1179.550048828125,1187.719970703125,180300
2020-12-24,1204.219970703125,1208.010009765625,1187.1300048828125,1195.93994140625,82300
2020-12-28,1192.6199951171875,1220.97998046875,1186.72998046875,1210.47998046875,214200
2020-12-29,1177.1199951171875,1197.3699951171875,1172.4100341796875,1192.3599853515625,213800
2020-12-30,1175.8699951171875,1188.31005859375,1175.2900390625,1177.6099853515625,146100
2020-12-31,1185.43994140625,1187.469970703125,1169.010009765625,1173.5799560546875,168600
2021-01-04,1180.4000244140625,1190.9000244140625,1166.6400146484375,1183.56005859375,277600
2021-01-05,1180.3499755859375,1188.449951171875,1164.1600341796875,1175.8399658203125,185200
2021-01-06,1229.699951171875,1231.77001953125,1175.3399658203125,1175.3399658203125,270200
2021-01-07,1246.0400390625,1249.02001953125,1218.719970703125,1228.27001953125,216100
2021-01-08,1252.9200439453125,1257.530029296875,1240.8800048828125,1248.760009765625,208800
2021-01-11,1265.4599609375,1269.3299560546875,1246.719970703125,1248.5899658203125,207700
2021-01-12,1282.1500244140625,1297.8199462890625,1264.5,1265.8399658203125,256300
2021-01-13,1259.43994140625,1279.0699462890625,1253.1800537109375,1276.9599609375,237100
2021-01-14,1248.02001953125,1266.5400390625,1242.3399658203125,1265.8800048828125,184100
2021-01-15,1248.3299560546875,1249.3599853515625,1238.1300048828125,1242.969970703125,257400
2021-01-19,1238.2900390625,1251.72998046875,1230.18994140625,1248.0,230800
2021-01-20,1239.97998046875,1244.5400390625,1226.239990234375,1239.1700439453125,168800
2021-01-21,1246.4100341796875,1251.3699951171875,1236.3499755859375,1239.3399658203125,204600
2021-01-22,1227.1600341796875,1241.3900146484375,1225.3699951171875,1241.3900146484375,181200
2021-01-25,1196.0400390625,1227.010009765625,1179.7900390625,1227.0,322500
2021-01-26,1194.550048828125,1203.050048828125,1177.0,1200.260009765625,251400
2021-01-27,1137.2099609375,1189.56005859375,1116.0,1184.75,554900
2021-01-28,1146.6400146484375,1162.2099609375,1133.1800537109375,1137.2900390625,402400
2021-01-29,1118.3699951171875,1147.030029296875,1111.7099609375,1145.0,349100
2021-02-01,1159.3299560546875,1168.47998046875,1122.239990234375,1125.0,292700
2021-02-02,1193.6700439453125,1206.2099609375,1160.1600341796875,1160.1600341796875,242500
2021-02-03,1194.5999755859375,1203.4000244140625,1181.010009765625,1187.8399658203125,160500
2021-02-04,1220.3900146484375,1224.8900146484375,1198.81005859375,1200.0,207400
2021-02-05,1220.4300537109375,1232.8299560546875,1215.3900146484375,1230.510009765625,231000
2021-02-08,1224.949951171875,1234.27001953125,1219.7099609375,1220.4300537109375,161200
2021-02-09,1224.3199462890625,1237.8900146484375,1217.3900146484375,1224.5999755859375,198700
2021-02-10,1212.6700439453125,1235.239990234375,1211.1400146484375,1235.1600341796875,205000
2021-02-11,1150.4200439453125,1218.2099609375,1139.1800537109375,1210.969970703125,366400
2021-02-12,1146.6500244140625,1166.3299560546875,1143.3299560546875,1151.1199951171875,191100
2021-02-16,1173.3199462890625,1181.6500244140625,1143.0,1143.0,225200
2021-02-17,1192.969970703125,1200.469970703125,1165.3699951171875,1165.3699951171875,184800
2021-02-18,1211.2900390625,1217.6800537109375,1185.3699951171875,1190.449951171875,187400
2021-02-19,1205.72998046875,1222.5,1198.31005859375,1212.3399658203125,208100
2021-02-22,1188.5899658203125,1207.469970703125,1183.800048828125,1207.469970703125,260900
2021-02-23,1185.18994140625,1197.219970703125,1175.1099853515625,1195.31005859375,221000
2021-02-24,1189.8599853515625,1194.02001953125,1168.06005859375,1182.22998046875,217800
2021-02-25,1160.5699462890625,1199.8800048828125,1155.6700439453125,1185.6199951171875,300500
2021-02-26,1159.9200439453125,1184.0,1159.449951171875,1170.0400390625,353000
2021-03-01,1169.3900146484375,1180.949951171875,1164.4100341796875,1173.800048828125,339300
2021-03-02,1180.0,1200.0,1146.949951171875,1184.9000244140625,380100
2021-03-03,1179.739990234375,1191.6800537109375,1150.760009765625,1184.010009765625,351200
2021-03-04,1168.43994140625,1189.18994140625,1145.1600341796875,1178.199951171875,314300
2021-03-05,1220.25,1225.68994140625,1168.0,1174.6800537109375,271200
2021-03-08,1241.1099853515625,1251.75,1220.0,1220.0,247100
2021-03-09,1222.489990234375,1256.949951171875,1222.4200439453125,1254.6300048828125,194500
2021-03-10,1256.0,1263.760009765625,1213.7900390625,1230.56005859375,260800
2021-03-11,1261.9300537109375,1276.9000244140625,1246.56005859375,1255.97998046875,228200
2021-03-12,1285.52001953125,1290.6300048828125,1266.2900390625,1268.0400390625,210600
2021-03-15,1295.219970703125,1297.050048828125,1274.47998046875,1283.43994140625,171400
2021-03-16,1299.0,1303.25,1279.4100341796875,1294.5400390625,260100
2021-03-17,1290.93994140625,1307.219970703125,1285.219970703125,1306.300048828125,287800
2021-03-18,1303.5799560546875,1313.81005859375,1286.7900390625,1286.9200439453125,224100
2021-03-19,1324.760009765625,1339.8699951171875,1293.050048828125,1299.260009765625,526300
2021-03-22,1341.219970703125,1343.9200439453125,1325.6099853515625,1325.949951171875,262700
2021-03-23,1323.5699462890625,1354.1800537109375,1322.75,1343.06005859375,235700
2021-03-24,1353.489990234375,1363.6300048828125,1329.2099609375,1330.56005859375,283700
2021-03-25,1374.4100341796875,1378.199951171875,1343.31005859375,1349.469970703125,301300
2021-03-26,1413.72998046875,1424.010009765625,1370.7900390625,1374.260009765625,289100
2021-03-29,1432.280029296875,1440.550048828125,1409.93994140625,1416.8399658203125,251700
2021-03-30,1425.3599853515625,1446.239990234375,1405.280029296875,1432.280029296875,228200
2021-03-31,1404.300048828125,1429.8299560546875,1402.199951171875,1429.8299560546875,224200
2021-04-01,1418.8399658203125,1422.9100341796875,1397.199951171875,1407.9200439453125,164700
2021-04-05,1415.8800048828125,1431.9300537109375,1413.06005859375,1425.0,148700
2021-04-06,1431.8499755859375,1441.0,1409.0400390625,1410.530029296875,208100
2021-04-07,1423.27001953125,1439.9599609375,1414.22998046875,1438.0799560546875,168800
2021-04-08,1417.1500244140625,1423.3199462890625,1408.1199951171875,1421.219970703125,137900
2021-04-09,1438.5,1441.8900146484375,1409.72998046875,1422.27001953125,240000
2021-04-12,1454.18994140625,1458.1800537109375,1433.489990234375,1439.800048828125,207900
2021-04-13,1435.9100341796875,1454.9100341796875,1430.5,1454.9100341796875,147800
2021-04-14,1450.8900146484375,1455.3599853515625,1424.0999755859375,1437.8499755859375,171200
2021-04-15,1467.43994140625,1470.9300537109375,1450.719970703125,1451.010009765625,108100
2021-04-16,1495.8399658203125,1499.739990234375,1468.8800048828125,1475.8399658203125,237600
2021-04-19,1504.300048828125,1516.5899658203125,1494.199951171875,1495.739990234375,149900
2021-04-20,1514.1099853515625,1524.97998046875,1501.68994140625,1512.3499755859375,161000
2021-04-21,1486.8900146484375,1515.8699951171875,1483.550048828125,1500.969970703125,199900
2021-04-22,1478.8699951171875,1490.72998046875,1465.0999755859375,1488.6099853515625,181600
2021-04-23,1471.3499755859375,1487.02001953125,1451.77001953125,1487.02001953125,178200
2021-04-26,1443.8800048828125,1467.0,1443.1800537109375,1466.52001953125,169800
2021-04-27,1455.7900390625,1462.1600341796875,1441.699951171875,1451.3299560546875,188300
2021-04-28,1460.0,1478.8499755859375,1453.1400146484375,1464.25,171700
2021-04-29,1474.9599609375,1478.56005859375,1452.0699462890625,1468.27001953125,190300
2021-04-30,1464.1199951171875,1477.81005859375,1463.3399658203125,1472.449951171875,201500
2021-05-03,1475.8299560546875,1488.239990234375,1467.4599609375,1475.5999755859375,141000
2021-05-04,1477.0,1488.489990234375,1469.8599853515625,1479.8599853515625,210200
2021-05-05,1472.1099853515625,1481.97998046875,1454.449951171875,1481.010009765625,170100
2021-05-06,1488.8499755859375,1493.010009765625,1474.8399658203125,1478.0,180000
2021-05-07,1507.199951171875,1510.0799560546875,1480.260009765625,1491.469970703125,161800
2021-05-10,1519.6199951171875,1542.300048828125,1507.280029296875,1513.1700439453125,187100
2021-05-11,1495.1300048828125,1516.1099853515625,1478.6800537109375,1513.8900146484375,193200
2021-05-12,1495.8800048828125,1519.760009765625,1488.8800048828125,1505.25,267800
2021-05-13,1533.760009765625,1541.260009765625,1495.18994140625,1495.18994140625,180900
2021-05-14,1527.5799560546875,1539.449951171875,1501.699951171875,1538.0899658203125,139000
2021-05-17,1531.8900146484375,1540.27001953125,1523.3399658203125,1529.4100341796875,138600
2021-05-18,1510.8699951171875,1538.949951171875,1509.300048828125,1532.0899658203125,160000
2021-05-19,1466.8199462890625,1502.47998046875,1458.6199951171875,1500.2900390625,220900
2021-05-20,1471.77001953125,1488.6400146484375,1466.6199951171875,1466.800048828125,139900
2021-05-21,1460.260009765625,1487.1700439453125,1452.75,1475.010009765625,283100
2021-05-24,1448.4000244140625,1472.1600341796875,1442.239990234375,1461.030029296875,251200
2021-05-25,1420.56005859375,1455.0,1411.22998046875,1453.5999755859375,432600
2021-05-26,1410.0,1419.02001953125,1388.8499755859375,1415.6099853515625,287200
2021-05-27,1411.219970703125,1425.52001953125,1406.06005859375,1420.6400146484375,237100
2021-05-28,1406.5999755859375,1422.47998046875,1405.530029296875,1408.0,175300
2021-06-01,1410.8499755859375,1415.719970703125,1398.02001953125,1414.81005859375,198000
2021-06-02,1404.6700439453125,1419.6099853515625,1400.0,1419.6099853515625,160800
2021-06-03,1392.199951171875,1401.2099609375,1388.9000244140625,1391.9100341796875,174600
2021-06-04,1387.2099609375,1397.0400390625,1367.9599609375,1397.0400390625,192700
2021-06-07,1384.6500244140625,1394.9200439453125,1373.47998046875,1381.3800048828125,215200
2021-06-08,1393.1300048828125,1399.9300537109375,1375.06005859375,1384.3499755859375,173000
2021-06-09,1386.8499755859375,1394.800048828125,1381.469970703125,1393.18994140625,134100
2021-06-10,1374.530029296875,1392.5400390625,1371.1400146484375,1390.239990234375,209700
2021-06-11,1394.6099853515625,1395.6600341796875,1376.22998046875,1378.8199462890625,157300
2021-06-14,1385.989990234375,1399.06005859375,1374.530029296875,1394.77001953125,175000
2021-06-15,1403.0400390625,1404.219970703125,1377.030029296875,1390.1400146484375,191500
2021-06-16,1390.469970703125,1402.5999755859375,1383.969970703125,1398.260009765625,156600
2021-06-17,1390.9000244140625,1397.469970703125,1374.1300048828125,1397.469970703125,171300
2021-06-18,1386.280029296875,1398.22998046875,1376.77001953125,1376.77001953125,329600
2021-06-21,1415.5999755859375,1419.5899658203125,1399.6099853515625,1400.0,160200
2021-06-22,1434.5,1440.06005859375,1411.4000244140625,1418.5999755859375,169100
2021-06-23,1443.030029296875,1449.949951171875,1418.260009765625,1436.5400390625,174300
2021-06-24,1454.550048828125,1459.550048828125,1441.8399658203125,1447.199951171875,178900
2021-06-25,1479.27001953125,1486.2099609375,1454.56005859375,1454.8699951171875,439100
2021-06-28,1496.1600341796875,1498.43994140625,1472.31005859375,1479.2099609375,181800
2021-06-29,1491.699951171875,1503.300048828125,1486.969970703125,1500.0,151000
2021-06-30,1492.219970703125,1504.3699951171875,1488.0400390625,1496.0,154900
2021-07-01,1525.72998046875,1528.780029296875,1494.969970703125,1497.6500244140625,182700
2021-07-02,1549.449951171875,1551.489990234375,1525.81005859375,1525.81005859375,144500
2021-07-06,1542.25,1554.9000244140625,1535.8199462890625,1546.8499755859375,193000
2021-07-07,1549.2900390625,1552.5999755859375,1535.2099609375,1536.3599853515625,156000
2021-07-08,1537.47998046875,1546.550048828125,1524.449951171875,1534.0799560546875,132100
2021-07-09,1564.530029296875,1566.1600341796875,1545.300048828125,1556.1400146484375,177500
2021-07-12,1577.550048828125,1585.31005859375,1556.5999755859375,1563.260009765625,163200
2021-07-13,1557.3599853515625,1579.449951171875,1552.43994140625,1573.0400390625,156300
2021-07-14,1579.969970703125,1582.4100341796875,1554.97998046875,1558.3399658203125,122700
2021-07-15,1597.0799560546875,1599.81005859375,1573.1300048828125,1574.1500244140625,165000
2021-07-16,1605.300048828125,1612.3299560546875,1593.489990234375,1600.0,141900
2021-07-19,1584.5699462890625,1612.0,1571.47998046875,1606.0400390625,181800
2021-07-20,1601.75,1611.550048828125,1587.760009765625,1587.760009765625,167700
2021-07-21,1591.25,1608.97998046875,1579.3800048828125,1602.9599609375,142100
2021-07-22,1593.9000244140625,1600.0,1580.9100341796875,1591.8399658203125,148000
2021-07-23,1632.1300048828125,1632.81005859375,1591.4300537109375,1598.0,118800
2021-07-26,1622.1600341796875,1633.800048828125,1614.969970703125,1629.8800048828125,149000
2021-07-27,1624.949951171875,1628.2099609375,1600.8499755859375,1615.02001953125,130800
2021-07-28,1608.5999755859375,1631.2099609375,1606.969970703125,1629.47998046875,110300
2021-07-29,1625.9100341796875,1633.510009765625,1594.050048828125,1615.6800537109375,142300
2021-07-30,1623.5699462890625,1631.0,1614.010009765625,1623.8699951171875,132200
2021-08-02,1634.010009765625,1638.31005859375,1609.550048828125,1633.43994140625,150300
2021-08-03,1660.1099853515625,1666.6300048828125,1628.4200439453125,1628.4200439453125,137800
2021-08-04,1644.9000244140625,1663.75,1634.3900146484375,1661.8900146484375,139100
2021-08-05,1639.6099853515625,1658.030029296875,1625.72998046875,1654.1700439453125,109100
2021-08-06,1629.8499755859375,1646.6800537109375,1626.1700439453125,1637.72998046875,112500
2021-08-09,1616.739990234375,1636.5999755859375,1612.1300048828125,1632.1500244140625,109000
2021-08-10,1632.8199462890625,1643.97998046875,1613.7900390625,1618.8299560546875,163000
2021-08-11,1637.18994140625,1650.0400390625,1633.3699951171875,1634.06005859375,104000
2021-08-12,1630.5,1639.22998046875,1619.02001953125,1636.22998046875,130200
2021-08-13,1612.6099853515625,1634.6400146484375,1609.0400390625,1630.1099853515625,118800
2021-08-16,1633.0699462890625,1635.6400146484375,1607.1300048828125,1610.0,141000
2021-08-17,1616.469970703125,1630.0,1599.7099609375,1627.4599609375,133500
2021-08-18,1613.800048828125,1632.3199462890625,1607.3900146484375,1614.8499755859375,114800
2021-08-19,1632.6400146484375,1641.280029296875,1600.0,1601.5699462890625,106800
2021-08-20,1640.760009765625,1653.8699951171875,1630.989990234375,1637.4100341796875,154600
2021-08-23,1622.97998046875,1656.2900390625,1617.449951171875,1643.5899658203125,120300
2021-08-24,1599.97998046875,1624.2900390625,1594.7099609375,1615.969970703125,150300
2021-08-25,1613.4100341796875,1617.219970703125,1588.739990234375,1597.4200439453125,123300
2021-08-26,1588.9000244140625,1607.93994140625,1586.7900390625,1607.93994140625,151100
2021-08-27,1548.489990234375,1578.5899658203125,1544.31005859375,1578.5899658203125,231300
2021-08-30,1555.7099609375,1562.8800048828125,1544.010009765625,1555.75,166700
2021-08-31,1549.1500244140625,1559.949951171875,1540.4100341796875,1551.02001953125,251000
2021-09-01,1540.0899658203125,1553.5799560546875,1530.02001953125,1553.0899658203125,207200
2021-09-02,1520.6500244140625,1545.5999755859375,1503.300048828125,1538.56005859375,213200
2021-09-03,1537.25,1540.3399658203125,1508.8599853515625,1516.3800048828125,149600
2021-09-07,1526.219970703125,1545.3800048828125,1522.9599609375,1529.989990234375,131300
2021-09-08,1556.3499755859375,1558.06005859375,1521.010009765625,1529.18994140625,152200
2021-09-09,1551.8900146484375,1564.699951171875,1547.3199462890625,1557.22998046875,119300
2021-09-10,1550.56005859375,1567.3699951171875,1548.8499755859375,1557.9200439453125,117300
2021-09-13,1553.0999755859375,1561.199951171875,1540.97998046875,1548.6300048828125,179500
2021-09-14,1563.77001953125,1565.9599609375,1550.6099853515625,1563.6400146484375,164100
2021-09-15,1596.719970703125,1597.8800048828125,1552.6500244140625,1568.52001953125,155700
2021-09-16,1607.4200439453125,1616.1700439453125,1591.050048828125,1605.449951171875,135800
2021-09-17,1592.8800048828125,1619.81005859375,1592.5799560546875,1602.6600341796875,263100
2021-09-20,1585.1600341796875,1597.6300048828125,1559.4300537109375,1583.6199951171875,221100
2021-09-21,1643.0699462890625,1660.0,1605.969970703125,1616.0,287700
2021-09-22,1683.760009765625,1694.27001953125,1642.050048828125,1655.0,238900
2021-09-23,1687.7900390625,1704.02001953125,1675.0,1692.3900146484375,210200
2021-09-24,1694.8299560546875,1703.0,1660.0,1660.0,218500
2021-09-27,1691.3299560546875,1702.550048828125,1678.510009765625,1692.4000244140625,160500
2021-09-28,1688.5699462890625,1701.3499755859375,1668.9200439453125,1694.0999755859375,153400
2021-09-29,1737.0,1738.780029296875,1688.77001953125,1697.5999755859375,228600
2021-09-30,1697.989990234375,1734.010009765625,1679.2099609375,1727.3399658203125,327400
2021-10-01,1672.280029296875,1706.77001953125,1657.4599609375,1706.77001953125,200600
2021-10-04,1642.510009765625,1676.739990234375,1634.3399658203125,1663.43994140625,190200
2021-10-05,1651.219970703125,1673.27001953125,1639.1199951171875,1655.030029296875,169900
2021-10-06,1663.81005859375,1679.9200439453125,1647.2900390625,1660.18994140625,205300
2021-10-07,1683.72998046875,1690.8199462890625,1654.27001953125,1662.280029296875,158000
2021-10-08,1681.3699951171875,1699.300048828125,1666.7099609375,1681.0799560546875,125800
2021-10-11,1674.0799560546875,1697.469970703125,1674.030029296875,1680.18994140625,109800
2021-10-12,1677.2900390625,1679.8199462890625,1657.22998046875,1677.31005859375,124800
2021-10-13,1683.0799560546875,1687.989990234375,1649.5899658203125,1675.25,140800
2021-10-14,1717.550048828125,1719.969970703125,1685.97998046875,1689.4300537109375,147800
2021-10-15,1736.030029296875,1741.9100341796875,1722.4300537109375,1731.9599609375,177300
2021-10-18,1758.489990234375,1767.8800048828125,1730.3499755859375,1733.4300537109375,238000
2021-10-19,1764.2099609375,1777.9200439453125,1753.719970703125,1758.3299560546875,174800
2021-10-20,1769.050048828125,1791.969970703125,1763.6600341796875,1771.27001953125,191500
2021-10-21,1807.6800537109375,1815.5699462890625,1780.719970703125,1781.5,185200
2021-10-22,1832.8900146484375,1840.550048828125,1793.5,1811.22998046875,175200
2021-10-25,1821.0899658203125,1844.989990234375,1812.22998046875,1839.2099609375,142500
2021-10-26,1826.0,1833.0,1812.0999755859375,1828.300048828125,139000
2021-10-27,1825.8599853515625,1837.5400390625,1817.8399658203125,1824.8800048828125,138000
2021-10-28,1780.0999755859375,1831.3900146484375,1775.449951171875,1825.27001953125,203700
2021-10-29,1784.8399658203125,1796.9200439453125,1772.0400390625,1779.72998046875,232300
2021-11-01,1779.43994140625,1801.0,1767.52001953125,1794.050048828125,177000
2021-11-02,1788.1500244140625,1802.949951171875,1779.0,1785.280029296875,180900
2021-11-03,1791.6800537109375,1799.31005859375,1768.719970703125,1791.27001953125,140000
2021-11-04,1809.050048828125,1832.489990234375,1794.760009765625,1799.3800048828125,145900
2021-11-05,1817.93994140625,1830.0,1802.27001953125,1822.3699951171875,116100
2021-11-08,1820.9300537109375,1835.0,1799.0899658203125,1826.550048828125,140100
2021-11-09,1866.3800048828125,1868.68994140625,1814.3199462890625,1824.9000244140625,190500
2021-11-10,1881.4200439453125,1897.52001953125,1863.2099609375,1863.2099609375,195600
2021-11-11,1886.8900146484375,1904.0,1876.1099853515625,1878.5899658203125,129500
2021-11-12,1886.22998046875,1904.8399658203125,1880.1800537109375,1896.449951171875,120500
2021-11-15,1911.8399658203125,1921.3699951171875,1886.0899658203125,1895.239990234375,153200
2021-11-16,1911.280029296875,1941.3599853515625,1905.0799560546875,1907.1600341796875,140300
2021-11-17,1893.8399658203125,1922.3499755859375,1892.5,1920.0,122300
2021-11-18,1875.8499755859375,1893.8399658203125,1873.239990234375,1893.8399658203125,138500
2021-11-19,1859.6800537109375,1886.9000244140625,1856.989990234375,1886.9000244140625,202700
2021-11-22,1864.8800048828125,1875.8900146484375,1851.3800048828125,1860.280029296875,114400
2021-11-23,1880.0999755859375,1883.780029296875,1849.5699462890625,1874.1500244140625,119300
2021-11-24,1855.050048828125,1870.43994140625,1852.0,1866.3199462890625,122900
2021-11-26,1814.1800537109375,1843.1400146484375,1806.8900146484375,1836.510009765625,90600
2021-11-29,1838.68994140625,1855.4300537109375,1815.8199462890625,1828.0999755859375,137300
2021-11-30,1817.0699462890625,1852.800048828125,1812.969970703125,1835.0,218400
2021-12-01,1806.8299560546875,1861.1500244140625,1806.8299560546875,1835.5699462890625,139000
2021-12-02,1868.2900390625,1873.8599853515625,1816.02001953125,1817.5899658203125,146900
2021-12-03,1863.0,1897.8800048828125,1855.1400146484375,1875.4599609375,175500
2021-12-06,1879.989990234375,1886.010009765625,1858.22998046875,1877.81005859375,178700
2021-12-07,2023.5699462890625,2028.6600341796875,1890.7099609375,1914.3699951171875,280400
2021-12-08,1988.8599853515625,2019.969970703125,1940.5999755859375,2013.760009765625,251100
2021-12-09,1965.8299560546875,2008.239990234375,1951.8599853515625,1978.22998046875,268800
2021-12-10,2003.02001953125,2006.6700439453125,1958.949951171875,1975.7900390625,161300
2021-12-13,1986.0999755859375,2001.3900146484375,1963.6300048828125,2001.3800048828125,169800
2021-12-14,1999.5400390625,2011.2099609375,1971.0799560546875,1982.97998046875,158200
2021-12-15,2048.590087890625,2053.0,1983.800048828125,1991.469970703125,166800
2021-12-16,2011.219970703125,2065.719970703125,2008.489990234375,2057.010009765625,170000
2021-12-17,1996.3699951171875,2016.3399658203125,1972.8699951171875,2016.3399658203125,342000
2021-12-20,1994.300048828125,1997.8399658203125,1941.050048828125,1985.9300537109375,170500
2021-12-21,1990.3699951171875,2012.0999755859375,1975.0,2012.0999755859375,124600
2021-12-22,2024.1600341796875,2028.0,1989.4200439453125,1989.6300048828125,92800
2021-12-23,2014.5,2039.510009765625,2007.5999755859375,2027.0400390625,103100
2021-12-27,2047.06005859375,2047.8900146484375,2004.739990234375,2014.97998046875,72500
2021-12-28,2059.93994140625,2064.169921875,2037.4000244140625,2048.389892578125,83900
2021-12-29,2104.0400390625,2110.0,2058.280029296875,2067.64990234375,100800
2021-12-30,2084.52001953125,2107.2099609375,2076.8798828125,2103.0,76200
2021-12-31,2096.389892578125,2107.89990234375,2069.3701171875,2083.68994140625,105700
2022-01-03,2045.1099853515625,2089.18994140625,2024.5,2077.489990234375,150300
2022-01-04,2080.25,2098.389892578125,2046.8699951171875,2058.18994140625,148100
2022-01-05,2034.030029296875,2096.89990234375,2031.9200439453125,2075.0,196800
2022-01-06,2062.489990234375,2075.800048828125,2040.3499755859375,2046.8399658203125,135500
2022-01-07,2014.77001953125,2049.2099609375,2006.300048828125,2044.3399658203125,130500
2022-01-10,2012.6600341796875,2015.010009765625,1960.030029296875,1997.6700439453125,147000
2022-01-11,2000.97998046875,2025.239990234375,1975.02001953125,2012.6600341796875,139000
2022-01-12,2052.8798828125,2055.090087890625,2002.760009765625,2010.219970703125,195900
2022-01-13,2048.39990234375,2077.070068359375,2042.5999755859375,2058.0400390625,115000
2022-01-14,2033.47998046875,2057.7099609375,2020.1199951171875,2030.0,123200
2022-01-18,1967.56005859375,2012.760009765625,1953.5999755859375,2008.449951171875,178900
2022-01-19,1945.8900146484375,1991.969970703125,1945.18994140625,1981.0899658203125,120500
2022-01-20,1932.7099609375,1988.6800537109375,1930.219970703125,1957.4000244140625,151400
2022-01-21,1942.1700439453125,1964.5,1932.72998046875,1939.260009765625,171800
2022-01-24,1972.1300048828125,1979.8299560546875,1891.280029296875,1920.6600341796875,285200
2022-01-25,1930.93994140625,1964.0899658203125,1915.1500244140625,1960.5699462890625,202500
2022-01-26,1881.699951171875,1952.43994140625,1876.5699462890625,1952.43994140625,243000
2022-01-27,1907.72998046875,1927.5,1891.2900390625,1904.68994140625,185400
2022-01-28,1951.1600341796875,1952.5400390625,1893.02001953125,1912.9200439453125,166100
2022-01-31,1986.3499755859375,1996.3699951171875,1944.300048828125,1944.300048828125,243700
2022-02-01,2011.5699462890625,2014.8800048828125,1974.510009765625,1983.06005859375,192600
2022-02-02,2064.179931640625,2071.070068359375,2024.5899658203125,2032.4599609375,198000
2022-02-03,2030.1700439453125,2078.72998046875,2025.52001953125,2040.93994140625,223800
2022-02-04,2018.699951171875,2041.0999755859375,1975.3599853515625,2024.2099609375,175800
2022-02-07,1996.5,2045.530029296875,1989.77001953125,2023.8900146484375,182700
2022-02-08,2017.010009765625,2047.5999755859375,1980.030029296875,1991.8800048828125,157100
2022-02-09,2005.31005859375,2047.43994140625,1995.0,2035.8800048828125,142200
2022-02-10,1939.5400390625,1952.3699951171875,1904.8399658203125,1944.8299560546875,355500
2022-02-11,1949.1099853515625,1991.5799560546875,1940.0,1947.800048828125,182800
2022-02-14,1924.5999755859375,1947.1600341796875,1906.760009765625,1942.8499755859375,190200
2022-02-15,1933.9000244140625,1938.5799560546875,1913.81005859375,1936.77001953125,152300
2022-02-16,1927.469970703125,1947.6700439453125,1901.5400390625,1929.989990234375,137400
2022-02-17,1893.1099853515625,1933.1099853515625,1885.0,1919.81005859375,133400
2022-02-18,1920.010009765625,1931.969970703125,1886.6400146484375,1886.6400146484375,122000
2022-02-22,1850.9000244140625,1927.6600341796875,1842.1300048828125,1914.0799560546875,182700
2022-02-23,1794.280029296875,1863.8299560546875,1781.800048828125,1860.989990234375,221600
2022-02-24,1794.77001953125,1799.72998046875,1759.02001953125,1759.02001953125,215200
2022-02-25,1864.6300048828125,1869.9300537109375,1795.52001953125,1811.97998046875,187200
2022-02-28,1863.3900146484375,1875.0,1825.06005859375,1829.68994140625,294600
2022-03-01,1817.06005859375,1953.9599609375,1760.0,1880.0,394300
2022-03-02,1878.77001953125,1891.52001953125,1818.47998046875,1819.989990234375,243600
2022-03-03,1885.3499755859375,1895.6800537109375,1837.969970703125,1879.530029296875,162900
2022-03-04,1891.3599853515625,1897.2099609375,1856.72998046875,1870.6300048828125,167200
2022-03-07,1860.300048828125,1903.0400390625,1848.8499755859375,1878.7099609375,234300
2022-03-08,1849.1199951171875,1907.1199951171875,1836.6099853515625,1860.3900146484375,186900
2022-03-09,1884.56005859375,1903.510009765625,1867.3800048828125,1896.0400390625,172000
2022-03-10,1867.9000244140625,1870.9100341796875,1844.3699951171875,1865.8299560546875,122600
2022-03-11,1864.5899658203125,1894.6800537109375,1860.43994140625,1870.719970703125,98000
2022-03-14,1869.22998046875,1905.0,1860.0799560546875,1879.56005859375,164000
2022-03-15,1923.93994140625,1928.3800048828125,1891.699951171875,1894.6700439453125,181200
2022-03-16,1970.739990234375,1975.5999755859375,1927.0400390625,1927.0400390625,393400
2022-03-17,1945.300048828125,1970.5,1910.3399658203125,1962.449951171875,208000
2022-03-18,1952.75,1954.3699951171875,1881.9100341796875,1937.81005859375,307900
2022-03-21,1938.68994140625,1960.3199462890625,1924.1800537109375,1936.1400146484375,169100
2022-03-22,1946.8199462890625,1965.199951171875,1938.75,1958.1700439453125,193000
2022-03-23,1972.280029296875,1977.4100341796875,1928.7099609375,1950.0,186700
2022-03-24,2013.6099853515625,2014.4100341796875,1945.4599609375,1969.3800048828125,161900
2022-03-25,2027.2900390625,2043.47998046875,1990.050048828125,2025.3599853515625,185700
2022-03-28,2019.5400390625,2034.8599853515625,2000.75,2025.0,165600
2022-03-29,2077.72998046875,2082.199951171875,2030.530029296875,2050.0,254100
2022-03-30,2064.080078125,2078.0,2052.610107421875,2067.8701171875,168700
2022-03-31,2044.5799560546875,2072.360107421875,2043.989990234375,2066.860107421875,166100
2022-04-01,1974.510009765625,2067.300048828125,1971.6400146484375,2066.1298828125,214000
2022-04-04,2016.3800048828125,2017.989990234375,1958.4000244140625,1964.0999755859375,168300
2022-04-05,2041.530029296875,2046.239990234375,1992.27001953125,1992.27001953125,162100
2022-04-06,2072.75,2074.989990234375,2019.9599609375,2020.1700439453125,168900
2022-04-07,2155.590087890625,2160.489990234375,2063.510009765625,2063.510009765625,246800
2022-04-08,2190.56005859375,2221.570068359375,2150.909912109375,2162.97998046875,205000
2022-04-11,2158.47998046875,2204.219970703125,2151.6201171875,2199.639892578125,194100
2022-04-12,2168.43994140625,2186.389892578125,2152.9599609375,2163.47998046875,143500
2022-04-13,2171.429931640625,2172.179931640625,2136.830078125,2160.050048828125,132200
2022-04-14,2164.60009765625,2193.7099609375,2164.60009765625,2179.43994140625,91100
2022-04-18,2174.64990234375,2190.8798828125,2145.080078125,2152.199951171875,139500
2022-04-19,2196.7900390625,2202.030029296875,2169.0400390625,2178.39990234375,121900
2022-04-20,2254.030029296875,2267.22998046875,2211.110107421875,2212.760009765625,158700
2022-04-21,2233.31005859375,2267.39990234375,2227.10009765625,2261.27001953125,122600
2022-04-22,2160.27001953125,2212.590087890625,2155.02001953125,2212.280029296875,149400
2022-04-25,2195.679931640625,2204.659912109375,2120.800048828125,2154.8798828125,165900
2022-04-26,2195.93994140625,2229.47998046875,2165.31005859375,2180.0,224800
2022-04-27,2181.340087890625,2225.0,2174.0,2193.239990234375,152600
2022-04-28,2014.43994140625,2085.8798828125,2010.489990234375,2085.8798828125,333700
2022-04-29,1955.469970703125,2006.1700439453125,1950.1400146484375,2006.1700439453125,275400
2022-05-02,2006.68994140625,2009.989990234375,1963.77001953125,1964.5999755859375,188400
2022-05-03,1976.2900390625,2014.0,1962.260009765625,2002.47998046875,141800
2022-05-04,2054.580078125,2054.580078125,1976.31005859375,1986.06005859375,165000
2022-05-05,1973.0899658203125,2043.1099853515625,1954.4000244140625,2039.8699951171875,138900
2022-05-06,2000.0,2002.030029296875,1918.4200439453125,1959.0,170600
2022-05-09,1951.6600341796875,1992.4200439453125,1939.8399658203125,1971.739990234375,172700
2022-05-10,1950.8900146484375,1984.4100341796875,1921.969970703125,1975.5899658203125,162400
2022-05-11,1930.97998046875,1974.9599609375,1927.6300048828125,1964.3399658203125,174800
2022-05-12,1954.760009765625,1981.18994140625,1916.4000244140625,1940.7099609375,190000
2022-05-13,2001.1099853515625,2022.5999755859375,1960.0699462890625,1969.989990234375,186400
2022-05-16,2023.489990234375,2034.0999755859375,1970.3699951171875,1988.3399658203125,133600
2022-05-17,2031.8699951171875,2056.14990234375,2008.8199462890625,2056.14990234375,196900
2022-05-18,1839.6199951171875,2002.6099853515625,1807.9100341796875,2002.6099853515625,382500
2022-05-19,1889.3900146484375,1919.5699462890625,1817.72998046875,1830.0,304300
2022-05-20,1771.6800537109375,1886.530029296875,1703.3199462890625,1882.6600341796875,443100
2022-05-23,1805.219970703125,1821.1300048828125,1759.0999755859375,1773.8399658203125,314100
2022-05-24,1910.219970703125,1916.760009765625,1780.4000244140625,1884.8299560546875,403200
2022-05-25,1964.6600341796875,1978.0799560546875,1882.1800537109375,1901.949951171875,293200
2022-05-26,2028.9599609375,2039.9100341796875,1980.8800048828125,1986.68994140625,235600
2022-05-27,2055.389892578125,2069.340087890625,2010.010009765625,2034.0,226700
2022-05-31,2059.64990234375,2082.070068359375,2033.7099609375,2056.080078125,244800
2022-06-01,2035.1099853515625,2060.39990234375,2035.1099853515625,2046.0,153600
2022-06-02,2061.300048828125,2062.909912109375,1996.93994140625,2046.5899658203125,136900
2022-06-03,2058.0400390625,2070.300048828125,2040.719970703125,2044.739990234375,94900
2022-06-06,2099.06005859375,2107.429931640625,2051.60009765625,2070.9599609375,149500
2022-06-07,2119.97998046875,2121.719970703125,2065.22998046875,2080.0,120500
2022-06-08,2092.35009765625,2120.6298828125,2089.389892578125,2096.2099609375,104600
2022-06-09,2101.14990234375,2130.5,2082.300048828125,2082.300048828125,133400
2022-06-10,2064.4599609375,2084.7900390625,2050.7099609375,2066.169921875,112900
2022-06-13,2026.6600341796875,2056.110107421875,2012.0799560546875,2031.56005859375,160100
2022-06-14,2033.5799560546875,2068.550048828125,2008.050048828125,2024.5,166700
2022-06-15,2013.81005859375,2054.340087890625,1991.06005859375,2028.0,173100
2022-06-16,2001.1600341796875,2024.1800537109375,1968.1099853515625,2017.969970703125,201200
2022-06-17,1992.550048828125,2005.0,1959.5799560546875,1983.989990234375,412000
2022-06-21,2032.1199951171875,2037.760009765625,1980.739990234375,2026.239990234375,151400
2022-06-22,2071.6201171875,2090.909912109375,2013.280029296875,2043.550048828125,144600
2022-06-23,2108.639892578125,2119.280029296875,2067.0,2100.0,154100
2022-06-24,2158.909912109375,2175.27001953125,2106.97998046875,2127.639892578125,442200
2022-06-27,2169.27001953125,2200.219970703125,2159.449951171875,2190.0,166200
2022-06-28,2125.330078125,2195.570068359375,2116.510009765625,2168.0,194200
2022-06-29,2140.0,2165.0400390625,2106.27001953125,2127.5,137900
2022-06-30,2149.1201171875,2173.14990234375,2100.090087890625,2131.929931640625,232900
2022-07-01,2159.81005859375,2165.06005859375,2114.050048828125,2148.610107421875,110800
2022-07-05,2140.389892578125,2160.0,2103.070068359375,2139.719970703125,185300
2022-07-06,2167.5400390625,2182.5,2123.780029296875,2137.4599609375,160400
2022-07-07,2168.60009765625,2177.320068359375,2133.110107421875,2170.010009765625,113900
2022-07-08,2182.3701171875,2210.159912109375,2166.580078125,2177.85009765625,149300
2022-07-11,2160.010009765625,2189.22998046875,2160.010009765625,2188.239990234375,129000
2022-07-12,2158.60009765625,2190.6298828125,2152.070068359375,2164.889892578125,96000
2022-07-13,2174.889892578125,2197.830078125,2155.840087890625,2155.840087890625,120700
2022-07-14,2175.340087890625,2185.110107421875,2122.659912109375,2135.64990234375,180100
2022-07-15,2215.030029296875,2218.85009765625,2169.8701171875,2198.080078125,152000
2022-07-18,2191.800048828125,2246.409912109375,2180.18994140625,2228.320068359375,132300
2022-07-19,2224.320068359375,2224.320068359375,2182.679931640625,2216.780029296875,169600
2022-07-20,2194.530029296875,2234.8798828125,2182.7900390625,2224.81005859375,143200
2022-07-21,2138.75,2200.25,2115.27001953125,2181.110107421875,247300
2022-07-22,2147.6201171875,2163.030029296875,2136.929931640625,2139.889892578125,146700
2022-07-25,2144.8701171875,2169.330078125,2135.360107421875,2148.840087890625,118100
2022-07-26,2097.39990234375,2133.169921875,2078.830078125,2120.14990234375,202500
2022-07-27,2132.669921875,2144.9599609375,2064.22998046875,2102.860107421875,137300
2022-07-28,2130.449951171875,2146.7900390625,2079.68994140625,2127.85009765625,205700
2022-07-29,2137.389892578125,2141.5400390625,2108.449951171875,2123.14990234375,156100
2022-08-01,2161.360107421875,2170.52001953125,2113.820068359375,2119.530029296875,126200
2022-08-02,2153.919921875,2164.469970703125,2127.239990234375,2164.469970703125,144600
2022-08-03,2148.030029296875,2183.360107421875,2113.9599609375,2169.6201171875,201800
2022-08-04,2164.1298828125,2191.179931640625,2145.919921875,2150.909912109375,154000
2022-08-05,2195.18994140625,2196.639892578125,2148.93994140625,2152.27001953125,92400
2022-08-08,2218.669921875,2230.639892578125,2200.0400390625,2200.0400390625,90700
2022-08-09,2222.510009765625,2241.52001953125,2199.919921875,2228.18994140625,111200
2022-08-10,2223.27001953125,2250.35009765625,2208.820068359375,2249.10009765625,143000
2022-08-11,2230.830078125,2244.110107421875,2219.89990234375,2233.22998046875,101600
2022-08-12,2259.179931640625,2259.22998046875,2221.72998046875,2230.610107421875,129300
2022-08-15,2285.9599609375,2293.18994140625,2245.050048828125,2259.989990234375,116900
2022-08-16,2329.52001953125,2362.239990234375,2279.429931640625,2279.429931640625,191900
2022-08-17,2328.60009765625,2354.199951171875,2321.090087890625,2327.8701171875,169000
2022-08-18,2320.090087890625,2353.18994140625,2308.60009765625,2318.070068359375,133300
2022-08-19,2332.090087890625,2340.840087890625,2310.929931640625,2320.0,121300
2022-08-22,2310.669921875,2344.590087890625,2309.72998046875,2321.93994140625,118500
2022-08-23,2291.489990234375,2318.639892578125,2287.9599609375,2308.0,97800
2022-08-24,2231.81005859375,2246.280029296875,2206.39990234375,2244.1298828125,194300
2022-08-25,2223.60009765625,2227.340087890625,2182.080078125,2223.9599609375,134800
2022-08-26,2163.02001953125,2234.47998046875,2162.219970703125,2234.47998046875,118700
2022-08-29,2167.360107421875,2186.7900390625,2138.7900390625,2145.070068359375,124800
2022-08-30,2137.02001953125,2169.10009765625,2131.93994140625,2167.360107421875,96400
2022-08-31,2119.2099609375,2147.830078125,2116.679931640625,2132.10009765625,169600
2022-09-01,2145.590087890625,2146.639892578125,2110.679931640625,2115.659912109375,133500
2022-09-02,2120.8798828125,2160.989990234375,2112.35009765625,2150.830078125,137200
2022-09-06,2130.860107421875,2145.72998046875,2119.080078125,2121.14990234375,119800
2022-09-07,2197.06005859375,2197.860107421875,2144.52001953125,2147.64990234375,130200
2022-09-08,2193.25,2200.090087890625,2165.7900390625,2182.909912109375,114800
2022-09-09,2199.080078125,2214.800048828125,2177.6298828125,2195.75,111000
2022-09-12,2220.3798828125,2222.169921875,2202.97998046875,2202.97998046875,137500
2022-09-13,2138.360107421875,2200.199951171875,2133.5,2200.0,152700
2022-09-14,2133.010009765625,2153.239990234375,2105.7099609375,2153.239990234375,141500
2022-09-15,2144.93994140625,2155.89990234375,2124.7900390625,2146.31005859375,173700
2022-09-16,2165.64990234375,2185.1298828125,2126.449951171875,2138.050048828125,263800
2022-09-19,2097.590087890625,2220.0,2065.2900390625,2204.3701171875,403300
2022-09-20,2131.469970703125,2148.14990234375,2082.60009765625,2088.699951171875,253400
2022-09-21,2104.02001953125,2172.39990234375,2102.60009765625,2150.510009765625,146900
2022-09-22,2082.639892578125,2102.300048828125,2059.35009765625,2102.300048828125,157300
2022-09-23,2096.840087890625,2106.419921875,2050.2099609375,2051.3798828125,187800
2022-09-26,2093.679931640625,2135.0,2091.159912109375,2100.47998046875,197800
2022-09-27,2099.5,2130.260009765625,2088.52001953125,2106.43994140625,181700
2022-09-28,2169.43994140625,2179.25,2107.659912109375,2120.659912109375,143500
2022-09-29,2159.02001953125,2161.6201171875,2131.760009765625,2150.93994140625,125900
2022-09-30,2141.929931640625,2165.93994140625,2120.0,2153.929931640625,171300
2022-10-03,2197.7099609375,2205.85009765625,2157.75,2163.35009765625,141300
2022-10-04,2205.030029296875,2219.010009765625,2177.699951171875,2206.300048828125,136900
2022-10-05,2245.449951171875,2273.639892578125,2184.659912109375,2205.219970703125,162800
2022-10-06,2215.8798828125,2258.47998046875,2214.419921875,2244.360107421875,180100
2022-10-07,2174.0,2213.9599609375,2165.860107421875,2213.9599609375,139700
2022-10-10,2233.5400390625,2235.75,2165.050048828125,2175.64990234375,138600
2022-10-11,2267.510009765625,2293.860107421875,2223.8701171875,2223.8701171875,182700
2022-10-12,2245.989990234375,2271.4599609375,2239.530029296875,2263.81005859375,162000
2022-10-13,2282.760009765625,2291.06005859375,2212.639892578125,2225.429931640625,193900
2022-10-14,2255.169921875,2300.0,2255.169921875,2279.75,165100
2022-10-17,2289.7900390625,2305.0,2258.080078125,2261.0,141300
2022-10-18,2306.860107421875,2323.419921875,2272.02001953125,2311.68994140625,156500
2022-10-19,2289.800048828125,2330.070068359375,2283.110107421875,2314.9599609375,133100
2022-10-20,2258.830078125,2309.31005859375,2249.360107421875,2309.31005859375,195600
2022-10-21,2301.030029296875,2307.47998046875,2250.330078125,2250.330078125,197900
2022-10-24,2407.52001953125,2423.800048828125,2320.780029296875,2320.780029296875,209400
2022-10-25,2439.889892578125,2463.239990234375,2379.330078125,2416.570068359375,222300
2022-10-26,2423.679931640625,2450.0,2401.2099609375,2434.889892578125,125000
2022-10-27,2521.77001953125,2548.469970703125,2423.7099609375,2443.469970703125,235200
2022-10-28,2543.5,2554.669921875,2495.52001953125,2524.1201171875,210000
2022-10-31,2532.8798828125,2560.010009765625,2525.550048828125,2525.969970703125,188700
2022-11-01,2535.0,2554.52001953125,2525.7099609375,2554.52001953125,130300
2022-11-02,2478.679931640625,2541.330078125,2478.679931640625,2529.989990234375,157700
2022-11-03,2478.4599609375,2499.510009765625,2440.02001953125,2473.300048828125,123100
2022-11-04,2465.10009765625,2495.929931640625,2432.719970703125,2478.570068359375,155200
2022-11-07,2505.010009765625,2524.199951171875,2454.35009765625,2460.52001953125,89800
2022-11-08,2495.60009765625,2525.18994140625,2469.6298828125,2503.699951171875,101600
2022-11-09,2464.889892578125,2507.050048828125,2464.030029296875,2496.300048828125,108500
2022-11-10,2467.659912109375,2511.590087890625,2450.860107421875,2506.340087890625,181600
2022-11-11,2408.989990234375,2461.489990234375,2342.050048828125,2461.489990234375,201300
2022-11-14,2446.8798828125,2479.27001953125,2400.719970703125,2416.77001953125,143500
2022-11-15,2425.60009765625,2459.2099609375,2393.1201171875,2456.68994140625,156600
2022-11-16,2450.510009765625,2480.14990234375,2382.8798828125,2382.8798828125,161900
2022-11-17,2420.820068359375,2449.25,2404.820068359375,2432.18994140625,120700
2022-11-18,2460.840087890625,2462.320068359375,2421.1201171875,2434.47998046875,98500
2022-11-21,2501.0,2510.969970703125,2460.8798828125,2477.75,100600
2022-11-22,2528.81005859375,2537.1201171875,2507.0,2519.800048828125,79200
2022-11-23,2516.580078125,2538.5400390625,2512.389892578125,2527.989990234375,95100
2022-11-25,2562.1201171875,2575.2900390625,2526.77001953125,2535.60009765625,60800
2022-11-28,2545.97998046875,2572.449951171875,2537.889892578125,2558.669921875,132700
2022-11-29,2556.050048828125,2570.0,2520.77001953125,2550.0,124100
2022-11-30,2579.0,2587.60009765625,2536.139892578125,2559.1298828125,183500
2022-12-01,2552.969970703125,2610.050048828125,2539.280029296875,2609.2900390625,126000
2022-12-02,2571.590087890625,2579.68994140625,2539.360107421875,2541.510009765625,152600
2022-12-05,2526.919921875,2566.68994140625,2522.0,2550.0,198900
2022-12-06,2456.919921875,2499.5,2386.75,2441.0,401400
2022-12-07,2455.260009765625,2487.0,2442.02001953125,2460.0,164500
2022-12-08,2488.89990234375,2497.800048828125,2454.330078125,2454.330078125,132100
2022-12-09,2454.989990234375,2491.800048828125,2449.31005859375,2480.0,124700
2022-12-12,2451.949951171875,2475.780029296875,2435.070068359375,2475.239990234375,123200
2022-12-13,2393.4599609375,2492.179931640625,2389.469970703125,2485.820068359375,178100
2022-12-14,2360.469970703125,2402.6201171875,2354.89990234375,2388.780029296875,159800
2022-12-15,2358.5,2372.340087890625,2333.2900390625,2343.820068359375,212900
2022-12-16,2380.449951171875,2389.89990234375,2337.739990234375,2342.39990234375,326600
2022-12-19,2379.169921875,2406.06005859375,2369.8798828125,2394.580078125,157200
2022-12-20,2384.14990234375,2400.0,2368.4599609375,2377.97998046875,112600
2022-12-21,2430.47998046875,2434.360107421875,2364.919921875,2392.0,138100
2022-12-22,2403.860107421875,2416.27001953125,2377.02001953125,2416.27001953125,119600
2022-12-23,2430.64990234375,2440.60009765625,2393.89990234375,2393.89990234375,66200
2022-12-27,2454.320068359375,2465.389892578125,2429.780029296875,2434.610107421875,83900
2022-12-28,2461.6298828125,2481.010009765625,2450.0,2450.0,100400
2022-12-29,2464.3798828125,2489.60009765625,2452.7900390625,2470.489990234375,74800
2022-12-30,2466.179931640625,2471.570068359375,2452.18994140625,2464.47998046875,69400
2023-01-03,2431.06005859375,2454.7099609375,2420.320068359375,2441.510009765625,134500
2023-01-04,2445.4599609375,2454.3701171875,2421.010009765625,2429.669921875,122300
2023-01-05,2416.570068359375,2450.0,2413.570068359375,2425.27001953125,155300
2023-01-06,2486.639892578125,2498.050048828125,2431.6201171875,2431.6201171875,150300
2023-01-09,2441.75,2500.0,2437.320068359375,2500.0,142200
2023-01-10,2435.52001953125,2455.3701171875,2425.159912109375,2453.090087890625,105800
2023-01-11,2433.22998046875,2453.820068359375,2423.72998046875,2448.0,115200
2023-01-12,2363.0,2424.7099609375,2361.330078125,2424.7099609375,171100
2023-01-13,2368.8798828125,2395.239990234375,2325.02001953125,2335.969970703125,122800
2023-01-17,2355.8798828125,2384.340087890625,2332.080078125,2366.06005859375,152400
2023-01-18,2344.929931640625,2360.989990234375,2340.010009765625,2355.8798828125,125400
2023-01-19,2327.5400390625,2352.409912109375,2327.0,2338.7900390625,113600
2023-01-20,2326.610107421875,2333.989990234375,2300.0,2329.989990234375,146500
2023-01-23,2318.9599609375,2342.419921875,2309.949951171875,2342.419921875,143100
2023-01-24,2341.56005859375,2350.5,2305.659912109375,2313.5,143000
2023-01-25,2357.81005859375,2381.4599609375,2325.010009765625,2339.360107421875,167000
2023-01-26,2415.27001953125,2431.18994140625,2374.919921875,2380.0,193800
2023-01-27,2369.340087890625,2424.669921875,2356.330078125,2406.659912109375,189500
2023-01-30,2428.580078125,2440.68994140625,2389.050048828125,2389.75,169200
2023-01-31,2438.85009765625,2449.989990234375,2405.0,2439.199951171875,155200
2023-02-01,2495.679931640625,2497.85009765625,2435.97998046875,2435.97998046875,179600
2023-02-02,2443.550048828125,2502.320068359375,2430.4599609375,2473.889892578125,228500
2023-02-03,2398.510009765625,2455.3701171875,2389.699951171875,2436.429931640625,163200
2023-02-06,2425.8798828125,2443.1298828125,2401.080078125,2408.760009765625,128300
2023-02-07,2419.81005859375,2422.669921875,2372.0,2399.10009765625,123900
2023-02-08,2424.360107421875,2435.469970703125,2402.030029296875,2407.929931640625,139300
2023-02-09,2490.280029296875,2504.39990234375,2431.14990234375,2443.840087890625,206600
2023-02-10,2513.68994140625,2560.360107421875,2501.070068359375,2501.070068359375,227900
2023-02-13,2543.510009765625,2546.3701171875,2500.5,2510.5,106600
2023-02-14,2546.27001953125,2559.9599609375,2540.77001953125,2547.97998046875,107100
2023-02-15,2580.27001953125,2582.35009765625,2547.260009765625,2560.889892578125,124900
2023-02-16,2571.35009765625,2586.85009765625,2543.949951171875,2578.800048828125,125800
2023-02-17,2605.6201171875,2605.6201171875,2571.14990234375,2579.280029296875,131700
2023-02-21,2573.139892578125,2605.22998046875,2562.43994140625,2590.639892578125,166200
2023-02-22,2567.360107421875,2581.919921875,2556.580078125,2572.639892578125,176900
2023-02-23,2571.4599609375,2575.2900390625,2538.47998046875,2555.280029296875,106000
2023-02-24,2540.56005859375,2564.550048828125,2532.570068359375,2556.89990234375,148500
2023-02-27,2572.25,2576.10009765625,2542.5,2552.18994140625,242100
2023-02-28,2486.5400390625,2584.9599609375,2483.5400390625,2584.9599609375,284300
2023-03-01,2456.3701171875,2468.830078125,2424.43994140625,2458.510009765625,209000
2023-03-02,2485.6298828125,2497.580078125,2439.340087890625,2471.489990234375,157400
2023-03-03,2497.340087890625,2503.360107421875,2463.93994140625,2496.820068359375,157300
2023-03-06,2520.0,2523.080078125,2498.3798828125,2498.3798828125,147600
2023-03-07,2474.830078125,2529.659912109375,2471.179931640625,2522.8798828125,157500
2023-03-08,2459.570068359375,2477.0,2446.489990234375,2472.27001953125,106600
2023-03-09,2422.18994140625,2467.10009765625,2411.919921875,2467.10009765625,139200
2023-03-10,2421.389892578125,2441.0,2404.0,2419.22998046875,144900
2023-03-13,2429.860107421875,2461.3798828125,2411.590087890625,2411.590087890625,137900
2023-03-14,2427.409912109375,2446.659912109375,2413.050048828125,2446.659912109375,164400
2023-03-15,2415.679931640625,2430.080078125,2398.699951171875,2408.22998046875,211200
2023-03-16,2413.320068359375,2427.5,2394.030029296875,2405.260009765625,112300
2023-03-17,2365.0,2411.360107421875,2360.02001953125,2411.360107421875,198900
2023-03-20,2391.169921875,2400.0,2365.1298828125,2372.31005859375,140200
2023-03-21,2394.949951171875,2409.489990234375,2383.219970703125,2406.2900390625,93600
2023-03-22,2349.300048828125,2397.659912109375,2347.780029296875,2397.659912109375,109700
2023-03-23,2307.820068359375,2356.840087890625,2307.139892578125,2349.7099609375,155500
2023-03-24,2329.39990234375,2338.52001953125,2294.75,2316.31005859375,148500
2023-03-27,2368.550048828125,2386.550048828125,2333.14990234375,2336.489990234375,220000
2023-03-28,2405.219970703125,2411.489990234375,2370.919921875,2370.919921875,139900
2023-03-29,2395.3701171875,2406.070068359375,2380.530029296875,2394.449951171875,167100
2023-03-30,2406.18994140625,2418.330078125,2395.72998046875,2398.199951171875,132300
2023-03-31,2458.14990234375,2460.14990234375,2414.340087890625,2416.2099609375,186700
2023-04-03,2511.5400390625,2530.320068359375,2465.0,2466.43994140625,207100
2023-04-04,2502.050048828125,2513.8701171875,2495.0,2502.419921875,120700
2023-04-05,2494.43994140625,2511.77001953125,2488.260009765625,2502.070068359375,159500
2023-04-06,2530.679931640625,2531.3798828125,2491.10009765625,2500.81005859375,142700
2023-04-10,2554.43994140625,2562.5400390625,2521.75,2529.02001953125,171300
2023-04-11,2559.5400390625,2570.02001953125,2540.070068359375,2553.110107421875,106000
2023-04-12,2598.889892578125,2603.81005859375,2549.5,2560.570068359375,168700
2023-04-13,2618.64990234375,2625.7099609375,2580.340087890625,2608.75,124600
2023-04-14,2638.320068359375,2643.070068359375,2616.510009765625,2619.760009765625,97900
2023-04-17,2665.409912109375,2668.429931640625,2644.840087890625,2644.840087890625,139500
2023-04-18,2681.64990234375,2691.989990234375,2665.659912109375,2665.919921875,153400
2023-04-19,2663.159912109375,2686.0400390625,2643.6201171875,2671.85009765625,141000
2023-04-20,2701.840087890625,2703.0,2651.239990234375,2671.820068359375,139700
2023-04-21,2681.409912109375,2722.60009765625,2681.0,2722.60009765625,135400
2023-04-24,2677.1201171875,2689.8798828125,2672.6201171875,2676.320068359375,132200
2023-04-25,2678.340087890625,2697.360107421875,2674.5400390625,2684.18994140625,109100
2023-04-26,2644.830078125,2690.429931640625,2634.669921875,2655.0,141300
2023-04-27,2660.72998046875,2664.5,2629.7900390625,2636.260009765625,105400
2023-04-28,2663.31005859375,2667.989990234375,2640.510009765625,2654.840087890625,106100
2023-05-01,2679.5400390625,2710.2099609375,2669.860107421875,2669.929931640625,132900
2023-05-02,2702.889892578125,2708.239990234375,2667.800048828125,2683.659912109375,120900
2023-05-03,2677.580078125,2717.570068359375,2676.56005859375,2708.909912109375,148100
2023-05-04,2661.60009765625,2681.85009765625,2652.56005859375,2675.760009765625,87400
2023-05-05,2691.580078125,2698.080078125,2665.2099609375,2665.2099609375,75800
2023-05-08,2709.5400390625,2715.070068359375,2679.25,2692.239990234375,77800
2023-05-09,2726.510009765625,2737.1201171875,2709.139892578125,2715.889892578125,121000
2023-05-10,2733.64990234375,2750.0,2714.419921875,2736.090087890625,110600
2023-05-11,2715.199951171875,2735.360107421875,2704.35009765625,2731.989990234375,119500
2023-05-12,2729.06005859375,2744.25,2698.739990234375,2721.280029296875,110200
2023-05-15,2706.530029296875,2727.2900390625,2697.93994140625,2727.2900390625,105700
2023-05-16,2673.4599609375,2711.64990234375,2673.409912109375,2687.68994140625,106400
2023-05-17,2679.550048828125,2692.419921875,2669.14990234375,2675.110107421875,103400
2023-05-18,2648.949951171875,2687.139892578125,2634.300048828125,2676.389892578125,133800
2023-05-19,2653.179931640625,2657.3798828125,2629.760009765625,2649.0,153300
2023-05-22,2619.800048828125,2679.5,2617.0,2671.25,179000
2023-05-23,2463.409912109375,2548.25,2423.449951171875,2492.010009765625,489700
2023-05-24,2423.6201171875,2474.739990234375,2421.820068359375,2463.409912109375,269700
2023-05-25,2459.75,2467.27001953125,2398.239990234375,2413.419921875,295500
2023-05-26,2460.7900390625,2471.469970703125,2426.570068359375,2461.14990234375,214800
2023-05-30,2454.639892578125,2459.89990234375,2427.9599609375,2438.72998046875,209200
2023-05-31,2386.840087890625,2390.860107421875,2277.8798828125,2336.469970703125,645400
2023-06-01,2373.580078125,2406.6201171875,2360.0,2386.2099609375,260200
2023-06-02,2381.22998046875,2398.260009765625,2345.080078125,2362.169921875,241900
2023-06-05,2339.949951171875,2397.419921875,2337.590087890625,2376.389892578125,266100
2023-06-06,2323.050048828125,2341.570068359375,2315.070068359375,2333.68994140625,228400
2023-06-07,2306.64990234375,2340.739990234375,2303.929931640625,2317.7900390625,235500
2023-06-08,2360.610107421875,2361.679931640625,2304.43994140625,2304.43994140625,290600
2023-06-09,2363.18994140625,2378.93994140625,2349.10009765625,2357.110107421875,153100
2023-06-12,2415.0,2424.989990234375,2389.280029296875,2390.330078125,228700
2023-06-13,2420.949951171875,2423.52001953125,2397.85009765625,2408.06005859375,193400
2023-06-14,2399.419921875,2438.949951171875,2397.659912109375,2426.800048828125,196400
2023-06-15,2497.3701171875,2506.699951171875,2425.0,2425.830078125,255900
2023-06-16,2493.830078125,2539.489990234375,2465.530029296875,2539.489990234375,417300
2023-06-20,2453.070068359375,2493.830078125,2446.949951171875,2493.830078125,215900
2023-06-21,2446.280029296875,2482.969970703125,2443.85009765625,2458.699951171875,175000
2023-06-22,2438.6298828125,2456.06005859375,2431.6298828125,2456.06005859375,100900
2023-06-23,2423.72998046875,2439.110107421875,2408.1201171875,2431.969970703125,448600
2023-06-26,2476.550048828125,2484.280029296875,2423.72998046875,2428.530029296875,211900
2023-06-27,2439.8798828125,2497.360107421875,2439.8798828125,2473.89990234375,221000
2023-06-28,2437.6298828125,2469.77001953125,2420.0,2420.0,172000
2023-06-29,2455.39990234375,2467.6298828125,2425.8798828125,2425.8798828125,140900
2023-06-30,2493.360107421875,2508.389892578125,2462.93994140625,2470.510009765625,190100
2023-07-03,2483.47998046875,2500.0,2460.0,2468.550048828125,112200
2023-07-05,2492.429931640625,2502.820068359375,2434.3701171875,2482.68994140625,153100
2023-07-06,2491.10009765625,2507.2099609375,2481.35009765625,2482.340087890625,193900
2023-07-07,2469.510009765625,2487.6201171875,2467.5,2481.35009765625,157500
2023-07-10,2513.56005859375,2537.830078125,2463.93994140625,2464.199951171875,172800
2023-07-11,2553.010009765625,2556.659912109375,2525.659912109375,2525.659912109375,122600
2023-07-12,2573.3798828125,2584.760009765625,2556.6201171875,2556.780029296875,189100
2023-07-13,2538.179931640625,2580.0,2525.139892578125,2577.14990234375,134300
2023-07-14,2556.590087890625,2567.68994140625,2542.429931640625,2550.0,124700
2023-07-17,2544.22998046875,2571.64990234375,2543.489990234375,2556.590087890625,95100
2023-07-18,2528.090087890625,2531.489990234375,2498.669921875,2530.0,153400
2023-07-19,2505.889892578125,2552.510009765625,2504.489990234375,2529.929931640625,230900
2023-07-20,2460.0,2497.25,2437.860107421875,2483.27001953125,229400
2023-07-21,2457.929931640625,2475.77001953125,2446.090087890625,2465.5,131500
2023-07-24,2494.7900390625,2497.590087890625,2446.800048828125,2459.5,127000
2023-07-25,2501.219970703125,2510.340087890625,2467.1298828125,2478.419921875,139600
2023-07-26,2492.72998046875,2508.139892578125,2475.35009765625,2501.219970703125,109900
2023-07-27,2446.919921875,2488.5400390625,2440.580078125,2454.409912109375,175600
2023-07-28,2477.77001953125,2491.2900390625,2456.989990234375,2456.989990234375,111100
2023-07-31,2481.719970703125,2489.3701171875,2467.219970703125,2481.469970703125,106100
2023-08-01,2481.10009765625,2502.68994140625,2472.0,2487.4599609375,119200
2023-08-02,2433.889892578125,2492.699951171875,2432.85009765625,2470.0,191800
2023-08-03,2476.949951171875,2486.8798828125,2443.0,2449.110107421875,142400
2023-08-04,2450.989990234375,2479.60009765625,2449.0400390625,2477.050048828125,127100
2023-08-07,2464.010009765625,2475.0,2450.06005859375,2457.570068359375,120400
2023-08-08,2461.110107421875,2472.780029296875,2449.840087890625,2468.179931640625,102200
2023-08-09,2466.56005859375,2480.699951171875,2452.909912109375,2462.929931640625,86500
2023-08-10,2462.889892578125,2489.919921875,2454.050048828125,2480.0,121000
2023-08-11,2483.830078125,2494.090087890625,2446.969970703125,2461.02001953125,90600
2023-08-14,2517.169921875,2517.5,2485.469970703125,2489.219970703125,133300
2023-08-15,2510.419921875,2537.10009765625,2507.860107421875,2516.800048828125,136400
2023-08-16,2489.52001953125,2530.360107421875,2488.0,2517.81005859375,124400
2023-08-17,2457.280029296875,2505.0,2454.52001953125,2488.0,153300
2023-08-18,2458.389892578125,2482.949951171875,2450.419921875,2455.860107421875,221900
2023-08-21,2449.800048828125,2459.14990234375,2424.550048828125,2447.840087890625,133000
2023-08-22,2450.199951171875,2456.43994140625,2414.989990234375,2438.139892578125,104800
2023-08-23,2475.010009765625,2481.699951171875,2447.989990234375,2449.949951171875,106300
2023-08-24,2447.5400390625,2486.699951171875,2447.0,2478.0,108500
2023-08-25,2453.39990234375,2468.93994140625,2435.030029296875,2462.85009765625,109200
2023-08-28,2469.1298828125,2486.22998046875,2452.830078125,2452.830078125,98500
2023-08-29,2527.5,2530.89990234375,2469.97998046875,2470.4599609375,143000
2023-08-30,2563.179931640625,2573.919921875,2534.590087890625,2534.590087890625,133300
2023-08-31,2531.330078125,2563.64990234375,2530.840087890625,2558.159912109375,136300
2023-09-01,2542.389892578125,2547.2099609375,2519.510009765625,2547.2099609375,75800
2023-09-05,2556.06005859375,2569.489990234375,2511.030029296875,2527.5400390625,113600
2023-09-06,2568.889892578125,2578.510009765625,2535.2900390625,2550.2099609375,96500
2023-09-07,2572.2099609375,2600.7099609375,2552.719970703125,2583.919921875,128800
2023-09-08,2619.2900390625,2628.610107421875,2575.0,2579.929931640625,139200
2023-09-11,2572.9599609375,2623.860107421875,2572.800048828125,2614.0400390625,145600
2023-09-12,2527.080078125,2582.5400390625,2522.72998046875,2571.280029296875,136000
2023-09-13,2531.0400390625,2554.8798828125,2528.6201171875,2528.6201171875,141300
2023-09-14,2576.10009765625,2578.47998046875,2538.5,2538.5,126800
2023-09-15,2529.679931640625,2581.320068359375,2525.1298828125,2581.320068359375,267000
2023-09-18,2522.10009765625,2538.489990234375,2491.820068359375,2525.260009765625,169900
2023-09-19,2475.1201171875,2531.340087890625,2422.530029296875,2448.89990234375,284600
2023-09-20,2583.360107421875,2595.0,2487.340087890625,2497.830078125,161000
2023-09-21,2530.760009765625,2576.239990234375,2529.6201171875,2576.239990234375,161700
2023-09-22,2570.27001953125,2576.050048828125,2528.929931640625,2528.929931640625,112800
2023-09-25,2580.300048828125,2595.580078125,2555.070068359375,2563.909912109375,114400
2023-09-26,2553.3701171875,2599.25,2549.89990234375,2570.030029296875,128300
2023-09-27,2540.89990234375,2557.27001953125,2519.489990234375,2548.0,154800
2023-09-28,2559.47998046875,2566.429931640625,2522.0,2555.929931640625,84500
2023-09-29,2539.989990234375,2578.260009765625,2528.9599609375,2578.199951171875,149800
2023-10-02,2522.929931640625,2552.800048828125,2515.280029296875,2535.0,108700
2023-10-03,2472.0400390625,2528.219970703125,2463.4599609375,2520.469970703125,100300
2023-10-04,2497.60009765625,2509.2099609375,2458.719970703125,2471.909912109375,118100
2023-10-05,2521.679931640625,2527.469970703125,2449.2900390625,2499.550048828125,118500
2023-10-06,2549.0400390625,2566.56005859375,2476.5,2496.7900390625,165100
2023-10-09,2564.929931640625,2570.0,2524.639892578125,2540.0,109800
2023-10-10,2577.580078125,2601.919921875,2568.77001953125,2578.3701171875,112200
2023-10-11,2571.860107421875,2582.409912109375,2531.68994140625,2582.409912109375,98700
2023-10-12,2561.64990234375,2577.06005859375,2543.02001953125,2577.06005859375,105600
2023-10-13,2552.699951171875,2569.070068359375,2529.780029296875,2550.340087890625,122000
2023-10-16,2602.75,2617.35009765625,2564.6201171875,2564.6201171875,139000
2023-10-17,2650.699951171875,2651.889892578125,2593.0400390625,2598.89990234375,117000
2023-10-18,2629.39990234375,2658.179931640625,2627.56005859375,2652.739990234375,146600
2023-10-19,2494.659912109375,2629.699951171875,2493.889892578125,2602.27001953125,183000
2023-10-20,2488.550048828125,2526.070068359375,2488.39990234375,2491.389892578125,128500
2023-10-23,2432.820068359375,2485.0,2432.070068359375,2485.0,130200
2023-10-24,2416.5400390625,2459.010009765625,2408.300048828125,2434.110107421875,162700
2023-10-25,2436.1201171875,2441.639892578125,2375.35009765625,2400.0,161200
2023-10-26,2450.72998046875,2489.179931640625,2445.77001953125,2452.199951171875,150000
2023-10-27,2446.169921875,2460.0,2425.0,2438.530029296875,150900
2023-10-30,2469.699951171875,2482.090087890625,2448.800048828125,2455.429931640625,115000
2023-10-31,2477.1298828125,2488.280029296875,2465.0,2473.47998046875,87500
2023-11-01,2490.719970703125,2499.989990234375,2463.449951171875,2476.85009765625,130400
2023-11-02,2546.02001953125,2555.10009765625,2491.5,2491.5,138600
2023-11-03,2574.5400390625,2598.139892578125,2548.56005859375,2548.56005859375,132800
2023-11-06,2605.820068359375,2609.010009765625,2581.7099609375,2581.7099609375,107900
2023-11-07,2650.449951171875,2660.0,2615.199951171875,2617.919921875,120000
2023-11-08,2652.85009765625,2675.0,2645.6201171875,2658.550048828125,122200
2023-11-09,2678.9599609375,2686.610107421875,2650.919921875,2661.530029296875,132400
2023-11-10,2702.340087890625,2712.909912109375,2667.39990234375,2679.239990234375,161800
2023-11-13,2707.1201171875,2734.159912109375,2696.8701171875,2702.340087890625,156900
2023-11-14,2684.530029296875,2733.199951171875,2667.659912109375,2731.919921875,200400
2023-11-15,2686.419921875,2698.39990234375,2625.0,2693.3798828125,167400
2023-11-16,2658.22998046875,2683.469970703125,2647.39990234375,2680.969970703125,151900
2023-11-17,2627.050048828125,2676.280029296875,2625.10009765625,2676.280029296875,152800
2023-11-20,2649.25,2664.239990234375,2617.9599609375,2625.72998046875,120700
2023-11-21,2676.090087890625,2683.68994140625,2643.8701171875,2660.0,86300
2023-11-22,2671.77001953125,2685.5400390625,2662.5400390625,2685.5400390625,93200
2023-11-24,2688.0,2690.0,2666.840087890625,2670.0400390625,37500
2023-11-27,2613.14990234375,2688.530029296875,2610.070068359375,2683.260009765625,198900
2023-11-28,2602.179931640625,2636.68994140625,2587.27001953125,2615.1298828125,121900
2023-11-29,2596.510009765625,2613.6298828125,2587.7099609375,2606.77001953125,160200
2023-11-30,2609.929931640625,2624.909912109375,2593.0400390625,2597.050048828125,266400
2023-12-01,2641.75,2644.570068359375,2603.0,2616.820068359375,233800
2023-12-04,2664.110107421875,2674.0,2630.68994140625,2637.81005859375,205800
2023-12-05,2671.1298828125,2704.010009765625,2632.56005859375,2700.0,221900
2023-12-06,2710.6201171875,2730.639892578125,2696.530029296875,2702.830078125,173600
2023-12-07,2632.699951171875,2730.39990234375,2632.139892578125,2714.550048828125,180500
2023-12-08,2620.489990234375,2640.0,2610.5,2640.0,110300
2023-12-11,2633.5,2642.610107421875,2610.47998046875,2621.610107421875,112700
2023-12-12,2661.25,2663.60009765625,2640.030029296875,2644.64990234375,113200
2023-12-13,2719.780029296875,2724.110107421875,2668.929931640625,2677.639892578125,132400
2023-12-14,2636.68994140625,2728.68994140625,2632.77001953125,2728.68994140625,188000
2023-12-15,2628.050048828125,2634.6201171875,2566.800048828125,2600.909912109375,357600
2023-12-18,2637.360107421875,2639.080078125,2608.969970703125,2638.0,106500
2023-12-19,2649.320068359375,2661.97998046875,2632.219970703125,2645.7099609375,117300
2023-12-20,2607.340087890625,2661.0,2606.239990234375,2637.56005859375,128600
2023-12-21,2612.669921875,2634.35009765625,2603.2099609375,2621.0,99000
2023-12-22,2608.68994140625,2645.47998046875,2606.3701171875,2610.909912109375,91400
2023-12-26,2569.360107421875,2605.989990234375,2569.320068359375,2600.010009765625,131400
2023-12-27,2573.320068359375,2581.360107421875,2549.239990234375,2568.14990234375,94700
2023-12-28,2567.64990234375,2583.5,2556.2099609375,2566.81005859375,68800
2023-12-29,2585.610107421875,2585.8701171875,2554.760009765625,2570.75,116900
2024-01-02,2568.5,2623.580078125,2564.169921875,2590.0,177500
2024-01-03,2567.590087890625,2612.320068359375,2561.02001953125,2561.02001953125,168900
2024-01-04,2557.409912109375,2584.780029296875,2557.389892578125,2577.610107421875,127000
2024-01-05,2550.929931640625,2575.489990234375,2544.8798828125,2565.2900390625,190400
2024-01-08,2553.929931640625,2560.89990234375,2513.860107421875,2540.10009765625,135100
2024-01-09,2521.280029296875,2546.35009765625,2510.0,2541.85009765625,139800
2024-01-10,2537.159912109375,2542.909912109375,2514.080078125,2521.610107421875,152000
2024-01-11,2546.64990234375,2548.6201171875,2512.610107421875,2536.449951171875,108600
2024-01-12,2569.10009765625,2577.219970703125,2540.080078125,2540.080078125,109300
2024-01-16,2669.56005859375,2671.39990234375,2575.0,2578.719970703125,205400
2024-01-17,2669.2099609375,2692.6298828125,2655.75,2676.199951171875,144200
2024-01-18,2722.97998046875,2724.989990234375,2658.179931640625,2658.179931640625,183800
2024-01-19,2746.43994140625,2774.989990234375,2715.8798828125,2728.010009765625,195700
2024-01-22,2770.989990234375,2779.989990234375,2704.35009765625,2738.989990234375,220500
2024-01-23,2768.31005859375,2783.52001953125,2731.2099609375,2770.989990234375,155200
2024-01-24,2751.6201171875,2770.0,2743.389892578125,2770.0,113800
2024-01-25,2748.610107421875,2759.929931640625,2722.39990234375,2750.0,124100
2024-01-26,2780.239990234375,2780.239990234375,2748.050048828125,2748.050048828125,103000
2024-01-29,2794.43994140625,2806.7099609375,2776.89990234375,2783.800048828125,148200
2024-01-30,2838.659912109375,2849.989990234375,2785.070068359375,2803.7099609375,170300
2024-01-31,2762.1298828125,2840.800048828125,2758.669921875,2828.6298828125,202600
2024-02-01,2798.14990234375,2800.139892578125,2747.0,2751.85009765625,176500
2024-02-02,2821.889892578125,2841.81005859375,2773.81005859375,2794.969970703125,167700
2024-02-05,2803.97998046875,2810.199951171875,2769.820068359375,2801.1201171875,134700
2024-02-06,2811.860107421875,2820.0,2792.969970703125,2799.830078125,138700
2024-02-07,2842.5400390625,2855.2099609375,2807.199951171875,2812.0,153200
2024-02-08,2731.659912109375,2798.56005859375,2707.5,2757.0,283700
2024-02-09,2680.0,2742.31005859375,2679.409912109375,2735.0400390625,220900
2024-02-12,2703.8798828125,2709.10009765625,2672.31005859375,2680.0,142500
2024-02-13,2726.14990234375,2761.0,2689.77001953125,2701.510009765625,149600
2024-02-14,2726.8701171875,2740.360107421875,2708.0,2740.360107421875,95600
2024-02-15,2724.8798828125,2742.550048828125,2702.8701171875,2720.22998046875,148700
2024-02-16,2727.830078125,2746.679931640625,2719.75,2739.31005859375,152200
2024-02-20,2696.14990234375,2733.550048828125,2696.14990234375,2727.830078125,132000
2024-02-21,2729.68994140625,2740.110107421875,2680.9599609375,2699.830078125,139700
2024-02-22,2758.77001953125,2778.97998046875,2742.889892578125,2759.699951171875,109200
2024-02-23,2756.340087890625,2775.22998046875,2714.239990234375,2747.489990234375,223300
2024-02-26,2770.4599609375,2785.159912109375,2708.090087890625,2757.389892578125,221900
2024-02-27,2954.989990234375,2956.85009765625,2825.0,2850.0,376100
2024-02-28,3011.6201171875,3017.31005859375,2956.4599609375,2972.89990234375,253300
2024-02-29,3006.02001953125,3025.9599609375,2977.60009765625,3025.9599609375,253100
2024-03-01,3035.989990234375,3038.679931640625,2983.090087890625,3005.64990234375,134800
2024-03-04,3079.93994140625,3088.85009765625,3028.389892578125,3028.389892578125,166000
2024-03-05,3102.860107421875,3113.840087890625,3066.830078125,3083.8798828125,149700
2024-03-06,3104.199951171875,3130.25,3086.3701171875,3106.0,108700
2024-03-07,3124.010009765625,3152.659912109375,3094.7099609375,3127.919921875,119800
2024-03-08,3079.489990234375,3119.5400390625,3064.469970703125,3114.260009765625,139400
2024-03-11,3060.280029296875,3069.0,3014.719970703125,3069.0,146700
2024-03-12,3059.510009765625,3075.199951171875,3036.419921875,3065.35009765625,125900
2024-03-13,3089.239990234375,3105.5400390625,3042.570068359375,3059.510009765625,172100
2024-03-14,3119.0400390625,3119.0400390625,3079.449951171875,3110.5400390625,109000
2024-03-15,3124.330078125,3133.070068359375,3101.89990234375,3101.89990234375,290900
2024-03-18,3101.969970703125,3147.35009765625,3094.840087890625,3131.0,130000
2024-03-19,3153.81005859375,3161.43994140625,3130.93994140625,3134.949951171875,121600
2024-03-20,3187.3798828125,3192.199951171875,3154.75,3160.0,220900
2024-03-21,3210.39990234375,3236.1298828125,3160.14990234375,3185.10009765625,123500
2024-03-22,3239.320068359375,3256.3701171875,3180.27001953125,3207.300048828125,102000
2024-03-25,3170.820068359375,3237.429931640625,3168.56005859375,3237.429931640625,143900
2024-03-26,3191.47998046875,3206.3701171875,3166.580078125,3166.580078125,133800
2024-03-27,3192.7900390625,3212.52001953125,3171.110107421875,3208.8798828125,102100
2024-03-28,3151.64990234375,3198.590087890625,3151.550048828125,3198.590087890625,173100
2024-04-01,3168.60009765625,3182.139892578125,3139.139892578125,3139.139892578125,105600
2024-04-02,3170.0400390625,3198.489990234375,3155.06005859375,3179.3701171875,100300
2024-04-03,3146.6298828125,3189.02001953125,3145.830078125,3171.1298828125,100000
2024-04-04,3085.0400390625,3161.489990234375,3084.030029296875,3161.489990234375,117400
2024-04-05,3104.93994140625,3121.070068359375,3094.8798828125,3097.070068359375,84700
2024-04-08,3076.090087890625,3113.4599609375,3064.949951171875,3089.25,148300
2024-04-09,3043.6201171875,3078.10009765625,3016.47998046875,3078.10009765625,225900
2024-04-10,3025.75,3040.699951171875,3000.2900390625,3023.1298828125,90600
2024-04-11,3006.760009765625,3031.7900390625,2980.679931640625,3025.75,116500
2024-04-12,2962.320068359375,3006.72998046875,2955.260009765625,2994.75,147800
2024-04-15,2903.510009765625,3007.56005859375,2900.0,3007.56005859375,170400
2024-04-16,2910.27001953125,2926.300048828125,2877.199951171875,2910.300048828125,177200
2024-04-17,2938.260009765625,2949.4599609375,2900.0,2933.35009765625,119900
2024-04-18,2973.169921875,3005.0,2952.27001953125,2964.06005859375,132200
2024-04-19,2985.5400390625,2999.860107421875,2971.7099609375,2987.219970703125,114400
2024-04-22,2961.659912109375,3004.9599609375,2951.409912109375,3004.9599609375,167600
2024-04-23,2961.0400390625,2990.43994140625,2957.489990234375,2990.43994140625,84500
2024-04-24,2988.510009765625,2994.260009765625,2944.06005859375,2945.860107421875,128300
2024-04-25,2945.25,2952.550048828125,2851.419921875,2901.840087890625,236100
2024-04-26,2945.97998046875,2962.739990234375,2933.5,2934.56005859375,115800
2024-04-29,2998.780029296875,2998.780029296875,2943.610107421875,2944.97998046875,135600
2024-04-30,2956.39990234375,3005.18994140625,2943.070068359375,2997.889892578125,125000
2024-05-01,2946.81005859375,2970.85009765625,2927.580078125,2952.860107421875,95200
2024-05-02,2962.090087890625,2972.5400390625,2946.840087890625,2955.0,89800
2024-05-03,2952.199951171875,2987.110107421875,2949.820068359375,2966.5,102100
2024-05-06,2967.699951171875,2976.510009765625,2956.300048828125,2967.469970703125,117500
2024-05-07,2990.64990234375,3008.330078125,2973.239990234375,2986.7099609375,113400
2024-05-08,2962.52001953125,3004.909912109375,2957.679931640625,2991.1201171875,81300
2024-05-09,2987.050048828125,2990.7900390625,2970.02001953125,2977.419921875,77900
2024-05-10,2979.320068359375,3005.60009765625,2970.969970703125,2997.050048828125,105800
2024-05-13,2937.919921875,3003.929931640625,2919.5,3003.929931640625,162400
2024-05-14,2921.429931640625,2950.68994140625,2912.27001953125,2948.219970703125,214000
2024-05-15,2930.169921875,2938.719970703125,2911.219970703125,2921.429931640625,224200
2024-05-16,2900.989990234375,2942.929931640625,2890.800048828125,2932.60009765625,188300
2024-05-17,2917.5,2933.85009765625,2890.110107421875,2933.85009765625,191000
2024-05-20,2924.0400390625,2941.830078125,2905.030029296875,2917.5,246800
2024-05-21,2820.830078125,2895.0,2796.85009765625,2877.14990234375,293000
2024-05-22,2772.639892578125,2825.699951171875,2760.0400390625,2807.02001953125,236200
2024-05-23,2777.5400390625,2789.1298828125,2750.699951171875,2766.72998046875,141800
2024-05-24,2792.89990234375,2797.090087890625,2776.699951171875,2790.85009765625,93900
2024-05-28,2800.0,2803.25,2776.719970703125,2792.89990234375,125500
2024-05-29,2739.10009765625,2787.949951171875,2739.10009765625,2768.699951171875,182200
2024-05-30,2772.56005859375,2783.659912109375,2745.659912109375,2745.659912109375,112300
2024-05-31,2769.93994140625,2790.3798828125,2741.139892578125,2768.18994140625,161900
2024-06-03,2772.6201171875,2794.340087890625,2728.969970703125,2772.179931640625,157700
2024-06-04,2790.97998046875,2801.889892578125,2762.199951171875,2764.18994140625,143600
2024-06-05,2776.280029296875,2803.5,2750.530029296875,2801.719970703125,196700
2024-06-06,2764.68994140625,2785.050048828125,2753.610107421875,2785.0,151900
2024-06-07,2800.699951171875,2810.64990234375,2760.0,2761.75,110700
2024-06-10,2780.949951171875,2800.0,2765.820068359375,2800.0,164600
2024-06-11,2811.030029296875,2818.699951171875,2769.0,2778.3798828125,158000
2024-06-12,2817.929931640625,2823.25,2804.139892578125,2808.77001953125,172200
2024-06-13,2813.39990234375,2830.090087890625,2798.610107421875,2822.60009765625,93900
2024-06-14,2835.820068359375,2838.320068359375,2792.139892578125,2803.27001953125,114600
2024-06-17,2938.830078125,2943.820068359375,2835.0,2836.0,187200
2024-06-18,2968.75,2986.52001953125,2943.780029296875,2943.780029296875,120800
2024-06-20,3008.22998046875,3029.8798828125,2979.469970703125,2979.469970703125,287400
2024-06-21,2990.35009765625,3054.5,2984.81005859375,3020.81005859375,192100
2024-06-24,2985.43994140625,2992.570068359375,2962.3701171875,2981.550048828125,120700
2024-06-25,2936.409912109375,2986.0,2925.409912109375,2982.47998046875,124800
2024-06-26,2929.699951171875,2936.639892578125,2893.300048828125,2926.679931640625,142200
2024-06-27,2955.39990234375,2955.409912109375,2924.5,2951.0,106500
2024-06-28,2964.10009765625,2989.14990234375,2939.7900390625,2948.419921875,188400
2024-07-01,2832.7900390625,2956.35009765625,2806.510009765625,2956.35009765625,168700
2024-07-02,2870.0,2870.0,2811.340087890625,2833.739990234375,129100
2024-07-03,2844.8798828125,2870.0,2818.0,2869.590087890625,88700
2024-07-05,2815.0,2841.8701171875,2801.489990234375,2841.8701171875,110300
2024-07-08,2836.39990234375,2863.47998046875,2811.760009765625,2839.590087890625,99900
2024-07-09,2817.06005859375,2836.64990234375,2805.0,2836.39990234375,85500
2024-07-10,2856.35009765625,2859.510009765625,2802.7900390625,2829.43994140625,70700
2024-07-11,2881.89990234375,2885.14990234375,2836.81005859375,2838.7099609375,120600
2024-07-12,2920.830078125,2955.590087890625,2898.1298828125,2917.43994140625,110900
2024-07-15,2941.4599609375,2960.239990234375,2912.5,2912.5,115600
2024-07-16,2985.330078125,3007.64990234375,2954.68994140625,2954.68994140625,118100
2024-07-17,2984.110107421875,2996.469970703125,2957.510009765625,2996.0,109700
2024-07-18,2926.35009765625,2990.0,2921.27001953125,2983.590087890625,94100
2024-07-19,2950.39990234375,2973.7099609375,2931.909912109375,2949.340087890625,90300
2024-07-22,2957.72998046875,2976.139892578125,2940.679931640625,2955.830078125,91200
2024-07-23,2921.530029296875,2967.820068359375,2914.25,2940.0,86700
2024-07-24,2941.72998046875,2950.72998046875,2894.02001953125,2918.949951171875,126900
2024-07-25,3030.969970703125,3048.89990234375,2921.8701171875,2930.0,186200
2024-07-26,3090.31005859375,3115.179931640625,3028.340087890625,3028.340087890625,182600
2024-07-29,3072.659912109375,3102.580078125,3028.5400390625,3088.0,103400
2024-07-30,3108.39990234375,3116.679931640625,3046.739990234375,3074.89990234375,103300
2024-07-31,3133.68994140625,3145.590087890625,3098.090087890625,3100.0,127000
2024-08-01,3148.360107421875,3158.679931640625,3119.889892578125,3135.070068359375,100000
2024-08-02,3177.669921875,3178.800048828125,3119.27001953125,3145.989990234375,140200
2024-08-05,3112.429931640625,3192.169921875,3104.300048828125,3173.929931640625,181200
2024-08-06,3119.590087890625,3190.5,3112.8798828125,3112.8798828125,114000
2024-08-07,3084.340087890625,3163.8798828125,3083.320068359375,3115.679931640625,100900
2024-08-08,3157.02001953125,3168.9599609375,3084.18994140625,3084.340087890625,124200
2024-08-09,3120.25,3173.27001953125,3109.360107421875,3173.27001953125,73500
2024-08-12,3148.60009765625,3164.449951171875,3101.469970703125,3162.110107421875,125600
2024-08-13,3155.909912109375,3168.8798828125,3122.909912109375,3138.1298828125,120700
2024-08-14,3196.419921875,3225.580078125,3153.860107421875,3153.860107421875,111600
2024-08-15,3168.93994140625,3207.72998046875,3153.0400390625,3207.72998046875,109500
2024-08-16,3212.8701171875,3227.39990234375,3172.360107421875,3176.360107421875,86300
2024-08-19,3172.179931640625,3205.909912109375,3156.02001953125,3194.760009765625,128800
2024-08-20,3186.81005859375,3208.760009765625,3172.2099609375,3176.989990234375,75500
2024-08-21,3202.219970703125,3213.239990234375,3193.760009765625,3198.949951171875,79100
2024-08-22,3170.889892578125,3189.47998046875,3160.080078125,3180.0,87100
2024-08-23,3125.669921875,3192.68994140625,3108.2900390625,3192.68994140625,120900
2024-08-26,3157.10009765625,3178.14990234375,3136.760009765625,3136.760009765625,84000
2024-08-27,3181.85009765625,3187.27001953125,3148.179931640625,3148.179931640625,59800
2024-08-28,3196.699951171875,3211.330078125,3179.52001953125,3190.199951171875,60600
2024-08-29,3204.72998046875,3231.85009765625,3176.780029296875,3217.239990234375,93200
2024-08-30,3181.47998046875,3234.02001953125,3149.739990234375,3210.8701171875,129700
2024-09-03,3139.669921875,3185.72998046875,3128.7099609375,3185.72998046875,133600
2024-09-04,3166.7099609375,3169.72998046875,3117.2900390625,3141.159912109375,97000
2024-09-05,3141.169921875,3166.429931640625,3110.52001953125,3166.429931640625,86600
2024-09-06,3092.56005859375,3159.68994140625,3084.580078125,3143.22998046875,107600
2024-09-09,3120.5,3151.02001953125,3081.60009765625,3095.110107421875,105300
2024-09-10,3132.27001953125,3134.8701171875,3081.159912109375,3109.580078125,97200
2024-09-11,3119.31005859375,3123.14990234375,3046.489990234375,3123.14990234375,97300
2024-09-12,3104.760009765625,3126.030029296875,3083.68994140625,3114.830078125,98400
2024-09-13,3123.360107421875,3140.300048828125,3098.389892578125,3122.27001953125,95200
2024-09-16,3101.0400390625,3157.6201171875,3086.64990234375,3145.219970703125,117900
2024-09-17,3078.31005859375,3142.090087890625,3070.3701171875,3106.090087890625,145900
2024-09-18,3074.7099609375,3103.510009765625,3060.699951171875,3097.1201171875,124200
2024-09-19,3040.090087890625,3088.010009765625,3025.010009765625,3088.010009765625,207300
2024-09-20,3020.659912109375,3056.56005859375,3005.10009765625,3038.260009765625,281300
2024-09-23,3048.820068359375,3064.800048828125,3013.050048828125,3042.64990234375,203300
2024-09-24,3043.969970703125,3097.81005859375,2898.570068359375,2919.8798828125,315600
2024-09-25,3108.969970703125,3119.97998046875,3035.510009765625,3077.889892578125,138200
2024-09-26,3189.090087890625,3198.43994140625,3095.919921875,3095.919921875,126300
2024-09-27,3196.610107421875,3207.75,3169.35009765625,3178.739990234375,115600
2024-09-30,3150.0400390625,3200.0,3137.679931640625,3200.0,110100
2024-10-01,3172.97998046875,3182.4599609375,3119.919921875,3151.159912109375,110300
2024-10-02,3083.429931640625,3199.0,3076.0,3160.110107421875,176700
2024-10-03,3066.919921875,3079.2900390625,3041.3701171875,3062.43994140625,123600
2024-10-04,3033.580078125,3089.0,3020.989990234375,3080.0,94500
2024-10-07,3053.449951171875,3096.800048828125,3015.0,3025.239990234375,90500
2024-10-08,3102.090087890625,3102.489990234375,3042.070068359375,3072.219970703125,97200
2024-10-09,3146.070068359375,3159.81005859375,3085.360107421875,3088.06005859375,101500
2024-10-10,3106.550048828125,3156.43994140625,3083.56005859375,3156.43994140625,97300
2024-10-11,3129.780029296875,3138.989990234375,3100.110107421875,3122.169921875,67300
2024-10-14,3153.0400390625,3167.260009765625,3075.14990234375,3075.14990234375,98600
2024-10-15,3100.0,3160.610107421875,3076.75,3127.0,189200
2024-10-16,3128.639892578125,3136.780029296875,3078.4599609375,3100.0,133700
2024-10-17,3158.0,3158.0,3102.510009765625,3120.0,87000
2024-10-18,3182.070068359375,3197.2099609375,3141.43994140625,3180.4599609375,113400
2024-10-21,3218.47998046875,3223.489990234375,3185.0,3185.0,94100
2024-10-22,3172.050048828125,3201.419921875,3149.780029296875,3179.860107421875,83700
2024-10-23,3196.550048828125,3196.550048828125,3163.389892578125,3183.449951171875,130200
2024-10-24,3153.25,3171.179931640625,3112.330078125,3146.280029296875,111000
2024-10-25,3130.9599609375,3172.570068359375,3119.989990234375,3165.60009765625,85400
2024-10-28,3105.929931640625,3139.280029296875,3078.469970703125,3126.1201171875,109900
2024-10-29,3060.889892578125,3108.010009765625,3060.889892578125,3090.8798828125,106800
2024-10-30,3017.97998046875,3066.469970703125,3012.39990234375,3065.7900390625,109800
2024-10-31,3009.0,3029.14990234375,2990.39990234375,3008.93994140625,156700
2024-11-01,2981.18994140625,3026.919921875,2980.10009765625,3020.56005859375,127200
2024-11-04,3046.35009765625,3051.969970703125,2981.18994140625,2981.18994140625,102700
2024-11-05,3059.830078125,3071.919921875,3010.449951171875,3034.4599609375,138600
2024-11-06,3196.3798828125,3232.93994140625,3123.030029296875,3123.030029296875,215700
2024-11-07,3150.179931640625,3205.050048828125,3143.199951171875,3205.050048828125,140600
2024-11-08,3110.1201171875,3172.64990234375,3105.6298828125,3166.929931640625,145800
2024-11-11,3173.39990234375,3182.56005859375,3117.9599609375,3117.9599609375,173200
2024-11-12,3175.719970703125,3218.7099609375,3169.610107421875,3172.969970703125,127200
2024-11-13,3161.8701171875,3195.8701171875,3155.820068359375,3173.989990234375,103200
2024-11-14,3136.06005859375,3200.0,3131.219970703125,3189.0,107600
2024-11-15,3107.530029296875,3150.7900390625,3100.0,3133.0,117900
2024-11-18,3166.929931640625,3176.909912109375,3093.010009765625,3093.010009765625,130400
2024-11-19,3106.909912109375,3141.27001953125,3097.5400390625,3141.27001953125,144200
2024-11-20,3049.580078125,3121.449951171875,3036.39990234375,3121.449951171875,121200
2024-11-21,3068.68994140625,3083.389892578125,3055.02001953125,3083.389892578125,92400
2024-11-22,3099.3798828125,3114.929931640625,3082.080078125,3086.56005859375,126000
2024-11-25,3109.56005859375,3164.72998046875,3104.360107421875,3121.6201171875,206000
2024-11-26,3144.2099609375,3157.530029296875,3076.43994140625,3099.81005859375,247100
2024-11-27,3190.10009765625,3194.449951171875,3124.739990234375,3124.739990234375,137200
2024-11-29,3169.5400390625,3232.989990234375,3169.5400390625,3173.93994140625,93200
2024-12-02,3179.52001953125,3210.0400390625,3173.3798828125,3184.0,160500
2024-12-03,3189.5,3209.469970703125,3171.2900390625,3187.6298828125,130000
2024-12-04,3189.97998046875,3252.300048828125,3173.75,3177.27001953125,146600
2024-12-05,3190.070068359375,3242.550048828125,3179.0,3199.889892578125,105800
2024-12-06,3309.43994140625,3313.0,3218.0,3238.199951171875,185500
2024-12-09,3324.010009765625,3345.280029296875,3305.570068359375,3333.25,221800
2024-12-10,3347.159912109375,3416.7099609375,3270.0,3278.2099609375,230000
2024-12-11,3342.719970703125,3394.18994140625,3339.949951171875,3339.949951171875,119100
2024-12-12,3340.47998046875,3352.7099609375,3300.0,3338.5,125500
2024-12-13,3370.27001953125,3378.9599609375,3345.43994140625,3359.340087890625,111300
2024-12-16,3350.1298828125,3392.469970703125,3335.969970703125,3369.0,136100
2024-12-17,3319.110107421875,3352.159912109375,3314.3701171875,3350.0,136100
2024-12-18,3238.52001953125,3324.360107421875,3236.699951171875,3318.300048828125,136700
2024-12-19,3215.2900390625,3266.080078125,3209.25,3266.080078125,128600
2024-12-20,3253.469970703125,3274.260009765625,3206.159912109375,3221.1298828125,268800
2024-12-23,3242.22998046875,3251.840087890625,3198.919921875,3225.22998046875,175000
2024-12-24,3283.47998046875,3286.969970703125,3252.56005859375,3269.0,57500
2024-12-26,3241.25,3286.60009765625,3239.989990234375,3271.840087890625,80900
2024-12-27,3241.6201171875,3262.10009765625,3220.9599609375,3225.0,78600
2024-12-30,3185.7099609375,3235.780029296875,3180.489990234375,3235.780029296875,112500
