Date,Close,High,Low,Open,Volume
,SBUX,SBUX,SBUX,SBUX,SBUX
2015-01-02,32.89529800415039,33.517336161373976,32.67314041883128,33.174001151031725,6886000
2015-01-05,32.26517868041992,32.58427634658934,32.10764988191057,32.370198906649435,11623800
2015-01-06,32.002620697021484,32.47116684711797,31.731991635799837,32.45096959063308,7664400
2015-01-07,32.790279388427734,32.81047665414896,32.07130110480135,32.21267271983967,9732600
2015-01-08,33.31941223144531,33.64659004047814,33.1295690404229,33.25478653248208,13170600
2015-01-09,32.22882843017578,32.92357242824166,31.95820233934103,32.713531968437124,27556800
2015-01-12,32.406558990478516,32.64891079319874,32.240950024922974,32.43079324624943,10021400
2015-01-13,32.66505813598633,33.17803591228577,32.366154690528305,32.91144993422283,11040800
2015-01-14,32.48330307006836,32.628714773596286,32.156128277965756,32.33385437820445,9295000
2015-01-15,32.14401626586914,32.6771915697784,31.986487408918972,32.55601410366089,8126600
2015-01-16,32.56003189086914,32.62869763656246,31.909719636552722,32.01473982986942,9015600
2015-01-20,32.806419372558594,32.907399484844646,32.446930419353734,32.636773523518464,10738400
2015-01-21,32.8347053527832,32.97203687510985,32.52772483944129,32.737765273395596,10844200
2015-01-22,33.420379638671875,33.46077107032163,32.67312736731106,32.862970485900455,23913000
2015-01-23,35.63386917114258,35.82774929720429,34.91489113046473,34.93912537580518,38107200
2015-01-26,35.59348678588867,35.74697551485641,35.30670351031563,35.581366578467424,14098600
2015-01-27,35.68234634399414,36.033758395280934,35.32285723618491,35.4561517813285,10994200
2015-01-28,35.37133026123047,36.187248596704684,35.33901587048478,35.82775947425115,11963200
2015-01-29,35.969120025634766,36.07010014577224,35.3713163584867,35.54904235606264,12475800
2015-01-30,35.355167388916016,35.92469687809787,35.29861875502597,35.77928522476078,10070400
2015-02-02,35.54096221923828,35.581353650957844,34.680612705103556,35.41574785640701,13638800
2015-02-03,35.873382568359375,35.873382568359375,35.24096771271327,35.666633461193015,9252400
2015-02-04,35.95853805541992,36.25447778928709,35.670707954216866,35.674762770548924,11496600
2015-02-05,36.339599609375,36.392299834405044,35.962582218067574,35.962582218067574,7598600
2015-02-06,36.08015060424805,36.355819294379245,35.95042434376972,36.282848079552814,7835400
2015-02-09,36.00718307495117,36.16528687443822,35.73151435660379,35.88151161713283,6911600
2015-02-10,36.96390914916992,37.04498689648504,36.21392916129277,36.23014532933935,12469600
2015-02-11,36.80580139160156,37.211196270117384,36.773369059020105,36.955798610102704,6467000
2015-02-12,37.227413177490234,37.272006862448094,36.522023847930015,36.927418734515996,7197600
2015-02-13,37.12607955932617,37.292289922126336,36.85446561711688,37.292289922126336,6109600
2015-02-17,37.308494567871094,37.39362713123334,36.99634183554286,37.20309102102924,6387000
2015-02-18,37.70172882080078,37.83550989117488,37.29633388724378,37.45443766389758,6542000
2015-02-19,37.77064895629883,38.017940137682544,37.70578736882606,37.76254241770906,6109200
2015-02-20,37.908485412597656,37.97334700102333,37.6895717524393,37.88821442644812,6461400
2015-02-23,37.936859130859375,38.07874674091434,37.73416166137573,38.04631440349665,5854600
2015-02-24,37.8841552734375,38.10306890853335,37.76659346456773,37.80713233930743,6337800
2015-02-25,38.2125358581543,38.443610898298346,37.803086017576746,37.823357005960034,8119600
2015-02-26,38.3300895690918,38.439544832741284,38.13955346855597,38.22874084267212,6816400
2015-02-27,37.90037155151367,38.43144101876849,37.81118417107769,38.42738620340743,8658400
2015-03-02,38.20037078857422,38.3300970600274,37.835514683575184,37.835514683575184,7947000
2015-03-03,38.10712814331055,38.192260718012434,37.78281092194486,38.1476670227517,7578400
2015-03-04,37.72605895996094,38.18415730460345,37.30039605161168,38.030105220032624,7774600
2015-03-05,37.95711898803711,38.090900031880466,37.72604404545189,37.81523140801413,5848400
2015-03-06,37.38554000854492,37.98552307894165,37.24770405372225,37.82336749856595,6814400
2015-03-09,37.71793746948242,37.75442152162815,37.33281050363516,37.45443019662214,5984800
2015-03-10,37.36930847167969,37.66524816076951,37.20309504931953,37.361201933160785,6077000
2015-03-11,37.06120300292969,37.69362118402408,36.980125255749336,37.344981303896525,8185800
2015-03-12,37.85576629638672,37.916576136553694,37.231457916978506,37.2841612218178,7295400
2015-03-13,37.81929016113281,38.257117390443234,37.57199902751772,37.57199902751772,5835200
2015-03-16,38.12739181518555,38.35846678588107,38.00171729223349,38.10712083289461,6772600
2015-03-17,38.26522445678711,38.301711606193166,37.944962113856775,38.009826782615264,5508800
2015-03-18,38.85304260253906,39.14898221659062,37.84361024884624,38.107117531209354,15430000
2015-03-19,39.63140869140625,40.21517527959448,39.07196171604035,39.22601376684212,22020600
2015-03-20,39.509788513183594,40.093558187438525,39.32736203643782,39.92734478571736,17360600
2015-03-23,39.47330856323242,39.688167398224664,39.2057464037128,39.680057766950554,7986000
2015-03-24,39.69626235961914,39.86247573016494,39.22600594916335,39.36789352589927,7718400
2015-03-25,38.824676513671875,39.923299649348785,38.824676513671875,39.78546374555931,9907200
2015-03-26,38.54493713378906,38.816550899085776,37.969277277898996,38.65439236551929,10344400
2015-03-27,38.5408935546875,38.89763995819302,38.41116730860207,38.512516035009995,7993400
2015-03-30,38.90980911254883,39.1206131281065,38.71521817341109,38.93413182009677,6830200
2015-03-31,38.39090347290039,38.99899594454877,38.38685174999054,38.78413709943326,8717800
2015-04-01,37.7098388671875,38.30982478555963,37.52335755155083,38.22063739701205,14125400
2015-04-02,38.26522445678711,38.36657318203401,37.79091316493184,37.8719909079623,8863000
2015-04-06,38.31792449951172,38.43143766930301,37.88415208122014,38.046310659432926,6058800
2015-04-07,38.13550567626953,38.49630696133302,38.09091198099937,38.27334157790046,5354600
2015-04-08,38.60575866699219,38.62602655675564,38.04225689621659,38.04225689621659,6827800
2015-04-09,38.88547897338867,38.909804771140486,38.30981894425149,38.634136108988955,7109600
2015-04-10,39.05574417114258,39.404384041411156,38.82061747380145,39.404384041411156,6643100
2015-04-13,39.32331085205078,39.639518423829244,39.22601692833081,39.3719593603698,8171000
2015-04-14,39.161155700683594,39.49357947118838,38.8935966136521,39.339530487316814,5952400
2015-04-15,39.03141403198242,39.57464471659739,39.023307496204794,39.57464471659739,5162200
2015-04-16,39.12060546875,39.30708674024887,39.04763426747501,39.10438930258695,5312500
2015-04-17,38.60980987548828,38.91791086921988,38.42332859039006,38.83683312540941,7539900
2015-04-20,38.893577575683594,39.01519415828856,38.67466401549445,38.83682255188457,4868400
2015-04-21,39.2178840637207,39.30707139634358,38.93410899893541,39.201667903887795,6213400
2015-04-22,39.19358444213867,39.40438845822597,38.90169957915776,39.3233107042504,7248100
2015-04-23,40.07734680175781,40.29626045572546,39.14493713777539,39.36385079174305,15866100
2015-04-24,42.03135299682617,42.234050493320716,41.04218822419891,41.60974183296731,22284900
2015-04-27,41.244873046875,42.112417817857065,41.15568568095616,42.00701737896879,11222600
2015-04-28,41.0340690612793,41.188117997772096,40.523270661240694,41.02595943188013,8882900
2015-04-29,41.06650924682617,41.30974559572328,40.70165317702152,40.88002484998981,7162000
2015-04-30,40.19896697998047,41.0908346828075,40.077347250995786,41.05029580411867,8492000
2015-05-01,40.774600982666016,40.88000138116399,40.280018937856624,40.498932454063215,5916500
2015-05-04,40.904361724853516,41.29354060704339,40.758419257417465,40.7827419710172,7493400
2015-05-05,40.18858337402344,40.709139312287775,40.14791552311369,40.61966817863144,10691200
2015-05-06,39.79816818237305,40.4244630429382,39.50535467844563,40.40819528130242,8033500
2015-05-07,40.1397705078125,40.30244497537073,39.627350123726565,39.64361788075813,5681400
2015-05-08,40.48952102661133,41.018212290066096,40.22924310998183,40.66033093038991,6039800
2015-05-11,40.26179122924805,40.84741827637437,40.16418775564649,40.432598083740395,5047200
2015-05-12,40.432594299316406,40.66033985341475,39.85510273898492,39.97710939663611,5868600
2015-05-13,40.334983825683594,40.79047175197018,40.204844861424235,40.546458479070935,4927100
2015-05-14,41.12395477294922,41.148354860163224,40.40005345710339,40.65219906842662,7339700
2015-05-15,41.319175720214844,41.35984358031344,40.985694302992236,41.31104338929866,6016700
2015-05-18,41.62825393676758,41.717725083965895,41.12396568309179,41.19716906691235,8999800
2015-05-19,41.82345199584961,42.067465291855115,41.4493028260195,41.8722552756023,6976100
2015-05-20,41.50624084472656,41.83972218550787,41.018220429890846,41.73398639404027,5644700
2015-05-21,41.750244140625,41.8478475796292,41.30288858111117,41.43302753403591,5084000
2015-05-22,41.87224578857422,42.010520165165595,41.652635733581256,41.750242270971846,5857700
2015-05-26,41.35169982910156,42.1162659371813,41.205293090973406,41.79092004348605,7369900
2015-05-27,41.961734771728516,42.051205917738365,41.408643235266304,41.51438214443782,6213600
2015-05-28,42.14067459106445,42.24641039127315,41.84786107685307,42.16507468299594,5874400
2015-05-29,42.2626838684082,42.482294033763296,41.84786673568779,42.25455153758415,9399100
2015-06-01,42.47416305541992,42.66937002900111,42.026807276881975,42.262685214154914,7075100
2015-06-02,42.075599670410156,42.53921999099605,42.01866405930369,42.27894202514987,7877800
2015-06-03,42.39280319213867,42.51480981714677,42.02678641987174,42.29519975378661,5522700
2015-06-04,42.06745910644531,42.44160822126222,41.94545247638187,42.18946263375126,6230800
2015-06-05,42.44974899291992,42.653091348303676,41.70145061443159,41.94546082034048,7123200
2015-06-08,41.91293716430664,42.48229654111756,41.88040473633152,42.29522189353493,6320200
2015-06-09,41.92106628417969,42.05120528475547,41.56318170552739,41.76652408784946,5034000
2015-06-10,42.85643768310547,42.99471211104006,42.01866809401622,42.13253932716329,8003600
2015-06-11,42.693756103515625,43.10857308306382,42.6530851561368,42.95403403240031,6030200
2015-06-12,42.807640075683594,42.897111222186915,42.425355396172534,42.62869778267696,5236700
2015-06-15,42.51481628417969,42.66935534364088,42.30333851569823,42.482280765527484,5555000
2015-06-16,43.08417892456055,43.22245023584806,42.45788410240152,42.51481971325615,6106500
2015-06-17,43.30377960205078,43.490854154484595,42.88082722590405,43.18177297523171,6735300
2015-06-18,44.01141357421875,44.149684866695516,43.433922112537545,43.515257801905335,10711000
2015-06-19,43.86500549316406,44.27982246051,43.79180213389624,43.987012126196284,10609700
2015-06-22,43.840606689453125,44.2716914273244,43.824338931056026,44.19035573809657,7100700
2015-06-23,44.019561767578125,44.06836506044307,43.69421579008816,43.954493813183646,5679000
2015-06-24,43.68606948852539,43.89754726890415,43.53153042037015,43.71860500900797,5525000
2015-06-25,43.978885650634766,44.287966908561216,43.921950037695446,43.9951534118686,5389900
2015-06-26,44.42623519897461,44.5319740884134,44.16595724247758,44.29609622072609,6637200
2015-06-29,43.5559196472168,44.239149893174435,43.523384134848044,43.816197540652354,6534100
2015-06-30,43.61286926269531,44.165960739737265,43.22245229703479,44.04395718326986,9794000
2015-07-01,43.832481384277344,44.09275937324038,43.5966034871676,43.80808129242405,6107700
2015-07-02,44.117156982421875,44.49130615634248,43.88127911517533,43.946347052799005,5684700
2015-07-06,44.17409133911133,44.255427034524686,43.620999922578406,43.629132251016586,5396400
2015-07-07,44.23102569580078,44.361164666437155,43.401388594459746,44.15782233089546,9462300
2015-07-08,43.42580032348633,43.93822401519477,43.36073237210354,43.80808500967057,8139300
2015-07-09,43.962615966796875,44.32863282165574,43.824344656493565,43.97888372731928,7681000
2015-07-10,44.38557434082031,44.51571333956588,44.06836072530041,44.36117424816754,8087800
2015-07-13,45.30467987060547,45.45921895213152,44.6539849184454,44.73532062393105,7477200
2015-07-14,45.345340728759766,45.59748634128469,45.15826615279268,45.516147545587394,7028000
2015-07-15,45.01185989379883,45.50801569308631,44.97119204690399,45.483612502743135,8212600
2015-07-16,45.337215423583984,45.67882911015731,45.27214437694624,45.597493404618405,7305500
2015-07-17,45.296546936035156,45.46735689138667,45.03626894081951,45.46735689138667,8715400
2015-07-20,45.719486236572266,46.150574062513115,45.30466927123178,45.32906935661723,8029600
2015-07-21,45.711360931396484,45.93097104187563,45.369744169731796,45.85776767171591,6717500
2015-07-22,46.10990905761719,46.25631579430898,45.75202764723611,45.898434383927906,6876100
2015-07-23,46.00417709350586,46.36205853361449,45.678828073219314,46.34579077232434,12439200
2015-07-24,46.597938537597656,48.24094526953296,46.484067306145626,48.086403081626614,14559700
2015-07-27,46.34579849243164,46.7443509535341,46.240059577811195,46.53287312429321,8993500
2015-07-28,46.47592544555664,46.68740321993901,46.00417282296768,46.67926778867004,8689200
2015-07-29,46.77687072753906,47.0127485876052,46.475924931829994,46.67113494427456,8470500
2015-07-30,47.22422790527344,47.29743127449132,46.37018756347878,46.60606543126507,7337900
2015-07-31,47.11848449707031,47.53330148101821,46.95581001410258,47.53330148101821,6519500
2015-08-03,47.32996368408203,47.956258486672965,47.207960137244626,47.67971276998032,7664000
2015-08-04,47.87643814086914,47.8927507586965,47.329976333250634,47.509412018037864,9113100
2015-08-05,48.129268646240234,48.38210951728263,47.982461330666055,48.24345695372964,7349100
2015-08-06,46.67748260498047,48.28423952349655,46.563297402686345,48.22714692234949,11064500
2015-08-07,46.652992248535156,46.783490002757574,46.090218155510094,46.75902264612583,7782000
2015-08-10,45.89449691772461,47.00372996041373,45.47037821838386,46.72642169974145,12029200
2015-08-11,45.959739685058594,46.03314489706502,45.05441288539684,45.502998909296956,8062600
2015-08-12,45.984195709228516,46.00050831913726,44.817870546906946,45.421421556969506,10064400
2015-08-13,46.36753845214844,46.693784479059964,46.090230262667454,46.09838812456223,6731500
2015-08-14,46.57144546508789,46.58775807897421,46.212577293527815,46.449105527909964,4803900
2015-08-17,47.09343719482422,47.10974669650382,46.26966735092852,46.48988295935669,5768400
2015-08-18,47.16684341430664,47.354433800793494,47.02818775653896,47.27287073407343,5575400
2015-08-19,46.971092224121094,47.37074344774075,46.58775361282394,46.96293747361617,6044200
2015-08-20,45.51930618286133,46.61222637153418,45.486680956617285,46.48988332877543,7470900
2015-08-21,43.096946716308594,44.74448365506268,42.901198428669694,44.6302984503206,20211500
2015-08-24,41.05789566040039,42.95826942191348,34.29647349944222,39.19014400432278,27158800
2015-08-25,41.66962814331055,43.724971296224304,41.63700290803088,43.19482211252761,19659000
2015-08-26,44.01042938232422,44.16539767683602,41.81643389292489,43.21928773921135,15517600
2015-08-27,45.63349151611328,45.84554926478356,44.37744830332975,44.662911255638356,15987900
2015-08-28,45.37251663208008,45.9271332879135,45.02180306702912,45.429609248594026,7584800
2015-08-31,44.622135162353516,45.24200207176786,44.450857376059986,45.01362857873005,7971200
2015-09-01,43.63524627685547,44.33667316341503,43.015382465077934,43.22744023688486,13424900
2015-09-02,45.070716857910156,45.095187333118005,43.839144131292414,44.45085311917091,9891100
2015-09-03,44.6058235168457,45.478528193182974,44.43454572683106,45.445906074594355,7968900
2015-09-04,44.27142333984375,44.50795159314117,43.91255513958482,43.93702250671448,6994300
2015-09-08,45.02993392944336,45.225682161711575,44.47531756788145,45.111496989268694,8051700
2015-09-09,44.6058235168457,45.67427646128054,44.507950938453504,45.59271649783924,8406700
2015-09-10,45.160438537597656,45.42143414585,44.31220436643406,44.320359117992474,8924800
2015-09-11,46.1065559387207,46.11471380292688,44.88313765813497,45.013635483611566,8363100
2015-09-14,45.91080093383789,46.4164795104588,45.71505268184529,46.11470393697842,5463900
2015-09-15,46.416481018066406,46.66116400751977,45.77214676049924,46.02498761267842,6741300
2015-09-16,46.70195007324219,46.77535529077541,45.845557942896924,46.351239713153944,6593400
2015-09-17,46.7182502746582,47.3870518072062,46.52250515412896,46.750875498517274,7525300
2015-09-18,46.359375,47.003709070988,45.902631270316334,46.07391211351778,16268000
2015-09-21,46.93031692504883,47.17499991164094,46.45726045449948,46.65300871056097,6220100
2015-09-22,46.58776092529297,46.693791366375564,46.24520534669048,46.36754529134287,8585100
2015-09-23,47.13421630859375,47.248401486136935,46.530662084177656,46.62037989833666,6829200
2015-09-24,47.60726547241211,47.745921112539044,46.62853057548291,46.79981143814706,10027300
2015-09-25,47.29734420776367,48.08848578156247,47.09344119500808,48.055860552806436,10627000
2015-09-28,45.4866828918457,47.65621074837182,45.36433984388188,47.31365208086088,11548100
2015-09-29,45.445899963378906,45.918953288089604,44.70369319514189,45.55192727933223,9392100
2015-09-30,46.359375,46.408312828245,45.356172855818336,46.00050692680634,9799600
2015-10-01,46.88137435913086,46.897686971434965,45.58455123842476,46.481726247274594,8497100
2015-10-02,47.37076187133789,47.378916625014384,46.114718235814415,46.48174437753411,9036800
2015-10-05,48.15373229980469,48.26791747979668,47.3625876794133,47.705146330702085,8199000
2015-10-06,47.86827087402344,48.23529692476354,47.484935319973204,47.97430131341793,5538000
2015-10-07,47.941673278808594,47.982456368636775,47.223936945263915,47.81117548077202,8138300
2015-10-08,48.49628829956055,48.70019129756877,47.62358371699038,47.94167189607315,6834800
2015-10-09,48.99381637573242,49.026441604967715,48.36579471386193,48.50445038245539,7969900
2015-10-12,49.37715148925781,49.6626144462505,48.96934548708948,49.2221832171936,6430300
2015-10-13,49.067222595214844,49.548433846738575,48.95303740185551,49.2140330184806,6262800
2015-10-14,47.97429656982422,49.07537150185953,47.656208394405695,48.93671895824132,8365600
2015-10-15,48.683876037597656,48.79806432377702,47.37074341531794,48.080324938641475,9745900
2015-10-16,48.87962341308594,49.17324420689303,48.49628480880304,48.904090775465654,12860800
2015-10-19,49.727867126464844,49.98886273063296,48.83069201473806,49.04275288769529,8117200
2015-10-20,49.65446472167969,50.045958150034416,49.393469102776535,49.93177295567844,6089100
2015-10-21,49.368995666503906,49.850206893395764,49.06722008359942,49.80942691375673,6055300
2015-10-22,50.151981353759766,50.33141387128635,49.0753706920365,49.719704894402525,9182000
2015-10-23,51.06544494628906,51.22041003680967,50.2579880589604,50.65763912893976,8206000
2015-10-26,51.7342643737793,52.06866513678065,51.35908363700949,51.36723838723815,9751700
2015-10-27,51.14702606201172,51.71795506517219,50.722907462844304,51.68532983954868,8973200
2015-10-28,51.799530029296875,51.80768789372326,50.91051259695392,51.473287012455565,9627300
2015-10-29,50.97575759887695,51.79136972045898,50.33142327611195,51.726119257302024,14839100
2015-10-30,51.032840728759766,52.19916609510223,50.779999897914024,51.94632526425649,16822300
2015-11-02,50.763694763183594,51.465118504420644,50.66581907819078,51.39171329633255,8547200
2015-11-03,51.22043991088867,51.36725033966582,50.282487850716066,50.56795084483093,8847700
2015-11-04,50.53532028198242,51.41618276171015,50.02964169805333,51.41618276171015,9085100
2015-11-05,50.79631805419922,50.94312847376849,50.576102424845324,50.7066002298721,6145000
2015-11-06,50.543479919433594,50.763695547098564,50.24985908254697,50.60872726579003,6616300
2015-11-09,50.19163513183594,50.70713535460815,49.79887409780523,50.5271187101572,6838300
2015-11-10,50.878963470458984,50.99351837230604,50.08525719139442,50.35528213550845,6689000
2015-11-11,50.62530517578125,51.19808282017889,50.57621200031579,51.18171738789472,4437300
2015-11-12,49.9706916809082,50.445279740820254,49.70885106902097,50.19162028244799,6793800
2015-11-13,48.88241958618164,50.19980386282033,48.7760458570267,49.823408355209274,8821600
2015-11-16,49.651580810546875,49.65976196524495,48.68604224406292,48.68604224406292,8096600
2015-11-17,49.54521179199219,50.37164895764742,49.4552034748033,49.87251419606324,6695300
2015-11-18,50.56803512573242,50.62531258641787,49.36520532995044,49.635227198697926,7215300
2015-11-19,50.28982162475586,50.67440148002223,50.23254417244645,50.56802773085316,5154400
2015-11-20,50.72349548339844,50.8544158143842,50.38801194016075,50.698945775385106,8302500
2015-11-23,51.2553596496582,51.70539810714955,50.813502347516014,50.84623321168662,8493500
2015-11-24,50.698944091796875,51.034427623893976,50.09343875161519,50.78077124681251,7908200
2015-11-25,50.88714599609375,51.14080551514823,50.73167907102704,50.77259109116175,4549900
2015-11-27,50.878963470458984,51.04261466797777,50.67440025390725,50.88714462571079,2447900
2015-11-30,50.2325439453125,50.96897278794226,50.07707702137379,50.813502742616514,9863800
2015-12-01,50.2161865234375,50.46984608111456,49.512488432981016,49.9788955219711,10910800
2015-12-02,50.09343338012695,50.49437547185698,50.011606233885594,50.42891687625036,6587500
2015-12-03,48.72696304321289,50.281644912560964,48.39966373272041,50.21618317763007,12056100
2015-12-04,50.527095794677734,50.62528522830689,48.7678515346488,48.98059894912876,9100600
2015-12-07,50.64167022705078,50.690766523533895,50.273455806895,50.52711532331054,5967800
2015-12-08,50.86259841918945,51.08352706928505,50.338917080320044,50.47801857035042,6664900
2015-12-09,50.060699462890625,51.173523612687134,49.766127997193166,50.49437238661952,8541600
2015-12-10,50.62530517578125,50.84623382953693,49.92160719449732,50.01979978820232,6623900
2015-12-11,48.9478759765625,50.068881294984806,48.76785938477705,49.798859528692944,11489300
2015-12-14,49.02969741821289,49.20971400052818,47.95778844159118,49.12788998386822,13406100
2015-12-15,49.07880401611328,49.651581617274196,49.07062286128228,49.54520787615037,7842100
2015-12-16,49.38155746459961,49.50429663870486,48.69422495666129,49.357010878333305,9281800
2015-12-17,48.7024040222168,49.77431624770395,48.66149200902128,49.635211657175354,9079400
2015-12-18,47.96598815917969,48.68605164574385,47.67960086864202,48.44057637937052,18099500
2015-12-21,48.71876907348633,48.78422766981359,47.99870578556745,48.186903541914766,7187500
2015-12-22,49.08699035644531,49.15244896200626,48.50602845463706,49.046075216409406,6501400
2015-12-23,49.37338638305664,49.39793297433107,49.062449367568036,49.30792464447483,4510200
2015-12-24,49.35700225830078,49.51246914648039,49.234263105631506,49.397914268728435,2204300
2015-12-28,49.25064468383789,49.36520272054084,48.75151299873235,49.11154317849389,4437200
2015-12-29,50.01979446411133,50.17526137218249,49.381555158511006,49.471563465799946,5477300
2015-12-30,49.76613235473633,50.24072045133432,49.70885491154506,50.09343470558919,3973900
2015-12-31,49.11971664428711,49.75795597758549,49.1115354893543,49.62703564895269,4960900
2016-01-04,47.67141342163086,48.13782045453556,47.13136662295859,48.08872415597002,13521500
2016-01-05,47.99052429199219,48.105079175794245,47.44229333487117,48.105079175794245,9617800
2016-01-06,47.56503677368164,47.89233602522387,47.16409152291296,47.21318781526834,8266300
2016-01-07,46.386756896972656,47.38502645791251,45.95308384834863,46.5422269494131,11140900
2016-01-08,46.3376579284668,47.23773477915147,46.25583077388569,46.9758941272655,10427000
2016-01-11,47.31138610839844,47.55686137321528,46.46040227707188,46.64041892791832,10757300
2016-01-12,48.653316497802734,48.71059395087154,47.60595378867355,47.77778614787998,12375800
2016-01-13,47.352291107177734,49.0951705351644,47.295013657930994,48.931519342436474,11303600
2016-01-14,48.26055145263672,48.62876584975643,46.574949502148066,47.05771879584128,11444100
2016-01-15,47.45866775512695,47.77778588371363,46.435851639714734,46.6976923155493,15246100
2016-01-19,47.9087028503418,48.59603535638737,47.556853881688305,48.00689231652349,12289000
2016-01-20,46.574954986572266,47.42593877759261,44.95481456985308,47.10682063630678,22786400
2016-01-21,48.30146408081055,48.58785444725404,47.18863972049876,47.32774432623117,20888500
2016-01-22,48.41602325439453,48.60422417077939,46.97589950418341,47.090454412322266,32820200
2016-01-25,47.22136688232422,48.58785063929612,47.139542853402766,48.57148520923451,13554300
2016-01-26,47.957794189453125,48.17053853109864,47.29500833808079,47.39319779411822,8898100
2016-01-27,47.155914306640625,48.24418901295591,46.85315849391,48.170546128965626,12491300
2016-01-28,48.51421356201172,48.620584188043246,47.458666607302625,47.69596068947202,11832400
2016-01-29,49.7252197265625,49.81522802800376,48.80059325001125,48.91514813497774,13224400
2016-02-01,50.24072265625,50.55984074557408,49.31609612769014,49.63521421701421,9529100
2016-02-02,49.83025360107422,49.994439574919646,49.40337132171091,49.79741577998774,9407400
2016-02-03,48.86978530883789,50.1832704415706,48.02423146632532,49.9780386831675,12254500
2016-02-04,47.85183334350586,48.80410849370354,47.605555881342084,48.77127066365828,13944900
2016-02-05,44.73230743408203,47.77794543215125,44.535283603375944,47.6958508645289,24529000
2016-02-08,44.44498062133789,44.71588799391972,43.20538241492144,43.58300802677413,21457500
2016-02-09,44.67484664916992,45.38905540689988,43.64868788051106,43.66510679660017,11605100
2016-02-10,45.26590347290039,46.25922415419005,45.15918211153268,45.38083272440997,11663900
2016-02-11,45.085304260253906,45.47114090891704,43.96063527373574,44.23975054757101,12106100
2016-02-12,45.85696792602539,46.00473498887771,45.1838082537368,45.61069053180051,8680200
2016-02-16,46.30848693847656,46.669693652056004,45.95548811611108,46.620440041596964,11594800
2016-02-17,47.310020446777344,47.3346472528785,46.10325684241695,46.546558141764166,11955200
2016-02-18,46.75999450683594,47.26076040654925,46.521924959170995,47.26076040654925,8494000
2016-02-19,47.34284973144531,47.4988278364862,46.39878573698352,46.72715459660995,9033600
2016-02-22,48.327972412109375,48.39364807635735,47.75332287629172,48.130951682541514,8390700
2016-02-23,47.99138641357422,48.35259625823964,47.61376078650367,47.98317852237166,7064100
2016-02-24,47.70406723022461,47.90108795141064,46.20176935613862,46.96523169680725,10780900
2016-02-25,48.22946548461914,48.22946548461914,47.613770180560174,47.99139588213516,6262100
2016-02-26,47.89287185668945,48.60707732894236,47.548080956285986,48.43468344453431,7473400
2016-02-29,47.78615188598633,48.55782514049114,47.6958494301113,47.818989712047696,7645100
2016-03-01,49.2884521484375,49.41980032802904,48.024223962626635,48.24587460286005,9183600
2016-03-02,48.894405364990234,49.25561205938758,48.29512912739151,49.11605599504797,8856400
2016-03-03,48.46751403808594,48.59886218731164,47.777935471754304,48.53318654690534,8261900
2016-03-04,48.18840408325195,48.59065646404177,47.802567482766534,48.54961075010629,8344800
2016-03-07,47.613765716552734,48.16378530011621,47.04732721729645,47.974972467030774,9199100
2016-03-08,47.28538131713867,47.802566065839976,47.00626608642861,47.26896553732086,8127400
2016-03-09,46.85029983520508,47.589135327846456,46.62044129597786,47.433157206295654,9734600
2016-03-10,47.21971130371094,47.49882654920205,46.72715333023921,47.211500281780054,7014500
2016-03-11,47.27717971801758,47.695851053998275,46.43983391446862,47.695851053998275,15497600
2016-03-14,48.147361755371094,48.25407999279105,47.203294610525596,47.268970262710916,9053300
2016-03-15,48.50035095214844,48.56602345974086,47.75330464862504,47.87644490629275,7428500
2016-03-16,48.98468780517578,49.10782804551355,48.14734544458997,48.14734544458997,8069400
2016-03-17,48.886192321777344,49.239191110804434,48.73842524118055,48.82051980350508,7734700
2016-03-18,49.00932693481445,49.6250219889413,48.78767633953835,49.181720798389094,14313600
2016-03-21,48.51676559448242,49.14067162573123,48.45109308842751,48.894394247748494,6487200
2016-03-22,48.74664306640625,48.886199144453705,48.081691110918364,48.43468994921082,8246800
2016-03-23,48.295135498046875,48.76306362380888,48.18020309088065,48.549620856373785,5794500
2016-03-24,47.9092903137207,48.262289101249856,47.84361466413977,48.18840556126498,5948300
2016-03-28,48.40184783935547,48.82052229964857,47.94213079318266,48.07347896803025,5791600
2016-03-29,48.886192321777344,49.04217042440027,48.28691610895139,48.28691610895139,6031400
2016-03-30,49.26382827758789,49.46906002919382,48.85336477437604,49.255620385422375,5723500
2016-03-31,49.00932693481445,49.42799819372244,48.9929080242473,49.066791556006,5622800
2016-04-01,50.09296417236328,50.21610133912485,48.77127124730919,48.935457267912476,9401100
2016-04-04,49.460845947265625,50.224308218223456,49.321289876800535,50.15863256276627,5799900
2016-04-05,49.2884521484375,49.44442713308132,48.7958941262785,49.15710396884595,4994800
2016-04-06,49.936981201171875,50.00265371997381,49.181726879631704,49.272029333123314,5667300
2016-04-07,50.216102600097656,50.519847841896826,49.698920849854,49.73996657313855,8239200
2016-04-08,50.1093864440918,50.60194140730693,49.830271129846395,50.487012124662606,5064900
2016-04-11,49.994449615478516,50.487004504349315,49.895936132434265,50.257145973754625,6103400
2016-04-12,48.845149993896484,48.99291708474116,47.91750173061326,48.39364083035445,17565800
2016-04-13,49.428009033203125,50.14221770735768,49.05038340210686,49.51831149533216,9898500
2016-04-14,49.36233901977539,49.58398967493714,49.18173408632777,49.469057269914586,5157400
2016-04-15,49.674285888671875,49.764588349721315,49.26382243414725,49.45263837902569,5965300
2016-04-18,49.98622512817383,50.133992181349164,49.55113498915019,49.82203916558047,7228600
2016-04-19,49.994449615478516,50.28177277872188,49.649658687998866,50.207889232232496,7283600
2016-04-20,49.994449615478516,50.42953987170064,49.95340076508294,50.10937888077586,5558800
2016-04-21,49.78101348876953,50.158639162572946,49.649665292160165,49.994456265502265,12799100
2016-04-22,47.351070404052734,48.516785260425955,46.81746659247522,48.44290170392427,29836700
2016-04-25,47.42495346069336,47.58092846429159,47.26897845709514,47.30181315729244,8428000
2016-04-26,47.383907318115234,48.163785460804085,47.25255912372246,47.65481159898059,8839100
2016-04-27,46.710723876953125,47.32641881488351,46.480862303980366,47.21148646260393,12390800
2016-04-28,46.31669616699219,47.08836949006592,46.23460472613179,46.45625537436014,9196600
2016-04-29,46.16071319580078,46.32489918072249,45.38904313773209,45.988319320847225,12133400
2016-05-02,47.08837127685547,47.096579168617865,46.06221256922381,46.2099796736498,8616200
2016-05-03,46.33869934082031,47.00597774264403,46.24808093708008,46.709409564055704,7854300
2016-05-04,46.45404052734375,46.668230098267266,45.96799883030326,46.11628295092882,6508500
2016-05-05,46.33869934082031,46.76707524960964,46.140986174246706,46.43755435283502,6215400
2016-05-06,46.38813781738281,46.39637442732623,45.62200424830844,46.0998061886465,6378700
2016-05-09,46.659996032714844,46.898898605345565,46.32223841513339,46.39638048448274,5976200
2016-05-10,47.36022186279297,47.45083714361205,46.71765628918727,46.83298768527051,7931200
2016-05-11,46.32223129272461,47.27783829377016,46.206899900924334,47.063651872218884,8118900
2016-05-12,46.379905700683594,46.78356879035388,45.98448236485808,46.60233191631269,6870300
2016-05-13,45.98447036743164,46.62703272768432,45.91032831489907,46.48698837431417,5466000
2016-05-16,45.74557113647461,45.9432843382849,45.47371901934829,45.885618642453714,9536200
2016-05-17,45.21010208129883,45.83618810588702,44.905294107214196,45.62200169136977,10530000
2016-05-18,45.14419937133789,45.44900422135131,44.79820518632992,45.111246646324325,7455200
2016-05-19,44.93825149536133,44.99591719535408,44.64168324251576,44.83939645859446,7582800
2016-05-20,44.99592208862305,45.61377163506028,44.96297250114749,45.21011169121332,8430800
2016-05-23,44.97944641113281,45.16068328647248,44.72407060593094,44.99592277639509,7352100
2016-05-24,45.67142868041992,45.81971279484862,45.04534264147799,45.094771727135786,7748700
2016-05-25,45.432525634765625,45.68790136709296,45.26776517170461,45.47371496489476,8115500
2016-05-26,45.54786682128906,46.02566881022411,45.26777491655296,45.76205326959544,9451700
2016-05-27,45.432525634765625,45.7620434183432,45.39133316209203,45.605522706834684,6631100
2016-05-31,45.21833801269531,45.72085603225334,45.06181729453158,45.72085603225334,12044000
2016-06-01,45.160682678222656,45.712629908166164,45.07830399556616,45.11125358310157,8761600
2016-06-02,44.99592208862305,45.3089667387306,44.86411431108491,45.22658805622375,8307500
2016-06-03,44.987674713134766,45.37486134187398,44.81467763573643,45.07005337593077,6649200
2016-06-06,45.79499816894531,46.02566094192626,45.0535776235857,45.07829373679408,9900900
2016-06-07,45.55610275268555,46.21514159442889,45.53962638882383,45.844434406448,7173100
2016-06-08,45.490203857421875,45.72086668372526,45.22658830091933,45.72086668372526,7623900
2016-06-09,45.786766052246094,45.81147902533476,45.358390044288086,45.43253210609899,5927900
2016-06-10,45.20185470581055,45.473709911029395,44.89704992567702,45.24304403136198,8118700
2016-06-13,45.34191131591797,45.8032368830788,45.11124538979282,45.13596150413696,7908400
2016-06-14,45.77853012084961,45.78676987426358,45.31720134856769,45.35015407713322,8036500
2016-06-15,45.597293853759766,46.20690677002935,45.53139153831033,45.836196425172524,7447300
2016-06-16,45.74557113647461,45.79500022256337,44.822916860630976,45.22657987399398,7968000
2016-06-17,45.564334869384766,45.81971061007817,45.341908708347425,45.81147400080029,9503000
2016-06-20,45.62199783325195,46.363415183153386,45.62199783325195,45.94327899913034,7286700
2016-06-21,45.97623825073242,46.1574719526529,45.6796700116237,45.737335708945416,7445100
2016-06-22,45.81148910522461,46.116294029715625,45.71263404857398,46.033915339597705,7215400
2016-06-23,46.23985290527344,46.29751860152308,46.050379454375374,46.116281760427206,5569400
2016-06-24,45.04534912109375,45.778530046487404,44.49340191742578,44.52635464593778,14654700
2016-06-27,44.22978210449219,44.88058428832278,43.9991193122666,44.64992149609719,11631900
2016-06-28,45.185386657714844,45.22657913338662,44.443969233792984,44.567537233174285,8417000
2016-06-29,46.742366790771484,46.91536386411969,45.60552304404352,45.65494898354617,11103800
2016-06-30,47.05542755126953,47.113093266080554,46.56114909787626,46.800051712119505,10215200
2016-07-01,46.948326110839844,47.253130988944484,46.83299156266298,46.98951544963045,8330300
2016-07-05,46.7670783996582,46.923599107769476,46.58584157997034,46.80003112006407,7274200
2016-07-06,46.7506103515625,47.047178602855375,46.39637640057878,46.5611368893576,8474200
2016-07-07,46.882408142089844,46.956550189142895,46.519937657910646,46.67645836055851,6813300
2016-07-08,46.55288314819336,46.95654606728057,46.42931517564797,46.8906406345545,12655500
2016-07-11,46.396366119384766,46.890644333646776,46.182179731216365,46.79178931930322,10394400
2016-07-12,47.35197448730469,47.45082950481275,46.55288831087495,46.668222830936095,10998500
2016-07-13,46.5281867980957,47.170749283923485,46.42109200294269,46.791802338053,12183600
2016-07-14,47.44260787963867,47.51674995182172,46.93185312823619,46.9565661047821,11353600
2016-07-15,47.2943115234375,47.566166765428214,47.06364875511412,47.52497429176088,8494000
2016-07-18,46.890655517578125,47.44260269294221,46.832989816911805,47.44260269294221,7614600
2016-07-19,46.758846282958984,47.0718908928391,46.58584918639822,46.832988344705726,8719800
2016-07-20,47.40140151977539,47.50025653301331,46.71764675039799,46.95654924638847,9446400
2016-07-21,47.45083236694336,47.50849805918003,46.98950682905002,47.46730872794591,16151700
2016-07-22,47.69797897338867,47.97807085079281,47.121318856080755,47.450836678438975,23899300
2016-07-25,47.73916244506836,47.85449382585604,47.36845219071906,47.54968901341081,10486000
2016-07-26,48.03573989868164,48.47235253646808,47.94512146988558,48.258166094123325,10106700
2016-07-27,47.65678405761719,48.10987614681366,47.50849994525191,48.093399785157004,6551800
2016-07-28,47.95335388183594,48.035735692867085,47.56617036889622,47.68150176179506,6830100
2016-07-29,47.82154846191406,48.13459307402924,47.71445367361638,47.92864325021174,6914900
2016-08-01,47.47555160522461,47.82154578142279,47.310791126896774,47.78035644747702,7997600
2016-08-02,46.896888732910156,47.40115686232141,46.73982290304807,47.32675659481009,7574600
2016-08-03,46.24381637573242,46.78115194857132,46.06195152238551,46.673684203305775,11484800
2016-08-04,45.813941955566406,46.53314543174817,45.78087763011778,46.33474371161463,11193700
2016-08-05,46.21076965332031,46.39263457596362,45.8966347454964,46.12810091258243,9206200
2016-08-08,45.764347076416016,46.285148868718515,45.60727811727558,46.26861512809907,9129300
2016-08-09,45.63208770751953,46.053687124498445,45.61555396421794,45.78915353865107,7136700
2016-08-10,45.97928237915039,46.0536826400183,45.55768300322474,45.772615338238275,6991100
2016-08-11,45.85528564453125,46.260351292879854,45.84701719665293,46.08675172930188,6191400
2016-08-12,45.85528564453125,46.08675172930188,45.656883890807215,45.6899513753427,5039800
2016-08-15,45.67341232299805,46.04541359705049,45.615545808533064,46.004080822931,5968700
2016-08-16,45.772613525390625,45.93794778226992,45.400612235784365,45.67341423265851,5750900
2016-08-17,46.128082275390625,46.22728157070644,45.82221594196509,46.10328323993385,7410600
2016-08-18,45.904876708984375,46.21074616400345,45.871812382986114,46.11154372554344,5390800
2016-08-19,45.41714859008789,45.929685131253535,45.3427483278857,45.84701642131286,8981200
2016-08-22,46.16941452026367,46.22728103798844,45.42541508373571,45.45021411890669,8837800
2016-08-23,46.624088287353516,46.73982133215049,46.29341974208589,46.433951824056805,7827900
2016-08-24,47.19448471069336,47.93021885809265,47.0787516744942,47.1200844512098,13200500
2016-08-25,47.35981750488281,47.49208427837125,47.037417441597775,47.15315047421409,6686600
2016-08-26,47.35981750488281,47.80621904796453,47.12008299246982,47.516883312935136,6940500
2016-08-29,46.95473861694336,47.516873071482884,46.79767284274388,47.30194079344739,7026700
2016-08-30,46.624088287353516,46.913420899345965,46.30168503664755,46.8390206343352,6377700
2016-08-31,46.48353958129883,46.6406053603655,46.219006083140215,46.54967453258251,6996900
2016-09-01,46.549686431884766,46.75635347724362,46.152886083214426,46.541417984116656,6230100
2016-09-02,46.442222595214844,46.830757682316055,46.28515676277499,46.723289926705036,7441500
2016-09-06,46.30994415283203,46.640609477978686,46.03714218493492,46.442210913588355,6472900
2016-09-07,46.55794906616211,46.78941513462321,46.39261480862332,46.4504813257386,11428600
2016-09-08,45.714744567871094,46.417414333721574,45.63207902058915,46.376078406592114,12673600
2016-09-09,44.92940902709961,45.63207878938995,44.88807625366805,45.582477569179,10658100
2016-09-12,45.22700881958008,45.29314377807471,44.573940295143345,44.573940295143345,11002500
2016-09-13,44.62354278564453,45.094743341137146,44.43340950478685,44.962476573867086,10050200
2016-09-14,44.557411193847656,44.92940931056713,44.4747424929745,44.85500905652554,6688400
2016-09-15,44.731021881103516,44.747555625397865,44.259821205926904,44.607020375640495,8076800
2016-09-16,44.42514419555664,44.71447676339101,44.15234221432268,44.59047528946858,10207800
2016-09-19,43.821678161621094,44.61528199889114,43.73074731214747,44.6070135512643,9231600
2016-09-20,44.06142044067383,44.177153499905245,43.8547533624779,44.14408916404581,8731500
2016-09-21,44.62354278564453,44.664875559137336,44.044874496279846,44.16887597024673,9213600
2016-09-22,44.96248245239258,45.13608201585235,44.61528332547303,44.80541663118929,9096700
2016-09-23,44.995540618896484,45.103008344563996,44.64007311771709,44.64007311771709,6945100
2016-09-26,44.67313766479492,44.921137424037866,44.524337178551555,44.87153621079407,7755600
2016-09-27,44.797149658203125,44.81368340100396,44.491283300110105,44.640083831828655,6463700
2016-09-28,44.62354278564453,44.70621148611862,44.25154151723234,44.54087723865892,8593500
2016-09-29,44.18540573120117,44.640072505653706,43.73900424930747,44.54087322750673,11993500
2016-09-30,44.75581359863281,44.96248063826705,44.27634770649553,44.350747966903405,13767800
2016-10-03,44.5078125,44.76408075702221,44.367277277281794,44.722744827494765,5478600
2016-10-04,44.25154113769531,44.74754387582027,44.1523418514657,44.74754387582027,6176400
2016-10-05,44.10273361206055,44.44166734343025,44.04486710817947,44.22673506522739,7451400
2016-10-06,43.929141998291016,44.21020927631179,43.83820800341834,44.061408767154404,6130300
2016-10-07,44.19368362426758,44.317685122422766,43.813416988375664,44.11928335607228,7279700
2016-10-10,44.06142044067383,44.309420303811066,44.03662140040691,44.25155377419536,7224300
2016-10-11,43.747283935546875,44.14408748566703,43.59848654611336,43.9208866712829,9720400
2016-10-12,43.9456787109375,44.201946972594754,43.63154393108162,43.82167722708976,6320500
2016-10-13,43.772071838378906,43.92087233272373,43.5406026507935,43.71420532985461,6958100
2016-10-14,43.879539489746094,44.119270816023864,43.780337058022674,43.91260381349903,6430100
2016-10-17,43.61500549316406,43.93740868575376,43.557138981196566,43.763805996362876,5223500
2016-10-18,43.491004943847656,44.07793847995661,43.47447120506439,44.011806678311764,6550400
2016-10-19,43.937416076660156,44.42515044063614,43.73074902672946,43.73901432119157,9095300
2016-10-20,44.3011360168457,44.42513747200105,43.73900155285403,44.11100276483205,9286800
2016-10-21,44.3342170715332,44.39208359406667,44.02008226814512,44.160614350443836,6767200
2016-10-24,44.78888702392578,45.020353129908194,44.54915246930732,44.55742091794337,6919700
2016-10-25,44.367279052734375,44.7806131366398,44.22674697788115,44.72274661717215,6052800
2016-10-26,44.3342170715332,44.50781663913361,44.11101627598027,44.309414880812454,5817800
2016-10-27,44.3011360168457,44.499537714396645,43.92086951281839,44.30940130889499,7900000
2016-10-28,44.25154113769531,44.50780937673429,43.904342059147446,44.350743577413375,6620300
2016-10-31,43.87127685546875,44.3920786538004,43.86301156180763,44.3920786538004,9142500
2016-11-01,43.40007781982422,43.98701144874074,43.061144004894665,43.9291449305934,15425800
2016-11-02,43.79688262939453,44.19368300302851,43.24301642666242,43.26781546454922,10851700
2016-11-03,42.79660415649414,43.813405451767515,42.44113665243659,43.80514015902843,21847300
2016-11-04,43.60673522949219,44.42513790379843,42.02779953973919,42.515533766075876,21956800
2016-11-07,45.0451545715332,45.20222040461919,43.97048331798034,44.226751612110334,14916800
2016-11-08,45.15261459350586,45.293149822316785,44.73928050822133,44.97074974035306,9352000
2016-11-09,45.11954879760742,45.31794738614521,43.64807735742344,43.97874587630469,13727800
2016-11-10,44.28461456298828,45.317949797617445,44.23501333647009,45.16914927155173,13621700
2016-11-11,44.58220672607422,44.63180794270265,44.02007221823831,44.16887271463536,8436400
2016-11-14,44.82195281982422,45.028619879076835,44.22675068006018,44.582218274253805,10489800
2016-11-15,45.33686065673828,45.41990914317247,44.76381849691035,44.92161188837398,9588000
2016-11-16,46.042781829833984,46.10922315278639,45.062794492962524,45.12093223459421,10779200
2016-11-17,46.38328552246094,46.42481293320476,45.72719488520341,45.8600743625324,8744500
2016-11-18,46.31684112548828,46.60751395293978,46.02616512994056,46.27531688843752,8741000
2016-11-21,46.59090042114258,46.64073140303508,46.10090685420226,46.10090685420226,8004000
2016-11-22,47.43803024291992,47.462947329542374,46.40821481465282,46.77363268144156,10268700
2016-11-23,47.828346252441406,47.86987048956858,47.25530417665556,47.263607756842504,8183600
2016-11-25,47.695465087890625,47.91969976207747,47.55427888498952,47.91969976207747,3228800
2016-11-28,47.828346252441406,48.05258093464358,47.13903187736478,47.3383526509099,8750900
2016-11-29,48.31002426147461,48.34324491233306,47.753592616025955,47.86986172593489,10582900
2016-11-30,48.14393615722656,48.376474419615896,48.05258093468897,48.326643434205515,9528000
2016-12-01,48.59238815307617,48.600694898931806,47.50443888503897,47.620707982255595,12381600
2016-12-02,47.512752532958984,47.96122186135626,46.98123473697524,47.04767604552119,16870000
2016-12-05,47.75360107421875,48.03597032033798,47.305131712483,47.305131712483,7701200
2016-12-06,47.70376968383789,47.919700782733784,47.454621096577846,47.88648012627347,7035700
2016-12-07,48.8000373840332,48.87478229445381,47.71208756002955,47.78683247045015,9094800
2016-12-08,48.70867919921875,49.20697642744797,48.50935840706915,48.99935205433638,7972500
2016-12-09,48.79173278808594,48.957832937579646,48.52597381613475,48.93291585589264,7091300
2016-12-12,48.80833435058594,48.82494467936066,48.451220202170084,48.61732032182104,7736200
2016-12-13,49.256797790527344,49.44781179628575,48.71697325870446,48.99103889833341,8878100
2016-12-14,48.79173278808594,49.20698157777178,48.66715688394145,49.024271096519016,9022900
2016-12-15,47.928001403808594,48.34325007963732,47.770208047508234,48.14393248937328,11837800
2016-12-16,47.88648223876953,48.22698606226858,47.803433762051256,48.17715507537982,10611500
2016-12-19,47.878170013427734,48.152232471590246,47.70376317485624,47.70376317485624,6433800
2016-12-20,47.91969680786133,48.21867635501191,47.60410693385839,48.01105202150133,4888300
2016-12-21,47.70376968383789,48.06088382054588,47.67885577554073,47.753600668528364,5380500
2016-12-22,47.429718017578125,47.67056307976165,47.10582446337809,47.59581816970804,6777700
2016-12-23,47.34666061401367,47.637336637004395,47.247001802063735,47.57920206602555,4298500
2016-12-27,47.22209548950195,47.662258217194925,47.18057124184928,47.33006106787652,4186200
2016-12-28,46.79853057861328,47.25530671584493,46.71548209989646,47.17225506903173,5548700
2016-12-29,46.77360534667969,46.898181202696684,46.62411558669754,46.79851925064484,3780900
2016-12-30,46.10921859741211,46.881581475896446,46.00955979092597,46.74039526261944,8344500
2017-01-03,45.9680290222168,46.46632935439647,45.71057686028194,46.43310869863194,7809300
2017-01-04,46.49955368041992,46.673957384805426,45.99294972836039,46.142439523004064,7796300
2017-01-05,46.88988494873047,46.94801951638859,46.35006351074842,46.574298200899605,7602300
2017-01-06,47.446327209472656,47.56259636274059,46.57430539186629,47.03107842317469,8587800
2017-01-09,48.3349609375,48.451230094565716,47.54598758414373,47.55429116617832,12640500
2017-01-10,48.069190979003906,48.38477771378211,48.027666742122165,48.351560225134435,6671800
2017-01-11,48.25189971923828,48.2685100481143,47.82834742123674,48.00275112229053,6028000
2017-01-12,48.193763732910156,48.27681537484439,47.869870249607146,48.168849824377986,4733000
2017-01-13,48.044273376464844,48.251897726696924,47.878176430756106,48.193763162079634,4745600
2017-01-17,48.16885757446289,48.37648196055971,47.67886389655052,47.85326762052864,5734700
2017-01-18,48.542572021484375,48.65053756689896,48.1937614778742,48.43460647606979,7375700
2017-01-19,48.07749938964844,48.54257912650218,47.93631633644614,48.42630998431287,7850500
2017-01-20,47.88648223876953,48.334951616479394,47.67885787887752,48.28512062959064,7651600
2017-01-23,47.96952819824219,48.08580049488112,47.46292744789093,47.68715895688279,6814400
2017-01-24,48.53426742553711,48.58409841057541,47.969528934154525,48.11071514104827,10704100
2017-01-25,48.75020217895508,48.94121621710425,48.54257781121515,48.725285100520715,7117600
2017-01-26,48.550872802734375,48.999342118056205,48.384772704308226,48.75019355446492,12382400
2017-01-27,46.607513427734375,46.99784822142459,46.21718180214033,46.300230275306,28884900
2017-01-30,46.4248161315918,46.7071854363815,46.15905715862464,46.50786462260771,13322000
2017-01-31,45.86007308959961,46.39989456522259,45.57770381210112,46.34175999351083,14308000
2017-02-01,44.763816833496094,46.09261157564544,44.68907193124416,46.084307994549256,18796900
2017-02-02,44.738895416259766,45.170754457610634,44.72228508758132,44.88008162597844,15289700
2017-02-03,45.72718811035156,45.76040559868989,44.8551633034749,45.02126341755123,14161700
2017-02-06,46.28363037109375,46.30024070308711,45.594319017902116,45.68567109172027,13029800
2017-02-07,46.08338928222656,46.58393168649015,46.03333376885181,46.54222034986335,9910500
2017-02-08,46.066715240478516,46.300301327918056,45.96660418954291,46.04168588655874,11681900
2017-02-09,46.55891418457031,46.817526429201074,46.058368504795276,46.07505367902493,11106800
2017-02-10,46.90095901489258,47.05112242208597,46.35036091597415,46.49218014367233,11179000
2017-02-13,46.809181213378906,47.26801232502993,46.742440522477004,47.134534125597426,8027900
2017-02-14,47.201290130615234,47.22631630663736,46.73411468984414,46.73411468984414,8865900
2017-02-15,47.43487548828125,47.45156066614872,46.97604423522869,47.1846041850137,6967200
2017-02-16,47.326419830322266,47.54332394375986,47.159571246686895,47.51829458767273,8524500
2017-02-17,47.84365463256836,48.02718841987636,47.30974163207871,47.38482334667085,11008400
2017-02-21,48.00214767456055,48.22739274997856,47.88535463894488,47.893695634758195,8289200
2017-02-22,48.02717590332031,48.26076198456559,47.843642163843775,47.985464557722466,7876600
2017-02-23,48.08557891845703,48.21071615452429,47.87701897992634,48.052208564522815,7178600
2017-02-24,47.95209503173828,48.14396977068063,47.676797600167696,48.06054707805238,7806200
2017-02-27,47.368125915527344,47.801930911811745,47.268018049422224,47.751878569945035,7702400
2017-02-28,47.443214416503906,47.60172200814449,47.17625794701381,47.30973618175886,8750700
2017-03-01,47.66844940185547,47.88535347619331,47.501600848296704,47.77690143902439,7198000
2017-03-02,47.65178680419922,47.71018334825554,47.42654162753643,47.610075441640845,6595400
2017-03-03,47.63508605957031,47.76856428557146,47.301392085753406,47.301392085753406,7735900
2017-03-06,47.284706115722656,47.39315816701874,46.99272349573922,47.3681288121831,9160000
2017-03-07,46.884273529052734,47.34310474472989,46.73411012284973,47.20128551796707,10890300
2017-03-08,46.50053405761719,47.00941773033365,46.333685438877225,46.84257229396639,13061600
2017-03-09,46.04168701171875,46.55057372810965,45.72467822312429,46.50886238038636,17844200
2017-03-10,45.491085052490234,46.21687580669229,45.39931818593331,46.20853162843899,13886400
2017-03-13,45.57451248168945,45.783072391952246,45.38263774613229,45.52445695757258,9090200
2017-03-14,45.274192810058594,45.66628652127271,45.20745210075739,45.5661754573209,7892900
2017-03-15,45.49943161010742,45.59119848146323,45.12402312836626,45.37429438873645,8712000
2017-03-16,45.716346740722656,45.874854361413234,45.59955366171237,45.758058100030226,8074300
2017-03-17,46.53388595581055,46.82587173832353,45.84146871160185,45.91655040626271,15822100
2017-03-20,46.55891418457031,46.75912991058306,46.308639753497005,46.608966524887705,7948400
2017-03-21,46.33367156982422,47.09282953459831,46.291960223217856,46.75913239700391,8030600
2017-03-22,46.62566375732422,46.750801005223536,46.30865172971903,46.45047415616309,8452100
2017-03-23,46.59229278564453,47.076153409942165,46.533896252694454,46.84256727814186,7357200
2017-03-24,47.393157958984375,47.86867432793974,46.63399996798791,46.80918953920897,15763000
2017-03-27,47.7435417175293,47.927075485527936,47.101176711906234,47.26802530259843,8861800
2017-03-28,47.84365463256836,47.985477063407956,47.576698132323536,47.63509466785381,8331600
2017-03-29,48.00214767456055,48.260759915603366,47.66010956352686,47.69347672915166,7001600
2017-03-30,48.51939010620117,48.63618317736355,47.902051209863956,47.92708056966483,8677900
2017-03-31,48.711265563964844,48.93651071104477,48.435968061337746,48.47767941841791,9156700
2017-04-03,48.75297164916992,48.77800100660953,48.29414040615851,48.61949341152347,8989000
2017-04-04,48.652862548828125,48.72794425452335,48.394247077573,48.69457390035389,6474800
2017-04-05,48.569427490234375,49.445378378931345,48.227389402938556,48.35252342568308,13656200
2017-04-06,48.31916427612305,48.686231798918705,48.160659870970775,48.49435704035373,9112500
2017-04-07,48.402587890625,48.59446264019522,48.01049421233652,48.219054137830916,6773800
2017-04-10,48.34418869018555,48.56108960045044,48.160654947550206,48.38590003650128,5266300
2017-04-11,48.28578186035156,48.51936789574888,47.86866212150146,48.1689888426529,5855100
2017-04-12,48.0355339050293,48.30249041252349,47.952108007454484,48.28580523300853,5450300
2017-04-13,47.97711944580078,48.21070870487334,47.92706710500579,48.06054531774513,4871700
2017-04-17,48.45265197753906,48.59447122438905,48.11895476485178,48.11895476485178,5626000
2017-04-18,48.677894592285156,48.786346665225736,48.04387369848317,48.04387369848317,5449300
2017-04-19,49.253517150878906,49.62892568664534,48.803026907959186,48.886449612630756,12000600
2017-04-20,50.12112045288086,50.33802136489742,49.68731544647598,49.81244948643377,12445900
2017-04-21,50.563270568847656,50.63000809244637,50.179521056632,50.22123240667769,8800000
2017-04-24,50.980384826660156,51.205629910978395,50.79685108779974,50.88861795722995,10721300
2017-04-25,50.855255126953125,51.06381506744985,49.987645010717415,50.59664283745535,11031500
2017-04-26,51.35579299926758,51.51429738402617,50.87193248415453,51.08049239259188,8525400
2017-04-27,51.1389045715332,51.67281759144208,51.0471376745415,51.41420526250832,15285300
2017-04-28,50.10444641113281,50.20455430181773,49.211810028458835,49.56218923704228,25046100
2017-05-01,50.20454788208008,50.55492704585997,49.85416553592813,50.054384474068115,10910300
2017-05-02,50.47148895263672,50.488174124257654,50.08773955246837,50.179506405198,9152100
2017-05-03,50.54658889770508,50.613326425931966,50.27128824004203,50.48819236711696,7706400
2017-05-04,50.746803283691406,50.76348527746881,50.37973577314946,50.59663988071915,6874300
2017-05-05,50.84691619873047,50.880286554337225,50.53824836529865,50.84691619873047,6443300
2017-05-08,50.83856964111328,50.94702170057721,50.63835388158062,50.94702170057721,5588400
2017-05-09,51.08149337768555,51.165262913473924,50.73804626965585,50.74642482097521,5806600
2017-05-10,50.81343460083008,51.081490710393844,50.436479698168256,50.9977243744605,7198400
2017-05-11,50.48674392700195,50.68778442142921,50.28570023709365,50.637525895562916,5516900
2017-05-12,50.201934814453125,50.54538192790059,50.118168472824415,50.495120205634706,5647500
2017-05-15,50.637535095214844,50.67104291553399,50.36947892362495,50.61240263223468,5904100
2017-05-16,50.24382019042969,50.84694810216673,50.16005384512454,50.83019419400945,6303500
2017-05-17,50.034393310546875,50.5286223397467,49.883611356182136,50.235436981526775,7581200
2017-05-18,50.10979080200195,50.210311052819165,49.31399776061955,50.03439981501875,8602400
2017-05-19,51.399810791015625,51.8689074055664,50.210308956659674,50.210308956659674,12531000
2017-05-22,51.2909049987793,51.70136767601885,51.12336914693702,51.12336914693702,6391600
2017-05-23,51.22390365600586,51.517089063540816,50.980976778059016,51.43332271723976,5622500
2017-05-24,51.843788146972656,51.93593305560644,51.0479949852501,51.43332853003517,7249300
2017-05-25,52.68983840942383,52.86574965836774,51.85216214342651,51.94430384848187,8931800
2017-05-26,53.024898529052734,53.12541877018188,52.74846706707735,52.78197168379984,6098000
2017-05-30,52.99139404296875,53.11704674887769,52.78197499677455,52.832236718234334,7094600
2017-05-31,53.28459167480469,53.28459167480469,52.84062424402332,52.99978159578908,7314600
2017-06-01,53.40185546875,53.460492544606616,53.066783724871335,53.20081178332661,6058300
2017-06-02,54.08875274658203,54.18089764116774,53.359975336965945,53.51075731074599,7840400
2017-06-05,53.83745193481445,54.340062817743494,53.762064136952816,54.323305713132335,6808900
2017-06-06,53.745323181152344,53.90447735807678,53.653178261949975,53.7955817221849,5448400
2017-06-07,53.192440032958984,53.86258356613712,53.058411965419594,53.72017375143716,8365000
2017-06-08,52.136966705322266,53.25945291124363,51.95267692367694,53.142175562163224,11289300
2017-06-09,52.095088958740234,52.338015857375424,51.82703279317091,52.24587095130818,11240500
2017-06-12,51.3411750793457,51.927549058606736,50.78830891500956,51.76838853545409,11071600
2017-06-13,51.03123474121094,51.316044789146964,50.75480324510078,51.198770627434705,9384900
2017-06-14,50.48674392700195,50.947465188502214,50.1432968198311,50.8218124828744,9703300
2017-06-15,50.335968017578125,50.49512536111485,49.850114239179554,50.19356138769249,7516000
2017-06-16,50.377845764160156,50.39459967148734,49.81660424836449,50.16842671579203,11522400
2017-06-19,51.014488220214844,51.09825457246891,50.35272317277059,50.553763696372954,6778000
2017-06-20,50.14329528808594,51.09824559614681,50.00926723073495,51.081491689542815,6985700
2017-06-21,50.227073669433594,50.5202623120849,50.01765457988911,50.26058149067632,6027600
2017-06-22,49.8501091003418,50.34433818461792,49.75796740283362,50.33596282865575,5602000
2017-06-23,50.10142135620117,50.402982144227046,49.90875618795623,50.05953498422839,6469500
2017-06-26,49.959007263183594,50.38622390786719,49.69932969041618,50.27732510886221,5674600
2017-06-27,49.38938522338867,50.00088843173764,49.263735717703256,49.875238926052226,5652400
2017-06-28,49.573673248291016,49.63231032130219,49.255355426601206,49.47315300819769,5419200
2017-06-29,48.886783599853516,49.573677829009966,48.55171184127329,49.56529927753085,7421200
2017-06-30,48.844905853271484,49.38101817015179,48.82815194393379,49.15484518731514,8117100
2017-07-03,48.79462814331055,49.41450980384639,48.79462814331055,49.33911883426069,4575300
2017-07-05,48.53496170043945,49.004061559760885,48.417687534479434,48.94542447678087,7773600
2017-07-06,48.250144958496094,48.518201070839226,48.08261228489233,48.41768082758078,8886600
2017-07-07,48.61872863769531,48.886784772798535,48.19989052716137,48.40930958242834,7278300
2017-07-10,48.42606735229492,48.87841011918029,48.37580562464924,48.73600668407302,4832100
2017-07-11,48.5014533996582,48.65223537173649,48.191510904007785,48.509828755670945,5422300
2017-07-12,49.03757858276367,49.17998204088133,48.60198645922656,48.761143829266636,7141900
2017-07-13,48.90353775024414,49.31399730128858,48.68574014744082,49.255360222567944,8460200
2017-07-14,49.221866607666016,49.355894711333946,48.81978229666223,48.920305771024715,5441400
2017-07-17,48.86165237426758,49.31399507606095,48.81976600951622,49.19672092391152,6774500
2017-07-18,48.76113510131836,49.071077623182404,48.325543055749584,48.685744108902966,7857500
2017-07-19,48.677364349365234,48.92866656952606,48.501453114800775,48.71087216418164,8203600
2017-07-20,48.610347747802734,49.28886660460342,48.58521848493342,48.92866559123181,10546700
2017-07-21,48.5684700012207,48.80301833547435,48.44282047736256,48.518208274388606,6717200
2017-07-24,48.60197067260742,48.79463580391194,48.526579691185574,48.585216766126905,7442600
2017-07-25,49.045936584472656,49.28886342815723,48.56846144784068,48.769505124281906,7933100
2017-07-26,48.53496170043945,49.288871618012934,48.400933625702095,49.255363800458255,8775900
2017-07-27,49.84173583984375,49.97576390924089,48.52658441029646,48.79464054909073,23286700
2017-07-28,45.23451232910156,46.87635682450168,44.74028327027918,46.26485361536228,53454800
2017-07-31,45.2177619934082,45.80413598678021,45.192632729350365,45.63660010360518,20299400
2017-08-01,45.84600830078125,45.8962700124744,45.20937593007016,45.711980265079944,18120900
2017-08-02,46.43238830566406,46.44914221178098,45.79575265514446,45.86276827961215,14764900
2017-08-03,46.64180374145508,47.01038006115676,46.49102179351335,46.60829593180567,13331500
2017-08-04,46.440765380859375,46.95174835216612,46.147580001657616,46.884735920697565,9179800
2017-08-07,46.59994125366211,46.85124354657501,46.424026772689245,46.5748087875334,7253900
2017-08-08,45.87627029418945,46.768216536027495,45.74163720201636,46.742970624434584,11095300
2017-08-09,45.219932556152344,45.80053714098845,44.84968916010672,45.80053714098845,16717700
2017-08-10,44.65615463256836,45.228346058095816,44.58883969363301,45.03481119503594,13235300
2017-08-11,44.74871826171875,44.933839972624796,44.639327868010064,44.639327868010064,9235000
2017-08-14,44.782386779785156,45.10213844433791,44.748727696177426,45.10213844433791,7426500
2017-08-15,44.72347640991211,44.95066715591908,44.50469561833361,44.94225399158434,6674600
2017-08-16,45.01797866821289,45.37138929644221,44.807614281912834,44.816027445006284,7667100
2017-08-17,44.63091278076172,45.25358961985995,44.5888405418885,44.86651988637661,7451700
2017-08-18,44.344818115234375,44.67298608010421,44.24384409756046,44.52993661265219,10370500
2017-08-21,44.72347640991211,45.034814848797836,44.42896429969587,44.7150600356711,12753200
2017-08-22,45.81737518310547,46.06139870126865,44.92542881149517,45.009576512537606,14547600
2017-08-23,45.50603485107422,45.52286118068728,45.14420777617081,45.40505761395714,11838500
2017-08-24,45.388221740722656,45.817366913818915,45.245175489627904,45.65748791564713,8716700
2017-08-25,45.741641998291016,46.01932137568037,45.598592517285354,45.96041959229758,8601100
2017-08-28,45.77529525756836,45.92675788412645,45.45554046706727,45.893098809356644,6643700
2017-08-29,45.52286911010742,45.68274815843817,45.43872460775956,45.47238369266151,6212400
2017-08-30,45.87627029418945,45.96041477308284,45.472371017670184,45.472371017670184,5596600
2017-08-31,46.16236114501953,46.27175152396242,45.91833768811068,46.01089853106961,8245300
2017-09-01,46.22127151489258,46.41480639985424,46.17919927205854,46.196028811173434,7696300
2017-09-05,46.38956832885742,46.44847011668861,45.943593522541256,46.23810567160388,9160500
2017-09-06,45.69956588745117,46.51577762093534,45.54810325445283,46.38114452603751,11372300
2017-09-07,44.992740631103516,46.010903595918855,44.80761892480759,45.79212281394983,13801900
2017-09-08,45.00957107543945,45.25359135421871,44.639327655390844,44.92542338456195,11774500
2017-09-11,45.45553970336914,45.548100552477976,45.11054221754002,45.26200484155339,9314100
2017-09-12,45.0516471862793,45.480789211950146,44.87494183511521,45.42188742822878,10339400
2017-09-13,45.682735443115234,46.0445624803328,45.00956998198004,45.060055385373865,12787900
2017-09-14,45.88468551635742,46.03614815308455,45.52285846305443,45.75846879235566,8260800
2017-09-15,46.00248336791992,46.10346058647927,45.57334142371322,45.808948513873304,10744800
2017-09-18,46.01932144165039,46.25493178542574,45.918347414264645,46.111882304215015,6348400
2017-09-19,45.960426330566406,46.17920716655493,45.909940914497454,46.14554808257102,5187100
2017-09-20,46.40639877319336,46.43164147992486,45.926768085854235,45.926768085854235,7080000
2017-09-21,46.28858184814453,46.42321493773921,46.16236513222167,46.32224092301971,7178500
2017-09-22,46.35590362548828,46.448464483685385,46.16236874466994,46.3222445479791,6950000
2017-09-25,46.23810577392578,46.46529976030885,46.027741328375534,46.263348480221666,10242700
2017-09-26,46.38956832885742,46.46529965748419,46.11188572059037,46.33066654102623,8021900
2017-09-27,46.27176284790039,46.78504937645032,46.246516932793206,46.49054044942113,8671300
2017-09-28,45.85943603515625,46.34748295023012,45.81736380004094,46.12028902872047,7607500
2017-09-29,45.194698333740234,45.834208068713664,44.900189383362225,45.6995749471256,11944400
2017-10-02,45.27885055541992,45.472385486379856,45.22836192607541,45.32092280825345,5956000
2017-10-03,45.4303092956543,45.72481824986813,45.35457796315547,45.4387224615289,6137100
2017-10-04,45.37980651855469,45.60700044519853,45.177855291569315,45.53968229956812,5569100
2017-10-05,45.94358825683594,46.254929911010535,45.371396774993194,45.48920354706014,7994300
2017-10-06,46.42322540283203,46.658835770165425,45.64908576562643,45.86786338182161,10576300
2017-10-09,46.296993255615234,46.69247931821037,46.246504648718286,46.59150210441648,5822900
2017-10-10,46.63357925415039,46.995406283620774,46.34748674796139,46.364313075461645,6573900
2017-10-11,46.81871795654297,46.95335109477538,46.498963049525806,46.66725527479311,8881900
2017-10-12,47.096378326416016,47.34881493992485,46.5410164927343,46.84393850300148,7234300
2017-10-13,46.886009216308594,47.48344322364646,46.79344838504956,47.12161627049133,6231100
2017-10-16,46.20444107055664,46.95333789201202,46.187611531771466,46.843947494861574,7256900
2017-10-17,45.86785888671875,46.47370947204945,45.68274037112829,46.16237101454627,11227300
2017-10-18,46.45688247680664,46.64200421244227,45.62384108625958,45.82578915249242,8299500
2017-10-19,46.61676025390625,46.73456382436077,46.196031382336365,46.34749403289405,5720200
2017-10-20,45.918338775634766,46.61675009093446,45.59017084093957,46.54101878216589,11741100
2017-10-23,45.66591262817383,46.229687781776505,45.59018130202801,46.086641504560276,10111100
2017-10-24,45.67433166503906,45.90994204884102,45.45555403355189,45.75006300092058,7818500
2017-10-25,45.573341369628906,45.76687622344585,45.15261258918185,45.640659515255244,8281200
2017-10-26,46.20444107055664,46.91126565000225,45.859443550226416,45.859443550226416,12211400
2017-10-27,46.179195404052734,46.381143436703326,46.0109032369065,46.137123164742704,9922600
2017-10-30,46.42322540283203,46.47371402652635,45.77530571990884,46.10347374915499,6430900
2017-10-31,46.145530700683594,46.54101676375742,46.02772716102051,46.41479685131513,8857800
2017-11-01,46.38956832885742,46.77663813743571,46.22968929625275,46.364322412710706,7189800
2017-11-02,46.1707763671875,46.60833469256757,46.08663189342076,46.40638667156502,16879000
2017-11-03,47.14687728881836,47.91260372239871,45.480791308387715,45.5733521756183,28773800
2017-11-06,47.601261138916016,47.702235162671585,46.81029206800243,47.11321734917548,10835700
2017-11-07,48.148231506347656,48.20713331410489,47.39933434208481,47.39933434208481,11167400
2017-11-08,48.72881317138672,48.81295765378544,47.963086825895864,47.988329528634225,13533700
2017-11-09,48.26601791381836,48.51845460133616,47.78638724456255,48.131384799815095,14778900
2017-11-10,47.99675369262695,48.29126263872713,47.576024792537105,48.26601993189191,7930300
2017-11-13,47.66016387939453,48.08089273173369,47.58443255757723,47.803213358341175,7648200
2017-11-14,47.9041862487793,47.963088029918275,47.466627867528125,47.51711648417853,7758200
2017-11-15,47.96339416503906,48.26792416400924,47.80266820618785,48.06490308905895,8880500
2017-11-16,48.42019271850586,48.5724545022595,48.00569280571709,48.149496856394144,8310200
2017-11-17,48.157962799072266,48.58092048869917,48.08183028586298,48.42019772832894,6310800
2017-11-20,48.05644989013672,48.25946775732872,47.8618897561982,47.93801903621209,6360100
2017-11-21,48.43710708618164,48.69088424947418,48.115661605989594,48.18333314979977,6284300
2017-11-22,48.335601806640625,48.36943919455598,48.04799046318194,48.27638799124421,7308500
2017-11-24,48.047996520996094,48.3779030274876,47.97186400204333,48.3779030274876,3479000
2017-11-27,47.29512405395508,48.14949708277937,47.15977773571824,48.07336780399999,10580300
2017-11-28,47.92955780029297,47.98031387683715,47.29512136458829,47.396630290766076,9734400
2017-11-29,48.64859390258789,48.7924012005576,47.96340448439657,47.971862218671866,10017900
2017-11-30,48.910823822021484,49.181516467805935,48.61475474910439,48.75855880540387,11509200
2017-12-01,48.487876892089844,48.817783425480336,47.760389035427934,48.64014194241032,12756400
2017-12-04,49.705989837646484,50.069733735021984,48.640137803021254,48.67397519508207,13302100
2017-12-05,50.196617126464844,50.48422847527691,49.83287326688161,50.12048461569368,11295600
2017-12-06,50.14585494995117,50.6111109186323,50.10355983286487,50.230448411034374,8458200
2017-12-07,50.027427673339844,50.14585529275532,49.7059789728474,50.01050898100755,6033800
2017-12-08,49.57910919189453,49.78212710982217,49.14769046920296,49.50297666594376,9950500
2017-12-11,49.968231201171875,50.20508652218482,49.30841810582911,49.39300836993038,10286600
2017-12-12,50.13740539550781,50.213537909445826,49.79903794980307,49.90055011966116,6042900
2017-12-13,50.32350540161133,50.66186960418904,50.162779420494275,50.281207052742026,7726300
2017-12-14,50.50115203857422,50.797221149612334,50.28121221873622,50.526528468974256,8945900
2017-12-15,49.308406829833984,50.221993735470484,49.1984369301212,50.12048479637998,22595000
2017-12-18,49.088462829589844,49.731360251605096,48.97003520630038,49.435287966470725,8751600
2017-12-19,49.071563720703125,49.55373859310138,49.003892149063795,49.17307591853013,7945700
2017-12-20,48.83469772338867,49.308411529143015,48.80086033149666,49.24919770678763,7188700
2017-12-21,48.70782470703125,49.18999636968628,48.63169216940613,49.01235163061959,5974500
2017-12-22,48.47095489501953,48.98696383854429,48.318689855064314,48.69935245495236,7148700
2017-12-26,48.335601806640625,48.707806619887705,48.259469297286536,48.445571703910076,5546200
2017-12-27,48.44557189941406,48.76702063208532,48.369439389752735,48.37789712331024,4812200
2017-12-28,48.90237045288086,49.063093217249346,48.47095179165893,48.6147590877033,5044500
2017-12-29,48.5809211730957,49.037716258786645,48.57246021211377,48.84315610604668,5365600
2018-01-02,48.75011444091797,49.240743785857774,48.62322581663587,49.02080716093547,7216000
2018-01-03,49.66370391845703,49.87518281767742,48.893920854371295,49.003890785501234,7478400
2018-01-04,49.84978485107422,50.25582377497006,49.68060115938999,49.900540926652646,5775900
2018-01-05,50.42502212524414,50.49269368544369,49.968226992979204,50.12049203706752,6047700
2018-01-08,50.17123794555664,50.47576474502057,49.53680146624621,50.31504199861648,6335800
2018-01-09,50.061275482177734,50.306591731711926,49.79058280231631,50.07819417803298,5233400
2018-01-10,50.60265350341797,50.86488841077766,49.79057558160261,50.7549185171222,8656500
2018-01-11,50.754920959472656,50.77183965368846,50.28966816272635,50.34888197902619,5806300
2018-01-12,51.09329605102539,51.18634404279773,50.45885944390295,51.09329605102539,6989100
2018-01-16,51.22863006591797,51.68542186063039,51.008690287990994,51.03406994046606,8040700
2018-01-17,51.313228607177734,51.8799936094922,51.194800966162795,51.600839975461675,8433800
2018-01-18,51.67696762084961,51.97303669548255,51.38089854621668,51.96457896202627,9170900
2018-01-19,51.820762634277344,51.98994631607507,51.558530993055676,51.778467520555495,8361900
2018-01-22,51.94765853881836,51.99841461859896,51.406273262135116,51.63467078078163,11945800
2018-01-23,52.18452072143555,52.37062314510382,51.719267889176066,51.87153292182989,10806800
2018-01-24,51.45703125,52.395994558927995,50.9494801141058,52.03225070762264,11911900
2018-01-25,51.22016906738281,51.77001528487371,51.09328371274615,51.62620801065935,16225600
2018-01-26,49.054622650146484,49.20688441360929,47.836502727161495,49.012324309668145,51851700
2018-01-29,48.23408889770508,49.35915452449815,48.14103770205612,48.6824229564748,18899900
2018-01-30,48.377899169921875,48.673971487534914,47.9972398324225,48.18333902075899,14341200
2018-01-31,48.05644989013672,48.59783517186315,47.963398689794204,48.41173277117813,13118400
2018-02-01,47.371273040771484,47.72655603965956,47.278221809564066,47.608128373363535,14690100
2018-02-02,47.17670440673828,47.641957252672675,47.11749058417816,47.286674317311935,15358900
2018-02-05,46.26310729980469,47.59119408287587,46.161598365793935,46.973676291701636,16060000
2018-02-06,47.041358947753906,47.422021547715424,45.30723291116408,45.41719959688856,17415100
2018-02-07,46.318424224853516,47.14341373631979,46.30141376391039,46.845738780849324,13927000
2018-02-08,45.73157501220703,46.59908899862303,45.71456455234631,46.35244219726277,17736700
2018-02-09,46.420494079589844,46.828735471328116,45.629525369217504,46.09730176114173,19382000
2018-02-12,47.10088348388672,47.39855840319269,46.394964040370716,46.658621286336924,10969000
2018-02-13,47.347530364990234,47.39005813738678,46.794705012383794,46.99032043663655,10416400
2018-02-14,47.61969757080078,48.22355434280613,47.02434440717824,47.17743531337871,14190300
2018-02-15,48.12148666381836,48.33411252590081,47.54314405940104,47.934374866973585,10294900
2018-02-16,48.03644561767578,48.52123243715938,47.91737562614142,48.18103292483461,10151300
2018-02-20,47.60269546508789,48.08748233834373,47.48362546034635,47.874856402901194,9450900
2018-02-21,47.71324920654297,48.25757421924362,47.509130165642176,47.568665156272715,7851000
2018-02-22,47.11790466308594,47.74727556264616,46.998831423858576,47.585681033172925,10172400
2018-02-23,47.74727249145508,47.755779344488296,46.6075975160399,47.33052753641419,11394400
2018-02-26,48.623294830322266,48.776385755430326,47.90036798518963,47.985417057176726,8713800
2018-02-27,48.11298370361328,49.023022207372705,48.10448009598405,48.72534727414801,8821400
2018-02-28,48.56375503540039,49.26116773895055,48.33412191482859,48.34262552342192,11541100
2018-03-01,47.77279281616211,48.95499572269027,47.48362466345096,48.478712467303076,11127600
2018-03-02,48.41916275024414,48.6487990762062,47.3560334139827,47.39005433140225,11555100
2018-03-05,48.470211029052734,48.83592466339924,48.206553693727734,48.3341305563334,7835400
2018-03-06,48.504207611083984,48.691319396321305,48.08746276412648,48.691319396321305,8046800
2018-03-07,48.504207611083984,48.62327756735756,48.15550134867724,48.15550134867724,7044100
2018-03-08,48.878440856933594,49.15910534593348,48.589269515422835,48.72534995587416,7434700
2018-03-09,49.720436096191406,49.86502338487256,49.048537521926065,49.048537521926065,9539600
2018-03-12,50.51991653442383,50.758056510794965,49.73745151369688,49.89904603417532,10550300
2018-03-13,50.22223663330078,51.62556886274456,50.086156187884285,50.77506526778802,10411400
2018-03-14,50.035133361816406,50.79208112260142,49.93307058360574,50.41785742465713,6488500
2018-03-15,50.49439239501953,51.08974549989714,50.02661611419192,50.12017201924012,7377000
2018-03-16,50.179718017578125,50.732546717232346,50.12868662787625,50.50291033019509,13030900
2018-03-19,49.58435821533203,50.05213453686641,49.15910642404374,49.92456094612814,9350600
2018-03-20,49.890533447265625,50.162694298259,49.71192849712872,49.71192849712872,5888400
2018-03-21,49.72895050048828,50.647492774728,49.66090864973733,49.96709048928858,6569100
2018-03-22,49.13359832763672,49.94157747818808,49.11658786458769,49.35472785844591,6846500
2018-03-23,47.89185333251953,49.26966809637183,47.89185333251953,49.14209127339462,9476800
2018-03-26,49.15910720825195,49.32920857636354,48.095977713071704,48.44468405771428,8444900
2018-03-27,48.86993408203125,49.75445856857632,48.597773200696395,49.414255844700946,7562900
2018-03-28,49.24415969848633,49.41425782281965,48.665816991394536,48.90395696099219,9301900
2018-03-29,49.235652923583984,49.44827882375107,48.334121183300354,48.69983474672708,12015200
2018-04-02,47.83232498168945,49.099573557699635,47.100891349913134,48.920968576288345,16778300
2018-04-03,49.3292121887207,49.371736722759216,48.01093216704286,48.095981235119886,10908200
2018-04-04,50.035133361816406,50.154203358648104,48.65731505569912,48.69133598176934,7893100
2018-04-05,50.29877471923828,50.40934107882355,50.06063478574379,50.179704752491034,6305100
2018-04-06,49.618377685546875,50.29877988281802,49.405751796123795,49.99259808294261,8264500
2018-04-09,49.924560546875,50.494396385325686,49.68641733945671,49.788480104527544,8023800
2018-04-10,50.52841567993164,50.59645752112116,50.069142985143074,50.27326526429807,6545000
2018-04-11,50.536922454833984,50.78356927798209,50.17971249944468,50.341307015775975,5508000
2018-04-12,50.54542541503906,51.13227168701798,50.536918562805646,50.74104083903204,6088200
2018-04-13,50.38383865356445,50.64749271387255,50.14569542063629,50.17971634597088,6689800
2018-04-16,50.54542541503906,50.76655490690527,50.04362819891326,50.290275003066206,6119200
2018-04-17,50.88563537597656,51.030219440405666,50.519918543767204,50.817593526070645,6139600
2018-04-18,50.60496139526367,50.88562912502651,50.55393001410309,50.80057682309221,5914200
2018-04-19,50.3668327331543,50.596469133251226,49.950084471256694,50.536930886339306,6280100
2018-04-20,49.3292121887207,50.33280676521676,49.15911080815266,50.20522991868723,12037600
2018-04-23,49.46528625488281,49.950073018012944,49.065548548843964,49.33770942483233,8444400
2018-04-24,49.16762161254883,49.890548482537426,49.03154114604224,49.73745755216573,7793600
2018-04-25,49.08257293701172,49.55885622735019,48.72536290256872,49.55885622735019,8367400
2018-04-26,50.50289535522461,51.183297460761494,49.20162288119632,49.42275559325404,14516600
2018-04-27,49.63539505004883,50.16270642072846,48.90396136958873,49.38874820535153,11975200
2018-04-30,48.9635009765625,49.76297333926551,48.8699450442901,49.66091379697487,7854600
2018-05-01,49.43977737426758,49.54183690236876,48.85292778775454,49.04854323512092,7257500
2018-05-02,48.22355651855469,49.40575604634166,48.078969214213544,49.38024197562835,7299100
2018-05-03,47.738773345947266,48.11299380404949,47.23697603573009,48.07046926814921,7152400
2018-05-04,49.057044982910156,49.269670870233995,48.04494692723755,48.087471455819596,9279200
2018-05-07,48.86143112182617,50.21373193832126,48.708340218493625,50.17120740837637,10630600
2018-05-08,49.048545837402344,49.08256676337902,48.47870992715628,48.86143723335875,7234000
2018-05-09,48.76640701293945,49.26227690912461,48.552669257722904,49.099837389256585,7015300
2018-05-10,49.287925720214844,49.33067261730211,48.749305685053514,48.88609771256029,6565800
2018-05-11,48.963050842285156,49.467472131567696,48.79205996667791,49.347779497056536,5843400
2018-05-14,48.843345642089844,49.16822463464595,48.723653038371395,49.03998395696712,5871800
2018-05-15,48.4244270324707,48.81770373340796,48.1764904448183,48.73220993281445,7415800
2018-05-16,48.860450744628906,49.01434218487807,48.552667864130576,48.586866686714664,4843900
2018-05-17,48.903194427490234,49.031435111681745,48.715104177021196,48.903194427490234,6110100
2018-05-18,48.868995666503906,49.06563399160625,48.612511036430384,48.96304079185264,7786000
2018-05-21,49.022884368896484,49.433260406454146,48.954486731947455,49.07418259660825,5379300
2018-05-22,48.698001861572266,49.262269317936635,48.655254969392004,49.159676124428245,5355600
2018-05-23,49.1511344909668,49.21952887514137,48.52701739011551,48.56121621289242,5339900
2018-05-24,49.313568115234375,49.36486634327077,48.834794437697944,49.10837846446766,5681600
2018-05-25,49.518768310546875,49.91204831238203,49.22808805476836,49.313581863952656,6783800
2018-05-29,48.9288444519043,49.48456389638477,48.74075419167167,49.330672458263386,6475900
2018-05-30,49.1425895690918,49.29648103029588,48.8604573978041,49.09984266573059,5762400
2018-05-31,48.450069427490234,49.13403280586052,48.34747622528633,48.88609624427025,9433000
2018-06-01,48.6552619934082,48.75785520172725,48.39877734192095,48.595415683440486,4967700
2018-06-04,48.79204177856445,48.90318629548499,48.561204671750325,48.81768925886209,7484100
2018-06-05,47.60367202758789,48.47572244054124,47.26169032241351,48.467171104153294,18278800
2018-06-06,48.87754821777344,48.88609955434058,47.55237478986712,47.74046505779243,13709800
2018-06-07,48.85190200805664,49.53586218924072,48.80915510824127,48.98014596888214,7919800
2018-06-08,48.39021682739258,48.783496697218716,48.32182245527847,48.66380083860635,8433500
2018-06-11,48.28763198852539,48.50992107443692,48.10809306162862,48.398776531481154,7181700
2018-06-12,48.28763198852539,48.646713103698154,48.133740547934096,48.390225195126504,8249700
2018-06-13,48.05678939819336,48.475716775001395,48.031141914785536,48.313274016408194,8283200
2018-06-14,48.749305725097656,48.79205262222004,48.14229130637391,48.27053199774107,11049700
2018-06-15,48.82624816894531,48.9117419574547,48.27052875949736,48.76640186471295,12408300
2018-06-18,48.920310974121094,49.005804793530025,47.97131457633326,48.535582264020604,9676900
2018-06-19,49.0998420715332,49.159688387790574,48.167945239465986,48.43298125530553,9965500
2018-06-20,44.64554977416992,47.03086098679233,44.09838156394285,46.87697278137328,62091100
2018-06-21,43.27762222290039,44.99607569888836,43.05533637984766,44.70539220481664,30723000
2018-06-22,43.80769348144531,44.218069596369595,43.4486123425244,43.602503793293444,24429600
2018-06-25,43.31181716918945,43.9786778999998,42.927088570114556,43.739292665632846,15578600
2018-06-26,43.072425842285156,43.28616356027394,42.841588715491824,43.18356710744662,12930600
2018-06-27,42.61077117919922,43.20068637796816,42.61077117919922,43.19213830032525,14576900
2018-06-28,41.49931716918945,42.30296983529231,40.49902292749256,42.277322352118674,33210100
2018-06-29,41.76435089111328,42.11488063579063,41.1060415566096,41.1060415566096,17413000
2018-07-02,41.94389343261719,41.978088990869736,41.507866635763,41.58481234924439,9870900
2018-07-03,41.69595718383789,42.14908013240515,41.68740584817871,42.02083944992823,7517500
2018-07-05,41.559173583984375,41.918251481309824,41.37963463532165,41.824206338282785,9630500
2018-07-06,41.8754997253418,42.0550386531969,41.53352128105291,41.80710534103572,10712000
2018-07-09,42.66205596923828,42.790296661703394,42.072137695209406,42.072137695209406,12811700
2018-07-10,43.106632232666016,43.183577960936184,42.71335551545386,42.815951994067134,9038000
2018-07-11,42.867244720458984,43.157928205169746,42.76465150861383,42.93564236927535,9542400
2018-07-12,42.96128463745117,43.311814391600095,42.918537742824036,43.05532976245827,9339200
2018-07-13,44.132572174072266,44.158222923244175,42.96983822724823,42.96983822724823,21718400
2018-07-16,43.55120086669922,44.07272147577714,43.33746312602001,44.07272147577714,16974900
2018-07-17,43.84190368652344,43.85900310469494,43.26053651421455,43.31183476872905,11421300
2018-07-18,43.730751037597656,44.13257584575451,43.602507065206936,43.893190576096835,13549500
2018-07-19,43.893184661865234,44.02142861697618,43.60250119014245,43.69654632237324,11415600
2018-07-20,43.52555847167969,43.807693887833345,43.38876643210262,43.65380243563671,11024100
2018-07-23,43.764949798583984,43.833347458553376,43.39732052969835,43.39732052969835,8406800
2018-07-24,43.747840881347656,44.21806653805208,43.653799011386,43.858985423966814,9921500
2018-07-25,44.132572174072266,44.21806923567958,43.61105151309565,43.61105151309565,11368000
2018-07-26,43.98722839355469,44.3206587525717,43.89318326431827,44.18386672678577,11114800
2018-07-27,44.585693359375,44.970418677878094,42.92708642863397,44.02997393716978,15770300
2018-07-30,44.37195587158203,45.18415666977509,44.25225999831679,44.62844050582085,14448400
2018-07-31,44.7908935546875,45.04737826646861,44.32921911665347,44.48311059599815,9228200
2018-08-01,44.39760971069336,44.662645718786386,43.81624271714575,44.662645718786386,11952400
2018-08-02,44.183876037597656,44.75669174710399,43.970138248430246,44.54295395793658,13636400
2018-08-03,44.65410232543945,44.842192639571174,44.09838598309227,44.200979217445884,8246100
2018-08-06,44.51729202270508,44.68828285083494,44.28645489393659,44.542939505441986,6505800
2018-08-07,44.51729202270508,44.63698462398235,44.28645489393659,44.5258433578699,5869400
2018-08-08,44.37956237792969,44.70670653613902,44.215991940867674,44.620617523808555,7257200
2018-08-09,44.69808578491211,44.784178062299056,44.18154525692877,44.36233411331448,7175400
2018-08-10,44.345115661621094,44.44842639449424,44.07823781191025,44.413989483536525,10539300
2018-08-13,44.60338592529297,44.732519405748626,44.3106787718754,44.43981225233106,7911300
2018-08-14,45.27489471435547,45.40403149456949,44.586172882745075,44.63782496756289,9385400
2018-08-15,45.412635803222656,45.576206200148675,45.02522877462471,45.03383964419606,9566000
2018-08-16,45.66230392456055,45.937792670198036,45.55899318188281,45.61064855322168,8721200
2018-08-17,46.10997009277344,46.15301458990582,45.58481868913829,45.58481868913829,8166900
2018-08-20,46.419891357421875,46.626509536545704,46.230494917649956,46.23910250324137,9791200
2018-08-21,46.488765716552734,46.867561884565305,46.4457212199284,46.635117661892394,7990000
2018-08-22,45.472900390625,46.17884065299759,45.33515602928607,46.10135924448916,10369600
2018-08-23,45.33515548706055,45.79143306277263,45.24906649378511,45.421244480335986,8567600
2018-08-24,45.412635803222656,45.55898774509049,45.12853622088932,45.47289875388406,9849800
2018-08-27,45.60203552246094,45.782824374435954,45.464291166086944,45.61925397751825,6443200
2018-08-28,45.6709098815918,46.03249089989329,45.61064692588901,45.64508383888625,7171900
2018-08-29,45.84309005737305,46.00666046403966,45.38681246545559,45.68812723670585,6604900
2018-08-30,45.71395492553711,45.980836078318816,45.602039883089624,45.73117338224091,5576400
2018-08-31,46.01527404785156,46.23910742196869,45.154370897411255,45.1629784839183,10892800
2018-09-04,46.08414077758789,46.22188513889327,45.808652054977124,46.00665936909832,8235200
2018-09-05,46.30796813964844,46.47153850965148,45.87751668629774,46.03247947223071,7966300
2018-09-06,46.66956329345703,46.79008922016037,46.18745958664368,46.19606717394312,7803400
2018-09-07,47.229148864746094,47.31523786890155,46.62651598340294,46.66095289869912,10231700
2018-09-10,47.3238410949707,47.44436699495232,46.97947856580799,47.2980117706286,8621000
2018-09-11,47.452980041503906,47.6940351532936,47.151665256872846,47.20332062741739,7873900
2018-09-12,47.3238410949707,47.521848399809706,46.77286367557792,47.521848399809706,7297300
2018-09-13,47.254966735839844,47.840381058280194,47.12583325194191,47.452974038417544,8566600
2018-09-14,47.13444519042969,47.349670967554935,47.0139192806931,47.349670967554935,6827700
2018-09-17,46.97947311401367,47.22913575447999,46.729810473547346,47.09139141561652,9277200
2018-09-18,47.40993881225586,47.59072769550719,46.57486165997342,46.90200579448897,7569600
2018-09-19,47.71985626220703,48.029781885257755,47.26357869720709,47.53906741012228,7451600
2018-09-20,48.580753326416016,48.83902355244709,47.8662023075098,47.8662023075098,10582600
2018-09-21,49.458885192871094,49.56219264833739,48.65824502381654,48.684071066661915,25800500
2018-09-24,48.80459976196289,49.381406596387315,48.70990317143453,49.01982555550775,10616000
2018-09-25,48.985382080078125,49.32113372508005,48.925119132723125,49.05425261244769,9445500
2018-09-26,49.30392074584961,49.794635248279164,48.85625074144139,48.87346919746687,7757300
2018-09-27,49.364173889160156,49.75158086252752,49.15755574200289,49.15755574200289,6606200
2018-09-28,48.93373107910156,49.40722711512869,48.8820757121572,49.40722711512869,8975900
2018-10-01,47.848995208740234,49.02843151978955,47.8059474270713,48.99399460808827,12726900
2018-10-02,47.857601165771484,48.21917887407454,47.59933090497151,47.823164255242276,12680800
2018-10-03,47.754295349121094,48.305272800066625,47.74568447915245,48.03839166047785,7383500
2018-10-04,48.115882873535156,48.27945659542148,47.78013112621004,48.02118298909262,9722000
2018-10-05,48.00395202636719,48.16752570564824,47.61654828594979,48.16752570564824,9734000
2018-10-08,48.675472259521484,48.8562611602158,47.73708755256978,48.05562084675768,9623900
2018-10-09,49.68272399902344,51.39592285047621,48.907913072082685,48.92513153055939,24855700
2018-10-10,48.21917724609375,49.82045740670935,48.15891429674451,49.64827614396106,14190500
2018-10-11,47.229148864746094,48.44302221421395,47.10001207442792,47.95230766554088,15316900
2018-10-12,48.597999572753906,48.882095998638746,47.59074084586806,47.96092958572254,13980500
2018-10-15,48.85625076293945,49.23504694341246,48.47745458246645,48.52910666648091,10175100
2018-10-16,49.76881408691406,49.940992095884226,48.87347399029517,49.01982595473681,11731400
2018-10-17,50.879371643066406,51.13764519904837,49.74297981945064,49.846290555477296,14631000
2018-10-18,50.48335266113281,51.249555824902735,50.061512019636396,50.79327827436209,12184700
2018-10-19,50.50057601928711,50.85354616105306,50.268131786794704,50.268131786794704,10180500
2018-10-22,50.70719909667969,51.103213775056176,50.431710339193,50.73302514141749,8680200
2018-10-23,50.62971496582031,51.05155566633387,50.11317111014359,50.24230789508398,12834200
2018-10-24,49.98403549194336,51.034335047567005,49.88933562487658,50.42309463078923,12189700
2018-10-25,50.75884246826172,51.19790485790509,49.67410608247332,50.18203900761724,9569600
2018-10-26,49.99264907836914,50.24231179713193,49.40723463358714,49.96682303300924,13367600
2018-10-29,50.250911712646484,51.37869592640862,49.67410822709914,50.51779284893406,14412800
2018-10-30,50.44031524658203,50.681367075556444,49.665501104757325,50.30257087515596,14230100
2018-10-31,50.164825439453125,50.89659178136337,50.11317006973242,50.7760658694332,11560400
2018-11-01,50.47474670410156,50.853542863553905,49.99263981418399,50.19064712144893,18772400
2018-11-02,55.373291015625,56.544119839252694,53.2899069437642,53.36738835956559,45573000
2018-11-05,55.51103591918945,56.07061769115781,54.94283670878711,55.0375365771875,23242600
2018-11-06,56.828208923339844,56.88847187067063,55.3130178028061,55.35606558011465,16065400
2018-11-07,58.67915725708008,58.72219847030437,56.854040357603104,57.06926612823235,16465000
2018-11-08,59.1612663269043,59.38510298804889,58.22287846513994,58.35201525303759,14081700
2018-11-09,59.05796432495117,59.36789003451403,58.6102975045664,58.96326443768636,8637200
2018-11-12,58.463932037353516,59.35066116979455,58.369232171930754,58.920209624479924,12789600
2018-11-13,58.033485412597656,58.78246696132158,57.766600965518776,58.489763038411056,16637000
2018-11-14,58.02480697631836,58.81243143076947,57.75649629232542,58.24984536477562,13350500
2018-11-15,58.52682876586914,58.64800179119403,57.43626493451057,57.73919749782277,15246500
2018-11-16,58.99421691894531,59.31445710423808,58.06809836263261,58.2498645153126,9287900
2018-11-19,58.777835845947266,59.26252797962653,58.189278282150276,58.94228118933984,10855400
2018-11-20,58.1460075378418,58.751872790060624,57.782488386510494,58.32776711350744,11208900
2018-11-21,57.79113006591797,58.83842164742794,57.77382246282627,58.39700182908725,10978100
2018-11-23,56.865028381347656,57.33241299038511,56.48420161369342,57.33241299038511,7779800
2018-11-26,56.856361389160156,57.22853754747787,56.44090632270359,57.10736452881017,13066800
2018-11-27,57.19391632080078,57.60071428906197,56.52745810794563,56.657288230242614,13169100
2018-11-28,57.83440017700195,57.981537892911014,56.67459944675312,57.28046451428102,12867600
2018-11-29,57.8863410949707,58.23255260388867,57.228546491805396,57.71323864222937,9605500
2018-11-30,57.74785614013672,58.31909947426381,57.687269625859074,57.869029168692,27308900
2018-12-03,58.42295837402344,58.90765043410162,57.69592028390616,58.310442461057875,13834300
2018-12-04,57.68729019165039,58.985578763389995,57.51418108668949,58.39702101339722,13555100
2018-12-06,57.60071563720703,57.70457445472797,56.76980547643262,57.2371899655803,17222200
2018-12-07,56.66595458984375,57.67861782301152,56.43225901084478,57.271819788294025,11057500
2018-12-10,56.68324661254883,56.951563929621614,55.78309956269336,56.66593901310877,12148300
2018-12-11,57.05543518066406,57.92096061703373,56.70922368542919,57.315095452948974,10903100
2018-12-12,57.2371940612793,57.92961704366057,57.124678133102194,57.124678133102194,11115800
2018-12-13,57.91230392456055,58.18061466804537,57.237188609497096,57.375675834156574,10016200
2018-12-14,56.553436279296875,56.986199054388294,55.030116065448944,55.77446856688105,16834000
2018-12-17,55.8004264831543,56.80443256534232,55.46287208795499,56.25915391235154,15143100
2018-12-18,56.189910888671875,56.60536601210199,55.86967069689143,56.060080749885266,10523500
2018-12-19,55.445560455322266,57.03813078148919,55.11666314826304,56.39764377155894,14390100
2018-12-20,53.79240417480469,55.22051908370662,53.18653574297478,55.05607044863568,20264600
2018-12-21,53.13460922241211,54.70986534769072,53.125955420281,53.93089438890024,23524900
2018-12-24,52.41621398925781,53.5067744276649,52.295037672353,53.21249569004441,6323300
2018-12-26,54.59735107421875,54.727177920445655,52.51143141329761,52.753780802679906,16646200
2018-12-27,54.70119857788086,54.73582038163313,53.3336670451183,54.19919232862363,11308100
2018-12-28,54.86565017700195,55.49748657383423,54.67523354772553,54.79640986744869,7711900
2018-12-31,55.73984909057617,55.92160867132651,55.09935870381838,55.19456704660706,7689800
2019-01-02,55.67059326171875,55.7138721729355,54.70985954293246,55.11665753600491,10094000
2019-01-03,53.255775451660156,55.15127814257459,53.14325952975688,54.92623969533346,14390100
2019-01-04,55.021446228027344,55.610003730086255,53.731815305660895,54.0087831534866,12694400
2019-01-07,55.021446228027344,55.60134662762578,54.30306190451605,54.83102959450323,10337600
2019-01-08,55.06473159790039,55.64463540203028,54.571382325135,55.34169949483122,10809700
2019-01-09,55.28976058959961,55.42824451430016,54.484821745491026,55.09069015419989,13080300
2019-01-10,55.558082580566406,55.73118503490022,54.7358327156101,55.05607621818886,10397600
2019-01-11,55.15993881225586,55.25514714396598,53.3769551229403,53.913583301357754,13805700
2019-01-14,54.848350524902344,55.445561936884765,54.51079610501151,54.831039618533865,9929600
2019-01-15,55.46287155151367,55.93890657949134,54.91758960207936,55.03010883329668,7930400
2019-01-16,55.194557189941406,56.10335823311715,55.17724628509684,55.566730088088235,8091300
2019-01-17,55.6359748840332,55.73118321183297,55.04741731374153,55.11666093458411,6767100
2019-01-18,55.99948501586914,56.094693328414294,55.27244692381605,56.094693328414294,9835200
2019-01-22,56.596710205078125,57.306440829476415,56.042774430105574,56.172604571866245,16414300
2019-01-23,57.496864318847656,57.73055331902254,56.96023608410772,57.02082261033351,12372400
2019-01-24,56.03412628173828,57.782491716209066,54.467527036843364,57.65266155369904,29719800
2019-01-25,58.06808090209961,58.587401290570426,57.211212826615636,58.016151504625746,21885800
2019-01-28,57.90365982055664,57.955589239744064,57.04679138678517,57.28913748090754,11537700
2019-01-29,58.02480697631836,58.42294775378405,57.297762414930624,57.9901851778301,10703400
2019-01-30,58.98556137084961,59.03749078530734,58.033484686324925,58.085414100782664,11702500
2019-01-31,58.976905822753906,60.14536390291639,58.0594509248158,59.01152763445058,24233300
2019-02-01,58.950927734375,59.99821253760794,58.85571942467802,59.3663761735674,10309200
2019-02-04,58.49220275878906,58.9509301222189,58.05944009843123,58.881686511737456,13562400
2019-02-05,60.01554489135742,60.07613802564172,58.544153940235496,58.64801939459008,12781600
2019-02-06,59.902427673339844,60.37225144244381,59.59791411129962,60.233048087467346,10283400
2019-02-07,60.15473556518555,60.215638272286604,59.58051098936097,59.68491183702149,10109200
2019-02-08,60.685447692871094,60.74635038561334,59.68489776533781,59.832803356583895,8862000
2019-02-11,60.89427185058594,61.311895165323016,60.772466433349585,60.90297413407351,9229700
2019-02-12,60.685447692871094,61.30317690151269,60.65064520589042,61.11176654206685,8848900
2019-02-13,61.34669494628906,61.42499558051954,60.72896560395924,60.73766124916455,10264000
2019-02-14,61.633819580078125,62.24285343204931,60.87688670514512,61.01609008069075,9441100
2019-02-15,61.52070617675781,62.0949374297339,61.06828698420809,61.90352701207521,13924600
2019-02-19,61.076969146728516,61.42498740765185,60.71155295981232,61.30318201201312,9208400
2019-02-20,61.242279052734375,61.424987145412445,60.94646784684498,61.10307573169707,9671800
2019-02-21,61.51198959350586,61.71210224851104,61.024768016653105,61.024768016653105,10933500
2019-02-22,62.0340576171875,62.112358287188734,61.555531396401705,61.56423368347967,11311600
2019-02-25,61.816532135009766,62.703972705811495,61.75562941581649,62.556067050327634,12071200
2019-02-26,61.89483642578125,62.16454753551094,61.70342597194768,61.77303098023242,12302300
2019-02-27,61.03348922729492,61.886127251222625,60.833376510227204,61.62511845605827,13274800
2019-02-28,61.12919235229492,61.3292984246187,60.7115690012616,61.024784855062094,18956700
2019-03-01,61.64250183105469,61.86871471043137,61.29448354845131,61.451091443728,8067700
2019-03-04,61.729515075683594,62.07753341654485,61.224895451227404,61.764317573559495,9219700
2019-03-05,62.27766036987305,62.54737149275284,61.82523443186259,61.93834423531484,10496100
2019-03-06,62.00791931152344,62.79966108661946,61.91222075379548,62.477743006982045,7666100
2019-03-07,61.433719635009766,62.08625170310187,61.30321189381146,61.94704167571715,7814700
2019-03-08,60.346153259277344,61.13788854722872,60.05903761773428,61.03348768695709,12363900
2019-03-11,60.62458038330078,60.911696090042895,60.15475649169537,60.36356489755349,11518300
2019-03-12,60.94648361206055,61.40760510398914,60.63326776133586,60.676765906332236,12751700
2019-03-13,60.98997497558594,61.68601159711474,60.88557412888464,60.98127269239511,13798600
2019-03-14,61.546810150146484,61.67731786451312,61.06829071466627,61.06829071466627,9249200
2019-03-15,61.48590087890625,61.955724617789876,61.37279774539436,61.59901065031552,13096900
2019-03-18,61.633819580078125,61.87743710360587,61.28580782226464,61.58161914398586,5682400
2019-03-19,62.1036376953125,62.38205105864479,61.659920753622345,61.72951911603178,7810700
2019-03-20,62.32113265991211,62.99106900296351,62.06881957571451,62.469044907818635,9512400
2019-03-21,62.86927795410156,63.025885882185825,62.051435814339534,62.051435814339534,8044400
2019-03-22,62.608272552490234,62.99979575433846,62.373363941700575,62.68657984801952,8022800
2019-03-25,62.904048919677734,63.06065676925457,62.408125169000215,62.643033624418116,6453800
2019-03-26,63.478294372558594,63.678407050482335,62.93017003582351,63.269486049692404,7624000
2019-03-27,63.28688430786133,63.73931008731301,63.18248346483167,63.46089677607234,7662700
2019-03-28,64.34835815429688,64.36576272575262,63.417412718387695,63.48701772841246,6709600
2019-03-29,64.67896270751953,64.80077477652088,63.97423033643702,64.3918536987181,9099500
2019-04-01,64.34835815429688,65.19230064662464,64.14825204784955,65.04439497874635,8108400
2019-04-02,64.61805725097656,64.77466517545164,64.2439386890582,64.39185096732201,5520900
2019-04-03,64.67024993896484,65.06176634415395,64.27003125160148,64.87035596369833,6755600
2019-04-04,64.68765258789062,64.96606589672513,64.36574114080202,64.81816027844674,5449800
2019-04-05,65.279296875,65.32280166126496,64.68766762644789,64.68766762644789,5346200
2019-04-08,65.42718505859375,65.51419460789212,64.79205783125418,64.79205783125418,5140400
2019-04-09,65.35760498046875,65.45331020113044,65.07919160342527,65.1400943222192,4905800
2019-04-10,65.67079162597656,65.9666028033241,65.43587650241653,65.43587650241653,6066300
2019-04-11,66.01016235351562,66.184168291907,65.81875183854449,65.90575480774018,6042600
2019-04-12,66.68875885009766,66.94976761695806,66.18413260777773,66.21023282067402,5194800
2019-04-15,66.26243591308594,66.73225299285683,66.19283092426912,66.70615278152479,7632200
2019-04-16,65.8622055053711,66.61044248314067,65.56639428238603,66.54084413754785,8336600
2019-04-17,65.35760498046875,66.08843760599596,65.07919160342527,65.78392401202629,9439000
2019-04-18,66.1754379272461,66.34945042970992,65.43590304599498,65.67081826484659,6607800
2019-04-22,65.60121154785156,66.17543619621591,65.4359013343097,65.87092262224253,4883100
2019-04-23,66.11451721191406,66.17541991172176,65.60989768689163,65.67080038669933,5273900
2019-04-24,66.46253967285156,66.88885859837322,66.044923030107,66.1667284373989,9347300
2019-04-25,67.08898162841797,67.1933891241653,66.07972908322078,66.21893907755056,11084500
2019-04-26,67.38480377197266,67.445706494835,65.30540227123122,66.94978242641338,12550500
2019-04-29,66.91497802734375,67.57620560898907,66.63655802930602,67.2542941025796,5426800
2019-04-30,67.58489990234375,67.68060510587877,66.72355970842591,66.99327075226242,7384400
2019-05-01,67.4457015991211,67.99383270299366,67.31520051524521,67.57620932089543,6678000
2019-05-02,67.40219116210938,67.65450427476668,66.77575952211845,67.56750135541178,6247500
2019-05-03,67.90682983398438,68.2113434264891,67.28909372617676,67.50660438337991,4967900
2019-05-06,67.91551208496094,67.93291665132736,67.01066713292454,67.16727504073656,5607500
2019-05-07,67.82850646972656,68.50713849729485,67.35868276497231,67.48919045594242,8115800
2019-05-08,68.22185516357422,68.73755847090044,67.40896158713568,67.81103704759991,7799900
2019-05-09,68.09073638916016,68.37918397896951,67.60999040614456,67.81103145413972,7326600
2019-05-10,68.54522705078125,68.8773811132778,67.44389305982985,67.8547043092672,6448600
2019-05-13,67.02436828613281,67.98585371323576,66.49992229577599,67.52259297727569,9778500
2019-05-14,67.35651397705078,67.95088786118106,67.02436641512507,67.08555166781382,6870900
2019-05-15,67.96836853027344,68.1257029791115,66.89324868509813,67.03310449237281,5415500
2019-05-16,68.96482849121094,69.26201212463046,67.80230192089651,67.8809724918383,6941800
2019-05-17,68.97357177734375,69.6203883202797,68.50156835346301,68.63267485840792,7379900
2019-05-20,67.00688171386719,68.54525554771689,66.92821115684194,68.4403703632723,11475000
2019-05-21,67.76731872558594,68.04702363533288,67.08553842487099,67.34776469531108,5808500
2019-05-22,67.52259826660156,67.93341643631483,67.225414627307,67.4788916520262,5602300
2019-05-23,66.78837585449219,67.25163663158406,66.15903794270957,67.19918735980673,9213200
2019-05-24,66.56109619140625,67.35650436282627,66.40376175427933,67.15546999069775,5627600
2019-05-28,66.1677474975586,67.02434746166001,65.83560002955912,66.74464257579454,16205200
2019-05-29,65.8006591796875,65.98421495027064,64.97028688390289,65.84436579259948,10511600
2019-05-30,66.57857513427734,66.80583747086948,66.10657182075128,66.12405712978455,7178400
2019-05-31,66.4824447631836,66.70970716411827,65.88807079291136,66.08036923457199,7625700
2019-06-03,66.62229919433594,66.893261537125,66.12407445540816,66.53489263234204,8122200
2019-06-04,68.63265228271484,68.84243595900752,67.00687213793708,67.10301465370767,11685000
2019-06-05,69.89132690429688,69.90006955788654,68.7550286791994,68.86865650110192,7437100
2019-06-06,71.15001678466797,71.35105117739587,69.83889856382774,69.95252640890473,10457200
2019-06-07,72.09400939941406,72.83697491212851,71.24615204882467,71.32481592571277,11278800
2019-06-10,71.61327362060547,72.42616714036288,71.13252763145634,72.41742448546242,8102800
2019-06-11,71.99785614013672,72.42615278367565,71.54333153709544,71.93667090534544,6226400
2019-06-12,72.48735046386719,73.13416686681163,71.95416189684668,72.19016022336304,6088800
2019-06-13,72.8544692993164,73.46632848281297,72.56602168432627,72.83699065690439,7156800
2019-06-14,73.63241577148438,73.95582741397963,72.88944992819427,73.02056311670283,9226500
2019-06-17,72.56600952148438,74.02572599418293,72.4523816931209,73.99076204652698,9313700
2019-06-18,72.47860717773438,73.51876300739924,72.45238588264897,73.02928104929414,10582600
2019-06-19,73.25656127929688,73.35271050597291,71.74440829374423,72.6184873226582,5401400
2019-06-20,74.02574920654297,74.14811972736513,73.27404076795361,73.78100816489867,5215800
2019-06-21,73.2652587890625,74.09563068735876,73.25651613692654,73.7984472016324,12610000
2019-06-24,73.11670684814453,73.91211523957656,73.08174288925727,73.49256107031599,6692500
2019-06-25,73.6411361694336,74.47150833116712,73.38765252658956,73.5974295635774,7312300
2019-06-26,72.88069152832031,73.68484913208329,72.70587842719794,73.68484913208329,7576400
2019-06-27,73.03800964355469,73.32645719768563,72.73208345069955,73.029273658538,6084200
2019-06-28,73.2740249633789,73.3876528028643,72.82824292299627,73.03801996077382,6735300
2019-07-01,73.90336608886719,74.26173493342134,73.44884137297888,73.96455133884922,7935100
2019-07-02,74.74248504638672,74.81240628684999,73.87714217514261,74.06944059097464,6205800
2019-07-03,76.73538208007812,76.76160337825873,75.15330151538669,75.20574411174789,7818600
2019-07-05,76.73538208007812,76.82278863024425,75.9399671355741,76.48189841651175,5733100
2019-07-08,76.42945098876953,76.87522636704539,76.20218863774984,76.5693001264565,6359500
2019-07-09,76.24589538574219,76.6130068751293,75.9487051309822,76.29833797888551,5355400
2019-07-10,77.2510986328125,77.3909544719995,76.4119836037708,76.4119836037708,5293000
2019-07-11,77.85420227050781,78.04650068293697,77.15493652870951,77.49583341263813,6191400
2019-07-12,78.46604919433594,78.5097558008394,77.66189831673047,78.03775245910788,5628000
2019-07-15,78.80694580078125,78.96427357882783,78.36990641191807,78.55346215499759,6061300
2019-07-16,78.73702239990234,79.08665526472167,78.30871897286985,78.85939290228528,5591900
2019-07-17,78.88560485839844,78.99923269181458,78.43108685604243,78.7370130757716,4635900
2019-07-18,79.97820281982422,80.01316676884088,78.62337813736703,78.95553231867962,6470200
2019-07-19,78.92932891845703,80.07437016641089,78.86814366097917,79.89955705038643,10804800
2019-07-22,79.47124481201172,79.69850717272605,78.71080050563603,79.12161194984171,5636600
2019-07-23,78.76323699951172,79.85583544122207,77.94160083736419,79.75968624485623,7609200
2019-07-24,79.23522186279297,79.32262838402357,78.38736460260692,78.57966295052832,5388100
2019-07-25,79.52371978759766,80.02194460995103,79.07793757748327,79.96949532901772,8106300
2019-07-26,86.62994384765625,87.16313240881415,83.22103545181294,84.26119127910319,20846500
2019-07-29,85.67720031738281,86.48135787478967,84.96919862935034,85.70342828286236,11184500
2019-07-30,84.47972106933594,85.90446717527017,84.36608655237515,85.22268674827474,7248300
2019-07-31,82.76651763916016,84.4797111613393,81.72636180942258,84.4797111613393,9912100
2019-08-01,83.36962890625,85.29260616050917,82.67036990635802,83.03748138145318,8342300
2019-08-02,83.48326873779297,83.94652943858986,82.86267358496202,83.03748667891449,6381700
2019-08-05,81.90116882324219,83.49199173806454,81.31553771402919,82.60917708161786,8917400
2019-08-06,83.33467102050781,83.65808258278457,81.98859551386691,82.43437090805526,7438000
2019-08-07,83.54524230957031,83.96638659491705,82.62397830767675,83.0012570225324,6414000
2019-08-08,84.46650695800781,84.5893479703744,82.86088502638209,83.55402536246862,7423600
2019-08-09,84.49283599853516,84.96662169655853,83.72072690315512,84.36122588509825,5209200
2019-08-12,83.27326965332031,84.24716851803429,82.73806005101814,84.03659633328282,5513800
2019-08-13,84.7823486328125,84.8174451003926,82.65906254896619,82.93105180525365,8915600
2019-08-14,83.28202056884766,85.12454184455413,83.23815499916869,84.1506431924829,9989500
2019-08-15,83.81723022460938,84.46649822529872,83.01003144602612,83.79090954395498,5559400
2019-08-16,84.68585968017578,84.95785570963263,84.09800873845744,84.48406330028736,4852200
2019-08-19,84.8086929321289,85.46673676917906,84.42263840565637,85.3088059805283,5324900
2019-08-20,83.90497589111328,85.21229450004577,83.86987941564178,84.53669906166381,6809100
2019-08-21,84.5103759765625,84.79991687049674,83.99271803949951,84.46650370997803,4740500
2019-08-22,84.65953826904297,84.97539987256344,83.96639789987131,84.74727611580563,5146200
2019-08-23,83.08899688720703,85.19473844728367,82.81700758402769,84.58934268556295,8076600
2019-08-26,84.66831970214844,84.66831970214844,83.35223183113058,83.68563834862624,5802600
2019-08-27,84.30859375,85.19476154098065,84.25595237226818,84.84380340350586,6539800
2019-08-28,85.1684341430664,85.291268477411,84.22962504830758,84.43142813699892,4948800
2019-08-29,85.72116088867188,86.04579820658101,85.15963077237342,85.8527709739846,4514300
2019-08-30,84.72093200683594,86.1072123618891,84.3261084585837,86.1072123618891,5209500
2019-09-03,84.90522003173828,85.29127464988501,84.27350342109315,84.59813417365322,5150700
2019-09-04,84.32611083984375,84.51913807118386,81.62374298901611,82.8959648801364,12937000
2019-09-05,83.84355926513672,85.07190913856924,83.50137699457622,84.70340618472997,5514400
2019-09-06,84.00150299072266,84.52793681924675,83.7997065918736,84.01027878448937,3991800
2019-09-09,82.61521911621094,84.1681997323399,82.2467094548855,84.0541412026252,6523300
2019-09-10,79.27236938476562,82.36956221139688,78.35111176019869,82.30814503642576,12490900
2019-09-11,79.82513427734375,80.237502931459,78.62310471951668,79.12321793669123,8406600
2019-09-12,80.7726821899414,81.87819766688473,80.5182377797102,80.86042671992774,6862200
2019-09-13,79.38642883300781,80.8516718245143,79.24604290392072,80.8516718245143,6972300
2019-09-16,78.45636749267578,79.36007991048243,78.42127101993007,78.98280119592582,6339200
2019-09-17,79.62330627441406,80.24625365245835,78.65817662806329,78.6757215188108,6493200
2019-09-18,79.80754852294922,80.15850654303658,79.01789465124453,79.8251001056357,4510700
2019-09-19,80.3340072631836,80.80779973398765,79.22849819194369,79.83389410410757,4843600
2019-09-20,79.02667236328125,80.79023160395602,79.01789657172472,80.37785642237841,10913800
2019-09-23,79.67594909667969,79.98304158910317,78.90384670428277,79.24602897884253,4532400
2019-09-24,78.89507293701172,80.51824650820015,78.53534576214957,80.36909150140288,5662600
2019-09-25,79.27236938476562,79.50049318921697,78.10543636634415,78.91264212964045,4764000
2019-09-26,78.789794921875,79.97427264243296,78.52657467554259,79.7022766028311,5026400
2019-09-27,77.53511810302734,79.22848459561207,77.0262292372008,79.22848459561207,5987700
2019-09-30,77.57898712158203,77.70182144720386,76.86830185277451,77.57021802258669,6588300
2019-10-01,75.90316772460938,77.99135783268288,75.85051966385626,77.76323408666816,6719400
2019-10-02,73.98167419433594,75.46446843603734,73.8412949912105,75.4118203776433,9858200
2019-10-03,74.28874969482422,74.49932851131919,73.35871668418955,73.9641190671702,5989000
2019-10-04,75.38549041748047,75.42936267841466,74.35894377370533,74.49055386254072,5869000
2019-10-07,75.3240966796875,75.5960927328764,75.00823504589793,75.20126234365482,4382900
2019-10-08,74.49934387207031,75.7452386703669,74.3063165974672,75.0082260486067,6100400
2019-10-09,75.3240966796875,75.60486183261497,74.8239835418489,74.90295229728092,4427200
2019-10-10,75.42060852050781,75.51712216707253,74.91171960116097,75.37674294095874,3986000
2019-10-11,75.77153778076172,76.55241575553003,75.68379996109597,76.35061274572891,5611000
2019-10-14,75.99966430664062,76.92969727898617,75.80663707978397,75.89437490272786,4881000
2019-10-15,75.85050964355469,76.55242567981041,75.24511392360074,76.33307775522643,4695100
2019-10-16,76.07864379882812,76.18393322690436,75.49956867932967,75.92071300369794,3698700
2019-10-17,75.71013641357422,76.35062865516561,75.59607789363864,76.22779434324484,4359400
2019-10-18,75.48200988769531,76.11373300790237,75.03453822855404,75.76277497512426,4631200
2019-10-21,74.8853759765625,75.6662540094185,74.64848317644642,75.45568188776342,4861200
2019-10-22,73.22713470458984,74.88540503068103,73.16571753302979,74.7801222759893,5767500
2019-10-23,72.59539794921875,74.06064738888632,72.060188398807,73.97290285094203,7136200
2019-10-24,72.98143768310547,73.28852342167887,72.52519697064885,72.64803126607822,4591100
2019-10-25,73.15692901611328,73.32363560734281,72.49888513785163,73.00777401025974,5235300
2019-10-28,73.3499526977539,74.56075765857338,73.13938054133806,74.11328596896757,6653400
2019-10-29,73.81495666503906,74.25365248742625,73.3850366334104,73.53419160646995,5699100
2019-10-30,73.86760711669922,74.3150720504228,73.10427395110516,74.23611001293061,8731300
2019-10-31,74.1922607421875,76.52612652946644,73.06920012339467,76.07865476311422,14008800
2019-11-01,73.00777435302734,74.85029588201681,72.48134058674013,74.39405506962616,10658500
2019-11-04,72.270751953125,73.20956074219924,71.85837681039732,73.08672644785061,8271200
2019-11-05,71.84961700439453,72.244440653501,71.09505948897323,72.244440653501,7054400
2019-11-06,72.81473541259766,73.14814854321261,71.946119502669,72.01631244532136,6365300
2019-11-07,71.90223693847656,73.07794513057189,71.80572332964908,72.87614212285087,7221400
2019-11-08,71.74433135986328,72.50766470824573,71.46356622493563,72.1128410383055,7054800
2019-11-11,72.32341766357422,72.41115551851543,71.39338435205266,71.72679087841699,5828200
2019-11-12,73.46971130371094,74.0516877642507,72.84364999846413,72.91419382291066,8551400
2019-11-13,74.01641082763672,74.3250316293537,73.36389058694489,73.4432540659172,7407900
2019-11-14,74.40438079833984,74.527829106446,73.8929549765121,74.1574841821275,5285100
2019-11-15,74.2544937133789,74.89819434593439,73.69015656610564,74.66893027753291,7533000
2019-11-18,74.08695220947266,74.16631569304009,73.40798640638342,73.99877579350941,6432200
2019-11-19,73.76953125,74.3162291602336,73.69016775266999,74.12223697501634,6008400
2019-11-20,73.71660614013672,74.50138766727974,73.16990833275976,73.6637016368239,6248700
2019-11-21,72.5702896118164,74.10458055003528,72.09412896324608,73.8488642724274,8300500
2019-11-22,73.20516204833984,73.53142213165835,72.88772835076301,72.91418059827541,6080400
2019-11-25,73.848876953125,74.0693213619403,73.12581956130799,73.32863137748704,5450400
2019-11-26,74.5631332397461,74.64249674493232,74.06933979389807,74.18396849313247,7651500
2019-11-27,75.63005065917969,75.66532256527917,74.43965241989228,74.81881700117638,7502400
2019-11-29,75.33026885986328,76.47658255596221,75.17154860544082,75.75352511413317,3857000
2019-12-02,74.57193756103516,75.6300680780112,73.91060430606768,75.2861753236225,6425800
2019-12-03,74.79238891601562,74.9511091810256,73.91061116094474,74.09578368221797,6049800
2019-12-04,75.3038101196289,75.42725844827741,74.686561748957,75.06572639478581,5940300
2019-12-05,74.46612548828125,75.37436218757156,74.35149680697901,75.33909027161008,5170800
2019-12-06,76.11504364013672,76.30021613243902,74.97754970676883,74.97754970676883,8499800
2019-12-09,76.07976531982422,76.38838611433238,75.79759677521265,76.10621756972081,7164700
2019-12-10,75.86814880371094,77.12909109552871,75.75352013261096,76.27376571002183,7944800
2019-12-11,76.35314178466797,76.60004523688669,75.70062805095365,76.06216020327193,4921900
2019-12-12,77.78160858154297,78.38121767485971,77.19081914873333,77.59643607547262,10282100
2019-12-13,78.18724060058594,78.29305636480716,77.22610597011,77.61408365072552,6714100
2019-12-16,78.28421783447266,78.74274597481862,77.97559700583373,78.6016583231954,6705600
2019-12-17,77.71107482910156,78.45177167685856,77.1291049813353,78.36359524264314,7296900
2019-12-18,77.58759307861328,78.34592219582298,77.43769253222777,77.94030539108279,5859200
2019-12-19,78.0549545288086,78.11667869514093,77.2260881134071,77.4465325256554,6022100
2019-12-20,78.0020751953125,78.47823608672601,77.4994620422813,78.29306352797049,14271500
2019-12-23,77.79922485351562,78.34592254925317,77.7551332914726,78.1431175096821,4349700
2019-12-24,78.0549545288086,78.12549835531114,77.59643311140114,77.77278595022796,1847800
2019-12-26,77.66698455810547,78.26659368734795,77.4112682075166,78.24014143167155,4177700
2019-12-27,77.71107482910156,78.00206311670006,77.32309717306762,77.69344223323077,4129300
2019-12-30,77.1026382446289,77.77278440076314,76.76755843913236,77.6052512254443,4655600
2019-12-31,77.52586364746094,77.5875877933814,76.98797892125667,77.10261428327134,4115600
2020-01-02,78.78681945800781,78.78681945800781,77.64051272731842,77.70223688414455,6473800
2020-01-03,78.32830810546875,78.56638510433868,77.6846074786392,78.17840752368289,4874100
2020-01-06,77.71107482910156,77.9579782633077,77.1291049813353,77.69344223323077,5409800
2020-01-07,77.47297668457031,77.62287725465485,76.82927610798836,77.56115309477129,6514700
2020-01-08,78.37239837646484,78.78683496562613,77.40244426652582,77.54353192557215,7296300
2020-01-09,79.82733154296875,80.38285578169727,79.42171462127651,79.5804348712804,9443500
2020-01-10,79.5010757446289,80.14476965846055,79.03372794148964,80.06541289953455,7097900
2020-01-13,80.31232452392578,80.87666178395244,79.54517540759387,79.90670753874605,7382500
2020-01-14,80.23294830322266,80.62975229114886,80.1183196280065,80.40930787366644,5855200
2020-01-15,80.7179183959961,81.17643976568625,80.2417577078012,80.2417577078012,6145300
2020-01-16,81.63496398925781,81.6614162383309,80.79727131318153,81.1147117569157,5180300
2020-01-17,82.55200958251953,82.66663823232753,81.83776525354101,81.94358097235256,6962800
2020-01-21,81.59088134765625,82.53438312323354,81.29108018879491,81.85541732218155,7094600
2020-01-22,81.59088134765625,82.66665111049619,81.5379768437229,82.12876622907622,6157400
2020-01-23,82.66665649414062,82.75483291558176,80.0125038259551,81.05300174479187,6100600
2020-01-24,81.14998626708984,83.00171776330033,80.54155760918388,82.88708910449826,7815500
2020-01-27,78.24014282226562,78.87501715207368,77.19964480677608,78.15195966520335,11066500
2020-01-28,78.12548828125,78.6457405253343,77.34952647206872,78.52229220858793,11922400
2020-01-29,76.4677734375,77.98443236053458,75.48017985966958,77.72871598607588,17678700
2020-01-30,75.6917953491211,76.35312863120072,74.67775636520967,75.34790258063408,12224900
2020-01-31,74.80120086669922,75.82405945888084,74.52784521615223,75.64770661701736,11693900
2020-02-03,75.8416976928711,76.5294831846857,75.01282454764346,75.01282454764346,9090600
2020-02-04,77.9315185546875,78.4782232056355,76.3795944901014,76.83811598022214,9997100
2020-02-05,77.56829071044922,79.02114535832744,76.74441524169526,78.7376616894435,9982700
2020-02-06,76.31919860839844,77.69231998258573,76.31919860839844,77.6480296691641,8901400
2020-02-07,76.55838775634766,76.73556929224426,75.58391296466205,75.9737055848501,8073900
2020-02-10,77.54173278808594,77.62146617867687,76.33692523193116,76.56725787734511,7289300
2020-02-11,77.52398681640625,78.16182664932835,77.38224162740907,77.83404596885933,5098500
2020-02-12,78.46302795410156,78.93254708223633,77.41768080213284,77.70116443188115,7747800
2020-02-13,79.6678237915039,80.18163990980047,78.18839401941247,78.40100502192826,8576600
2020-02-14,79.09200286865234,80.09305966362312,78.83509478670332,79.88930264732475,5686900
2020-02-18,79.04772186279297,79.26033290918092,78.21498568949713,79.17174553641789,5288800
2020-02-19,79.8538818359375,80.11965073329385,79.10973973739384,79.27805373085462,5210800
2020-02-20,78.48960876464844,79.95132407455486,77.71889118506353,79.49066567979051,5969200
2020-02-21,77.39112091064453,78.30358381711726,77.07220091786785,77.9580882847399,5800500
2020-02-24,74.87519836425781,76.23061173268407,74.64487251184245,74.88405913051513,8313600
2020-02-25,72.81110382080078,75.61050511508041,72.35043848505748,75.31816058571863,9404000
2020-02-26,71.46451568603516,73.7412454204183,71.43794015259913,73.17427817784073,10541500
2020-02-27,69.35611724853516,71.64170809543187,68.5322417925042,69.83449719966124,17120800
2020-02-28,69.48014068603516,69.81677542433752,67.0793869321714,67.47803351065535,19108600
2020-03-02,72.97937774658203,73.00596003728025,68.79799626143924,69.02832204389887,14258700
2020-03-03,69.63074493408203,73.19201589545246,69.19666202145176,72.90853221145944,12395900
2020-03-04,70.5786361694336,71.04815533441355,68.99289716775752,70.24200144480993,10999600
2020-03-05,67.4957504272461,69.01061678422184,66.68958980121316,69.01061678422184,12545300
2020-03-06,66.74276733398438,67.07054817322553,63.828203130371605,65.07730110923625,18080100
2020-03-09,62.74740219116211,65.58223898815636,62.08298668323057,62.525930355184926,15930300
2020-03-10,66.32637786865234,66.39724370880158,62.03868025621187,64.27997381687672,18414000
2020-03-11,60.50611877441406,65.7948614563796,59.70881867501705,64.51918805612961,17138000
2020-03-12,55.01359558105469,59.16840884877489,54.44662829507458,55.76660175350268,25170600
2020-03-13,61.94124221801758,62.17157482269728,56.262704409611935,58.158506187344024,19247200
2020-03-16,51.90413284301758,56.65248892756786,51.47890737894627,53.711343599864314,23354300
2020-03-17,52.24962615966797,52.816593421639546,47.4924128865843,52.754581588573366,25045200
2020-03-18,49.90203094482422,51.07140185689762,44.3120811213492,49.21103658449597,28770600
2020-03-19,54.40234375,56.12982481304815,47.439268417936226,49.81344686142342,25167400
2020-03-20,51.40803527832031,58.1850739926808,51.30172975611696,55.190774185588275,28420600
2020-03-23,50.096920013427734,50.88535907331719,47.83790835053095,50.69932357411907,24905800
2020-03-24,57.47636032104492,57.724414419680095,54.03912034535476,55.46539930828727,28286200
2020-03-25,58.300254821777344,61.69320560436257,56.244999450031585,59.20386386614524,22977200
2020-03-26,61.923519134521484,63.41180996102511,58.690029372076836,59.09753668949312,20997500
2020-03-27,58.76976776123047,60.46181596505521,57.42322186671643,59.07097299635697,18950500
2020-03-30,60.11630630493164,60.435226239608966,57.2105973523453,58.96465023428762,14199700
2020-03-31,58.23822784423828,60.52381864676435,57.85729604381727,59.51390768914279,20109800
2020-04-01,55.474266052246094,57.37006785894471,54.55294575762635,55.81090419840276,12880400
2020-04-02,57.582679748535156,60.86046035378419,55.73117498759888,58.247095284095174,18175000
2020-04-03,55.85519027709961,57.361199273676796,53.9505347226743,57.11315192579055,14676500
2020-04-06,60.05430221557617,60.54153618615756,57.0600055080497,58.70774970466704,18010800
2020-04-07,60.869327545166016,64.20912710803573,60.53269273811086,63.402966262244746,13799400
2020-04-08,63.40296173095703,63.713020973030744,60.71872395720028,61.640047675636865,10417600
2020-04-09,65.44934844970703,65.78598993471513,62.13613198399191,63.07517031841783,19748100
2020-04-13,63.571258544921875,65.20128752256453,62.32215452200009,65.1304149342891,11191800
2020-04-14,65.26331329345703,65.848002133496,64.36857202071882,65.28103482370373,10912000
2020-04-15,64.2711410522461,64.82924774602621,62.6411045320035,63.7927609895266,10642500
2020-04-16,65.12157440185547,65.3430462169466,63.20805467525206,64.76721814595298,11946800
2020-04-17,68.30191802978516,68.55882619000464,66.41498027769877,67.87669585746534,14268400
2020-04-20,66.72502899169922,68.19560510600297,66.51241793908568,67.34514737798183,9684700
2020-04-21,64.42172241210938,65.5202207183584,63.55354992636226,65.02412601723627,10345800
2020-04-22,68.61196899414062,69.1523607903058,65.93659230981419,66.04290121946076,11347000
2020-04-23,66.5744400024414,68.80687329470695,65.78600075074085,68.50567482047731,15513400
2020-04-24,66.95536041259766,67.3540069741772,65.74169243904174,67.10595962396918,8456000
2020-04-27,68.86888885498047,69.134657794978,67.80582661256018,67.92985031554971,8258500
2020-04-28,69.7104721069336,70.52548678103335,68.17788414128674,69.69275057644506,12801400
2020-04-29,68.08929443359375,69.7636207918966,67.96527075955527,69.25866533080183,24575500
2020-04-30,67.97415924072266,68.78031345067936,66.60989151124059,68.0627466499023,15186000
2020-05-01,65.36962890625,67.22113023879143,64.85581261690757,66.35296441355617,11216700
2020-05-04,63.68642807006836,64.3331286776212,63.12832158648531,64.29769237978984,12921800
2020-05-05,64.58118438720703,66.51241893763083,64.57232362190325,66.4061100303363,12976000
2020-05-06,64.63434600830078,66.30867270839545,64.54575861715838,65.3519126629743,12740900
2020-05-07,67.70791625976562,67.73464198129889,65.36486844663618,65.75685702408909,13360500
2020-05-08,69.37390899658203,69.42736045443603,67.4941223629327,68.82155234316069,11917200
2020-05-11,67.5921401977539,68.75920933487969,67.52977788043381,68.26031079631896,9004500
2020-05-12,66.23794555664062,68.35827692298416,66.22903471644317,67.70792152816108,8549900
2020-05-13,65.58760833740234,67.48520980989626,64.96397855800033,66.33595591630787,11532700
2020-05-14,66.09541320800781,66.18450122862654,62.94164833984655,64.4294393548183,11932300
2020-05-15,66.06868743896484,66.49631265645145,64.74125078377365,64.8659753719556,9489100
2020-05-18,67.9128189086914,69.0442507365423,67.88608639249279,68.47407940325041,8903200
2020-05-19,67.58319091796875,68.79480679139917,67.49410291488864,68.06427429097603,6484900
2020-05-20,69.27589416503906,69.34716049343135,68.1711811127168,68.80372160416584,7790500
2020-05-21,69.53425598144531,70.71913943636008,69.39170972694096,70.02424343810013,10312600
2020-05-22,69.15116882324219,69.53425337161995,68.17118035275536,69.40061796228274,7653300
2020-05-26,69.27589416503906,71.20022097121772,69.11553303144255,70.91513526671054,8422200
2020-05-27,70.02424621582031,70.36279018520776,68.94626561204298,70.36279018520776,8245300
2020-05-28,69.97078704833984,71.32494238557469,69.42734138614571,70.05987505262203,8331400
2020-05-29,69.48078918457031,70.05987137749626,68.83044067014445,70.04205649636594,10043600
2020-06-01,69.77479553222656,70.06879208964257,68.39390755428808,69.1868092143742,7922000
2020-06-02,69.29371643066406,69.72134843147577,68.41173350040374,69.46298842221162,9521000
2020-06-03,70.8973159790039,71.22694226865416,69.75697323182472,69.89060183737,9956700
2020-06-04,70.14896392822266,71.42294211652128,69.90842563397511,70.65677303561559,7667600
2020-06-05,73.17801666259766,73.34728866072861,71.24477873534124,71.56550104917866,12030800
2020-06-08,74.44305419921875,74.49651242794253,73.21362369021317,74.01542915129401,10229600
2020-06-09,73.38289642333984,74.14015450160322,72.83945087137936,73.60561978735717,7999800
2020-06-10,70.38951110839844,71.29821966549805,69.66788261028178,71.16458425495946,19683800
2020-06-11,64.65215301513672,68.41172536999812,64.27797930700775,67.48519514250314,26422200
2020-06-12,68.04644775390625,68.34935509912687,65.75685157362379,66.81701708642822,18529800
2020-06-15,68.56316375732422,69.40951667054632,65.99739289381365,66.1933905536541,14644700
2020-06-16,69.34715270996094,70.32714108137938,68.05535974324182,70.19350568555154,10890100
2020-06-17,68.68791198730469,69.74807780543277,68.31373821513493,69.5520800780161,6906700
2020-06-18,67.98410034179688,68.41173233532585,67.52974942008602,68.34937004428829,8486000
2020-06-19,67.17338562011719,68.93735132092048,66.71011709476925,68.6255398886552,12538600
2020-06-22,67.17338562011719,67.39610904273232,65.8548599675647,66.72793877488695,8238600
2020-06-23,67.25357055664062,68.03756144485368,66.87939679470998,68.00192487748215,8076600
2020-06-24,65.60540008544922,66.74574273510522,64.14433521595518,66.72792785488237,12306400
2020-06-25,65.7925033569336,66.02413763959032,64.29580155596254,65.23124273043696,8624800
2020-06-26,63.761268615722656,65.72123224529894,63.476182873293745,65.59650765779755,17627800
2020-06-29,65.46287536621094,65.48069025043787,63.306907337838766,63.61872558613903,8653000
2020-06-30,65.56085968017578,65.81921965131524,64.86596372875607,65.55195563760408,11324000
2020-07-01,65.95286560058594,66.54085875931564,65.37378328283158,65.92613987464007,6750000
2020-07-02,65.73013305664062,66.89720157459787,65.60540848817097,66.85266096984682,6544400
2020-07-06,67.20903778076172,67.24467435228796,66.0686946798464,66.75467999002855,7235300
2020-07-07,66.14884948730469,67.02192820184817,65.92612608835753,66.93283340468632,7515100
2020-07-08,66.05086517333984,66.37158748211249,65.32924337709149,65.98850287979961,7346200
2020-07-09,65.54304504394531,66.1221272712939,64.08198001317663,65.68559128937596,9618200
2020-07-10,66.18448638916016,66.4250246705968,64.80359858975268,65.03523282901006,7524200
2020-07-13,64.72341918945312,66.67447148489005,64.58087295577047,66.42502237292395,9464500
2020-07-14,64.79469299316406,65.00850554897607,63.983976573701526,64.14433768980518,8780900
2020-07-15,67.36048126220703,67.53865730473866,65.89050512188992,66.33595202519932,10300700
2020-07-16,66.27357482910156,66.94174503382861,65.64104118426408,66.72793247147001,6649300
2020-07-17,66.06868743896484,66.41613547704031,65.2223342511813,66.30922577417853,6087500
2020-07-20,66.78137969970703,67.01301392588645,65.59648964680191,66.06866893781567,8832700
2020-07-21,67.20903778076172,68.4206540247295,67.05758065252998,67.51193844326315,10637500
2020-07-22,68.81262969970703,68.89281366971726,66.92393934498294,67.28029139886918,9213100
2020-07-23,67.13776397705078,68.66119171065577,66.72795360400332,68.4919196968171,7795100
2020-07-24,67.51191711425781,67.70791479724014,66.91502002297813,67.06647030638123,5673400
2020-07-27,68.11772918701172,68.34045260449358,67.29810864195355,67.60992006703228,6771100
2020-07-28,66.4963150024414,68.05537920669984,66.4250418646857,67.97520202446006,12273400
2020-07-29,68.9729995727539,69.92625571121195,68.50973776587828,69.0977241667966,15261100
2020-07-30,68.27809143066406,68.58099881779826,67.17338516512983,68.26918059066557,7889800
2020-07-31,68.18008422851562,68.1889950674224,67.24465005266077,67.92172427604754,7423800
2020-08-03,67.26245880126953,68.24244028533614,67.20900736665908,68.13553741611524,7138300
2020-08-04,66.93282318115234,67.25354537040641,66.60319695112511,67.14664250530684,12792400
2020-08-05,67.51191711425781,67.69900395792851,67.11101770596045,67.1288325876048,7780800
2020-08-06,67.77168273925781,68.00457018808646,67.12674893091058,67.35963637973923,6764800
2020-08-07,67.88813018798828,68.01353323160725,67.3685993878792,67.61045299625388,6569300
2020-08-10,69.39298248291016,69.57212775859523,67.90605072569807,67.91501003966859,6604300
2020-08-11,70.64701080322266,71.64128267313824,69.8677146031946,70.10956137757388,10238500
2020-08-12,71.0232162475586,71.38151356807593,70.46785505905906,71.29193411248187,5378000
2020-08-13,70.7813491821289,71.33671026494353,70.62011576027638,70.69177657753343,4383400
2020-08-14,70.19913482666016,70.7007469580957,69.8856204105602,70.35140896170985,3771300
2020-08-17,70.71866607666016,70.72762538963643,69.97520711451163,70.40515846202481,5360400
2020-08-18,70.75450134277344,71.08592760607095,70.18122828417238,70.89782302440067,5272700
2020-08-19,69.5362777709961,71.11278172246416,69.35713254571776,70.92467718573621,6840600
2020-08-20,69.1690444946289,69.55421297133482,68.48828017520482,68.9988517062844,5099500
2020-08-21,69.03466796875,69.21381319998568,68.6942892958212,68.91822425184206,5594100
2020-08-24,70.476806640625,70.88884612213872,69.1958984731999,69.60793795471363,5867400
2020-08-25,74.09561920166016,74.40912685732914,71.47110054028087,71.71294735066714,17659500
2020-08-26,73.81794738769531,74.12249575157263,73.3431993783112,73.8268998685471,7934300
2020-08-27,74.71367645263672,74.91969282499481,73.89854977482265,74.1224847741403,9099200
2020-08-28,76.13790130615234,76.3976667306831,74.7315897553851,75.05405670763336,9303900
2020-08-31,75.66315460205078,76.46036261011929,75.26902683753927,75.8064694402664,6401600
2020-09-01,77.07841491699219,77.11423849622652,75.44816870372846,75.86916068228099,8166100
2020-09-02,79.13863372802734,79.49693112241219,77.2934113727838,77.49047528139319,11378900
2020-09-03,77.4636001586914,79.70295021511346,76.75596472078755,79.36256463280672,11036600
2020-09-04,77.2754898071289,78.62805917339186,76.41558019366327,78.00999636241959,10349400
2020-09-08,76.50514221191406,78.44889600416924,75.93186243309317,76.37973234839359,11083100
2020-09-09,76.90824127197266,77.77711021426975,75.65420383465585,76.97094280214078,6928700
2020-09-10,76.03041076660156,77.99208360576124,75.71690312503482,76.85449678237505,7552000
2020-09-11,76.37975311279297,76.89928399592837,75.3765286035157,76.09311656243455,7103300
2020-09-14,77.59794616699219,77.98311460276176,76.7111655670402,76.80969750414077,5535800
2020-09-15,78.56535339355469,79.04905380632506,78.08165298078431,78.0906122941561,8361900
2020-09-16,79.1655044555664,80.10603425705467,78.60119067504606,78.82512569121427,7146400
2020-09-17,77.70542907714844,78.21600049916758,76.46035127899736,77.97415375566482,7386600
2020-09-18,76.09310150146484,78.14434668526205,75.77959390436769,77.75917825627039,10113400
2020-09-21,75.14362335205078,75.19736556182325,73.22674041869361,74.22101230320499,7188800
2020-09-22,75.1973648071289,75.59149256538068,74.50764806414168,75.28694426778857,4465000
2020-09-23,74.33746337890625,76.04833012116964,74.18518921354,75.58254147728518,6414700
2020-09-24,74.38224029541016,75.3675527945019,73.37900917174326,74.01498366510206,4881500
2020-09-25,75.5108871459961,75.8602252104404,73.64774624632372,73.9254234683297,5981500
2020-09-28,77.09632873535156,77.24860286993837,76.12892805570708,76.6036690835087,5976200
2020-09-29,75.95874786376953,77.25756801272094,75.8064668837371,77.25756801272094,4064000
2020-09-30,76.96196746826172,78.07268981997437,76.55888726307673,77.59794195157392,10134400
2020-10-01,77.69649505615234,78.33246971277202,77.21279457774695,77.96521982214024,7241200
2020-10-02,77.54421997070312,78.04583223846019,76.21852161940349,76.27227067234504,5602300
2020-10-05,79.24613189697266,79.43423650776438,78.10853808329013,78.1712396202207,7004800
2020-10-06,77.93833923339844,79.9716660243688,77.75023465366624,79.40735228517221,7951100
2020-10-07,79.22818756103516,79.70293542542373,78.32349522656241,78.6638739117544,5179300
2020-10-08,80.19561004638672,80.26727089452405,79.19238550828256,79.23716841290242,4958800
2020-10-09,80.62555694580078,80.91219346402507,80.24038848375375,80.43745237139926,6197700
2020-10-12,81.31529235839844,81.60192894232802,80.55391457301877,81.02865577446885,5909100
2020-10-13,80.75991821289062,81.37797413926592,80.4105733406521,81.13612735658926,5732000
2020-10-14,79.9985122680664,81.15401732783226,79.32670747754801,80.76884897457698,4760700
2020-10-15,79.56857299804688,79.60440341233843,78.52951148545009,78.96842893505705,5002200
2020-10-16,79.29090118408203,80.28517312316202,79.21924717843729,80.07019743832019,4721300
2020-10-19,78.46683502197266,80.2314441940112,78.25185930153822,79.45214781074834,5426600
2020-10-20,79.28195190429688,80.36579651964048,78.86095299710678,79.434226069124,4939700
2020-10-21,79.06696319580078,79.86417804676795,78.99530919286572,79.16549513803425,4119200
2020-10-22,80.04332733154297,80.0612391246894,78.55639564409636,78.84303217211627,4257800
2020-10-23,81.33319854736328,81.47651340042742,80.11499154352423,80.43745850536128,7811500
2020-10-26,80.31205749511719,81.62878964993106,79.40735811610732,80.64347694538242,7756400
2020-10-27,80.66138458251953,80.9301024649868,79.87312905912731,80.15081308848295,8027500
2020-10-28,78.08167266845703,79.67608915296748,77.58006033641927,79.40737118964246,12738800
2020-10-29,79.09383392333984,79.81938103730961,77.58003134337534,78.08164348795168,8440000
2020-10-30,77.89354705810547,79.17445548999395,76.7022112565263,78.60118245527009,11400700
2020-11-02,77.00677490234375,78.61910292778292,76.54098623898366,78.41308653872142,8904900
2020-11-03,79.1744613647461,79.77460554969814,77.19487670202467,77.73231935771237,6910400
2020-11-04,80.42850494384766,81.77211510294845,79.48797509889525,79.63129679616424,10509400
2020-11-05,81.17196655273438,81.6556670043467,80.52703261725128,81.23466808346444,6169700
2020-11-06,81.19882202148438,81.69147485834459,80.41952586054884,80.75095207854618,6626100
2020-11-09,85.88352966308594,87.46899293793254,85.668554024344,87.17339716344217,16225800
2020-11-10,84.52458953857422,85.73953916727339,83.82261894715595,84.36259579700244,10474700
2020-11-11,85.53256225585938,86.24353449742728,84.61459531462323,84.69559562881655,8296500
2020-11-12,84.17362213134766,85.28058074503402,83.39065793583794,85.19058572863032,7058400
2020-11-13,86.00054931640625,86.0275471352035,84.326615889179,84.93859162457584,5516100
2020-11-16,87.99848175048828,88.02547957279805,86.4145431352355,87.10751928336263,9371300
2020-11-17,88.73644256591797,88.89843634877052,87.1255062992676,87.48549324629326,8722300
2020-11-18,88.11547088623047,89.39341800740522,88.11547088623047,88.76343914238709,6039500
2020-11-19,87.98046875,88.12445939698031,87.17049990392532,87.51248369841048,4252300
2020-11-20,87.30550384521484,87.78248363539032,87.25150133974859,87.67448549063778,4609700
2020-11-23,87.18850708007812,88.07047479319642,86.77452447716307,87.85448536258427,4803200
2020-11-24,88.4664535522461,88.84443673995226,87.65648467417603,87.75548125183902,6319900
2020-11-25,88.37643432617188,88.68242556058354,88.14244870323279,88.64642618793638,4027100
2020-11-27,88.79044342041016,89.07843159944112,88.4484527373123,88.62844964056902,2169700
2020-11-30,88.21446228027344,88.45745638886591,87.2605027021044,88.37645606394176,5197300
2020-12-01,88.93443298339844,89.33041929951482,88.42145383123844,89.09642676124788,4970000
2020-12-02,89.01544189453125,89.13243474186353,88.38546297936115,88.65545492388839,3377900
2020-12-03,90.09538269042969,90.89634997757136,89.06942443799699,89.11441851134758,6264100
2020-12-04,92.04829406738281,92.64227345631971,90.95933872051056,91.21132747963092,6952700
2020-12-07,91.26533508300781,91.99430358642873,90.61736002833185,91.80531200651141,4514800
2020-12-08,91.08533477783203,91.40932229300559,90.00538097137274,90.3293684865463,3911300
2020-12-09,90.35635375976562,91.98528580381998,90.08636191253791,91.74229863425734,6629900
2020-12-10,94.84719848632812,95.47717049386448,92.47129424907689,93.15526876167344,12939200
2020-12-11,92.69627380371094,94.29820831066215,92.09329968995813,93.96522609038206,6262600
2020-12-14,92.9842529296875,94.23520197344419,92.92125574281408,93.44323635758147,5156200
2020-12-15,93.75823211669922,94.37020779595952,93.39824521133804,93.8122277493407,5195200
2020-12-16,92.93926239013672,94.3162128278078,92.44428639968454,93.68623402244252,6409300
2020-12-17,92.88526153564453,93.63223312595991,92.34528463724234,93.191252793319,4535700
2020-12-18,92.9482650756836,93.69523671702756,92.65127535811128,92.99326601453245,10215000
2020-12-21,92.64228057861328,92.83127216248313,90.0143809278924,91.09434166366488,7175900
2020-12-22,92.16531372070312,92.84928139616237,91.69732860993605,91.90432334473307,4302700
2020-12-23,91.8503189086914,92.41730059382361,91.76932544863256,92.05731363914191,3817300
2020-12-24,91.80530548095703,92.12029142509657,91.5083157909775,92.06629579643796,1949200
2020-12-28,93.90222930908203,93.93822868874712,92.07530370470123,92.62428222877955,5055200
2020-12-29,95.06319427490234,95.19819024732433,94.01923961161167,94.39722284144895,4780900
2020-12-30,95.36917114257812,95.95414902358594,95.19817581235971,95.38716739862143,3654100
2020-12-31,96.27813720703125,96.4221278548807,95.05418580250377,95.39616959905315,3566300
2021-01-04,92.78626251220703,96.97109537979105,91.92229812441205,96.89010193695648,8041500
2021-01-05,93.09227752685547,93.83024772562604,92.51630112128723,92.62429240596855,5721900
2021-01-06,93.76724243164062,94.68520260314224,92.61528971988182,92.68728161473192,5017200
2021-01-07,93.01126861572266,94.17222288219695,92.65128167891068,94.03722692262,5057000
2021-01-08,95.09918975830078,95.18019008490404,93.07427085356042,93.4702571921095,5869700
2021-01-11,94.13622283935547,95.0721861220073,93.83923310361234,94.58620479065848,4257400
2021-01-12,92.5343017578125,93.88424780963793,92.07531817766127,93.60526115610516,4332600
2021-01-13,92.59728240966797,93.038262785222,91.33733161333414,92.08430327633955,4804500
2021-01-14,91.63433074951172,93.76724782089714,91.53533416395078,93.41626242342842,4528300
2021-01-15,92.09329986572266,92.41728739203664,91.08533790983701,91.23833011221332,5522900
2021-01-19,92.28230285644531,93.2362624317902,91.20234201312701,92.5162954024246,6519600
2021-01-20,94.91019439697266,95.2611797772834,91.97631008851228,92.16530855438405,5844300
2021-01-21,94.11822509765625,94.9371886656947,94.0012253978082,94.91019084763118,5731500
2021-01-22,93.51524353027344,94.01922107067026,92.75026879279811,93.74023448454759,5231600
2021-01-25,93.10126495361328,93.55124691446434,91.94931223242332,93.37125687659585,5009000
2021-01-26,94.21720886230469,94.68518699951895,92.91225728186167,93.05625478019137,7195300
2021-01-27,88.07948303222656,91.59833885683834,87.05352457632169,91.3283537646522,18139500
2021-01-28,88.33147430419922,90.47338630589107,88.28647335450171,89.04244673909825,8868200
2021-01-29,87.12548065185547,88.0074480691317,86.32451353525116,87.64746122807655,8203000
2021-02-01,88.71844482421875,89.6544081243562,87.22450142221672,87.28749862192886,7206300
2021-02-02,91.48133087158203,92.2283025488171,88.898432033203,89.14142612877565,6917700
2021-02-03,90.91435241699219,92.38129800481512,90.72536081723545,91.12134714025709,3934800
2021-02-04,93.27226257324219,93.81223956621153,90.99535489433178,91.22034588025068,6926800
2021-02-05,95.82815551757812,96.7821150188065,94.29821282495557,94.57719942636852,8072100
2021-02-08,95.6301498413086,95.8731370322931,94.80217797436549,95.77414047066054,4836600
2021-02-09,95.59416961669922,96.1431481625672,94.69420568789005,95.39617645377241,4095200
2021-02-10,95.27918243408203,96.20614417067911,94.4332141543077,96.09814602873564,4293200
2021-02-11,95.27017211914062,95.60316120990375,94.52320048823313,95.5041646387628,2976000
2021-02-12,94.76620483398438,95.34218120146119,94.2442241052773,95.16218429526225,3169800
2021-02-16,95.53116607666016,95.92714551005577,94.22621434677856,94.38820811786113,4928100
2021-02-17,94.39238739013672,95.31425560172528,94.13028591443722,94.99792861222976,5733800
2021-02-18,94.87139892578125,95.20579879198192,93.46148038730836,93.79588025350901,4098700
2021-02-19,93.42532348632812,95.15156893929041,93.28975281102268,94.67255852923404,4128900
2021-02-22,92.0154037475586,93.0818825522605,91.9611782322825,93.0818825522605,5211800
2021-02-23,91.61773681640625,93.39820785801923,90.3162693100715,93.39820785801923,8740300
2021-02-24,94.3381576538086,94.455655464244,90.92181227963935,91.42794237258356,7542700
2021-02-25,93.51571655273438,95.59444195577686,93.19034963827346,93.99472703918738,7534000
2021-02-26,97.63700103759766,98.9475083045696,93.70549302750311,94.13027790385227,15122900
2021-03-01,96.5886001586914,99.84226165632715,96.29034607342709,98.15216206857316,7930300
2021-03-02,96.88684844970703,97.83583622436626,95.63961348180426,96.9862664792584,5016800
2021-03-03,96.00113677978516,97.57373865322324,95.91075862989301,96.65187049166597,5313400
2021-03-04,94.79907989501953,96.85973188945974,93.85913204054657,96.03728182642733,7211800
2021-03-05,95.07926177978516,95.85652628106286,92.864966076752,95.85652628106286,5559900
2021-03-08,94.92562866210938,96.60668863832193,94.20259648770919,94.71775958394132,5119500
2021-03-09,96.29940032958984,97.5827881120578,95.64866655385637,96.05537171598404,5510900
2021-03-10,97.41105651855469,98.57695328525199,96.66994464694217,96.9049333561103,6077000
2021-03-11,96.99530029296875,98.12504428953027,96.94107478766504,97.98044064358366,4670700
2021-03-12,97.43817138671875,97.6008548203757,96.3265070029055,97.08569176303054,3356000
2021-03-15,98.42329406738281,98.4684796880287,96.76030739135213,97.51045902725407,7107300
2021-03-16,100.6285629272461,101.53235820510709,99.31806253251196,99.93264359727387,11376200
2021-03-17,99.8332290649414,100.73702437448685,98.45042334460261,100.60145369897283,10128400
2021-03-18,97.2664566040039,99.66150872958526,97.15799868126749,98.76675327709617,7813400
2021-03-19,96.1095962524414,98.37812455988427,95.6486655788384,97.92622687527717,21452000
2021-03-22,97.22126770019531,97.98949238581145,95.80230924474526,96.16382877192092,7605100
2021-03-23,96.02825164794922,97.564700916152,95.50404871346647,97.3749047285795,5657800
2021-03-24,94.87139892578125,96.95916397627556,94.8442861685662,96.37169562010808,5731300
2021-03-25,97.02240753173828,97.3387344537163,94.04892067432546,94.90753020016263,8149000
2021-03-26,99.32709503173828,99.41747317372325,96.86877095544966,96.93203634438018,6167600
2021-03-29,98.63117218017578,99.6434253325687,96.33553144030272,98.52272116430507,5167100
2021-03-30,99.66150665283203,99.82419008584105,97.86295590125133,97.98948669410156,4552900
2021-03-31,98.7577133178711,100.8816378735233,98.68541493151302,99.71574106278588,6478400
2021-04-01,98.85712432861328,99.47170538913856,97.79064563227269,99.47170538913856,5793000
2021-04-05,100.33935546875,100.63760958542046,99.29999634557132,99.33614898656874,6913100
2021-04-06,102.26444244384766,102.86998365694186,100.41165926869012,100.66472085652583,6745200
2021-04-07,102.30060577392578,102.81576888739647,101.81255541978325,102.0475441596471,5629600
2021-04-08,102.16502380371094,102.99651384324046,101.83965693686703,102.71633950056251,5011300
2021-04-09,102.29154205322266,102.37288031225387,101.19795067753827,102.0475203807188,4114300
2021-04-12,102.86093139648438,102.93323666871208,101.92098354375497,102.14693234790886,4707800
2021-04-13,104.26183319091797,104.47874214641489,102.74345671161679,102.83383486845622,4607400
2021-04-14,104.08106994628906,105.05716362873102,103.68339780818361,104.13529545769947,3994600
2021-04-15,105.43675994873047,105.64462900026939,103.7376204209651,104.02683463275761,5079100
2021-04-16,106.95512390136719,107.09973444754904,105.68981609932781,106.4851534170969,5777900
2021-04-19,106.28630828857422,107.53355000896102,105.78018521097366,106.80147124839188,4889700
2021-04-20,105.08428955078125,105.97905197362613,104.25279942639065,105.70791059178009,5662400
2021-04-21,105.50906372070312,105.97904114850935,104.71372632149168,104.92159538365088,4397400
2021-04-22,104.76793670654297,105.63557926096905,104.14432271469894,105.62654627376976,5744900
2021-04-23,106.25018310546875,106.62978240715064,104.69565394217703,104.85833738706597,4555800
2021-04-26,104.76793670654297,105.96998596341444,103.9906722919802,105.69884464841438,5924900
2021-04-27,104.97582244873047,105.1927313837642,104.18047819458891,104.54199768325228,7260900
2021-04-28,101.58658599853516,103.16822766298394,100.87258693399188,102.5265338722854,14793500
2021-04-29,103.60205841064453,104.07203585372325,101.91196552047217,102.31867066950338,8936600
2021-04-30,103.47550201416016,103.89124694454699,102.57170688842974,103.03264433326694,6478700
2021-05-03,104.58718872070312,105.50905685307042,104.05394593102558,104.09913845224611,5049800
2021-05-04,103.132080078125,104.29797681819522,102.61691704371357,104.07202799791985,6265100
2021-05-05,102.56270599365234,103.82801404926109,102.27349173874009,103.22247278044665,4677700
2021-05-06,103.70146179199219,103.76472718168553,102.21923818025357,102.71632831028008,4113300
2021-05-07,103.33995819091797,104.69565123142063,103.24958003396674,104.03588447980637,4867500
2021-05-10,103.30379486083984,104.92158221250956,103.22244970664175,103.54781653261371,5759500
2021-05-11,102.62596130371094,102.75249209682818,101.3787193495395,102.41808534621201,7775400
2021-05-12,99.62248229980469,101.9816980736249,99.41377927435666,101.50985768799909,7965300
2021-05-13,100.25765228271484,100.88375442935462,99.0508272416602,99.95821844648518,7999400
2021-05-14,100.90191650390625,101.25579858062247,100.03989748069428,100.72951685297187,6836300
2021-05-17,100.70230102539062,100.96543844034966,99.65879952660029,100.92007302387435,4521200
2021-05-18,100.78395080566406,101.81837632759165,100.72950954330351,101.05617096315919,5177300
2021-05-19,99.51360321044922,99.75860274070737,98.79676324549752,99.4500860957242,5997400
2021-05-20,101.09245300292969,101.34652142144257,99.69506977826362,99.79488336022871,5345500
2021-05-21,100.6478500366211,101.82746159774986,100.3302644387316,101.29209708458173,5146500
2021-05-24,102.09966278076172,102.56243426743158,101.19227150963825,101.44634688074346,5476100
2021-05-25,102.1994857788086,102.67133316000596,101.79116243836752,102.46263010239046,5391800
2021-05-26,102.39909362792969,103.32463651148203,102.19946645999309,102.80742381403054,3841600
2021-05-27,102.99798583984375,103.52426751939203,102.31744238176883,102.96168935800489,7378400
2021-05-28,103.3337173461914,103.76019235904573,102.58058783879888,103.76019235904573,4239800
2021-06-01,102.8437271118164,104.00519379657248,102.62595513716988,103.95074561077615,4306900
2021-06-02,102.53520965576172,103.17945660250334,102.3083618467888,103.17945660250334,5045000
2021-06-03,100.82933807373047,101.84561204349781,99.94916728002326,101.63691589164081,5723900
2021-06-04,101.61875915527344,101.69135212747634,100.7658159618534,101.28302877381704,4477500
2021-06-07,101.0198745727539,101.88189353419756,100.71135793245503,101.6096802993004,4009000
2021-06-08,101.19227600097656,101.61875102498871,100.59340133533442,101.06524177120865,4669800
2021-06-09,101.07431030273438,101.80022606841862,101.0198690433041,101.39189585415406,3669400
2021-06-10,101.81837463378906,102.01800182291844,101.11968639468236,101.44634780910386,3833200
2021-06-11,102.13595581054688,102.38095532226393,101.80022548219901,101.8818873708742,3231200
2021-06-14,102.0361557006836,102.74392677693716,101.17413667750273,102.33559651107778,4222400
2021-06-15,101.52800750732422,102.0815167296415,101.22856673010091,102.04522024850723,3487300
2021-06-16,101.0470962524414,102.14503890046532,99.99451901594797,102.00892882018134,4822000
2021-06-17,101.07431030273438,101.58244718500586,100.45728397875652,100.72042827074591,4008500
2021-06-18,99.54081726074219,100.49358084147008,99.14156981865888,100.48450499058191,7024400
2021-06-21,100.69319915771484,101.05615700997807,99.52266371865966,99.8130286159012,5628500
2021-06-22,101.49170684814453,101.86374057232109,100.35746782006325,100.78394280227711,3583500
2021-06-23,101.22855377197266,101.60058746384098,100.8474511531161,100.97448535940161,3552100
2021-06-24,101.61875915527344,102.45356448991303,101.42820779537598,101.42820779537598,3840000
2021-06-25,102.57151794433594,102.73484866251349,101.82745732215967,102.30837362489174,12171200
2021-06-28,101.8456039428711,102.58059564937177,101.12876394029946,102.47170619433736,4546600
2021-06-29,101.872802734375,102.2539122838622,101.20133521274212,101.69132727107265,3789500
2021-06-30,101.45541381835938,102.16317788829336,100.96542171082525,101.93633007496345,6759100
2021-07-01,102.9072494506836,102.97983549247031,101.45541784941094,101.58245207609536,4810600
2021-07-02,104.32276916503906,104.62220992766957,103.17945429498792,103.41537794944036,4722000
2021-07-06,105.01239013671875,105.12127265374185,103.73296517893178,104.42258445240942,5294700
2021-07-07,106.29182434082031,106.86347841068896,104.93981314029794,105.1485092782363,5382300
2021-07-08,105.24830627441406,105.947001394624,104.56776285550202,104.75831418205591,4486100
2021-07-09,106.59126281738281,106.8362554354286,105.25739642741443,105.31183769301425,3533600
2021-07-12,107.48956298828125,107.77992790149142,106.518654660718,106.84531605343513,5683400
2021-07-13,108.47862243652344,108.87786986327244,107.48048656253704,107.56215537170209,5529300
2021-07-14,108.70548248291016,109.64009443122455,108.5965930327084,108.83251671338903,5701800
2021-07-15,107.95232391357422,108.5058330570598,107.2354840896692,108.24268879844821,6467500
2021-07-16,107.73458099365234,109.32251589981169,107.52587793136168,108.59660003071443,5024800
2021-07-19,104.64036560058594,106.66385126809881,103.74205014201165,106.65477541660113,7731300
2021-07-20,106.5458984375,107.13570424264802,104.64945370045234,104.92166697162651,5117800
2021-07-21,108.22455596923828,108.56936908960417,106.60033165438915,106.65477291640646,4377500
2021-07-22,111.27340698242188,111.5365513241123,108.04309575298254,108.2880883895373,7172300
2021-07-23,114.30408477783203,114.62167035273377,112.44392981750622,113.01559077517567,7934200
2021-07-26,114.3857421875,114.42203866932921,112.7433661910934,114.09537725571244,4827500
2021-07-27,114.35852813720703,114.47649344065135,113.25150960767799,114.40390047281583,6110900
2021-07-28,111.07376861572266,111.90856692212898,110.14822564409505,111.20987176786261,11747000
2021-07-29,111.04655456542969,112.03561476927183,110.82878257267924,111.54562259344821,6618400
2021-07-30,110.18452453613281,111.59098380368015,109.88508374918204,110.87414385439473,5712300
2021-08-02,109.22269439697266,111.59098626816674,108.95047423503341,110.72896037058999,5996800
2021-08-03,108.09751892089844,109.56749526260892,106.63661843023598,109.40416455797443,6030500
2021-08-04,107.29901123046875,108.17010596658776,106.68198492702876,108.09751300786644,6675500
2021-08-05,108.00678253173828,108.06122379301634,107.17198421885989,107.72549345134027,4281900
2021-08-06,108.02494049072266,108.17011950348805,107.14476979390354,108.10660238736948,6832600
2021-08-09,107.0177230834961,107.99770034322583,106.84531653577108,107.97047971418412,4557900
2021-08-10,105.61126708984375,107.52586318218974,105.23924027702573,107.42604959080899,9839700
2021-08-11,106.12138366699219,106.84100590093169,105.57483715822124,105.97563422480478,6472300
2021-08-12,105.43820190429688,106.37644137948203,105.21958468428191,106.03940794648317,4358300
2021-08-13,106.35823059082031,106.42199423887776,105.11938804309014,105.61128202084033,4361700
2021-08-16,107.06874084472656,107.24181658064911,106.03941140675582,106.29446599671556,5976000
2021-08-17,106.18515014648438,106.5221905282574,105.26512587982339,106.23069858581341,4719800
2021-08-18,105.37445068359375,106.34001655641619,105.3015759517574,105.92099727293255,4520500
2021-08-19,104.1355972290039,104.8187821321726,103.48884968797016,104.30867296171583,5317100
2021-08-20,104.41796875,104.75500910728628,103.5343888587692,103.82588078003565,3486300
2021-08-23,104.89165496826172,105.17403583257905,104.49085094170854,104.49085094170854,4235100
2021-08-24,104.82789611816406,105.52929624699964,104.70036882201214,105.11027699539812,3447300
2021-08-25,105.27422332763672,105.65680514948929,104.75500315520388,105.29243853118032,3881500
2021-08-26,104.1355972290039,105.45641859524355,103.71657798902639,105.31978717438278,5188200
2021-08-27,104.86432647705078,105.11026997471166,104.00806587460933,104.39975881511809,4204700
2021-08-30,105.31066131591797,105.5019522279913,104.41796344319384,105.31066131591797,3078200
2021-08-31,107.02318572998047,107.12338673403289,105.34710884349619,105.45641397539634,6995500
2021-09-01,106.98674774169922,107.78835576941518,106.83189417260533,107.49686383653189,4402700
2021-09-02,106.91387939453125,107.81568147113538,106.48574910016607,107.75191782833944,3801900
2021-09-03,106.74990844726562,107.10516400040274,105.9756267522441,106.43108330239068,2921300
2021-09-07,105.4746322631836,106.69525252275277,105.18314033927784,106.6588151635501,4264900
2021-09-08,107.5241928100586,107.66083117726726,105.21958357213587,105.75701901351628,5548400
2021-09-09,108.20738220214844,109.37335001141003,107.30558006056584,107.46954471810052,4711200
2021-09-10,108.7083740234375,110.0018760024749,108.29846587813797,108.71748510102877,6517900
2021-09-13,108.56263732910156,109.44622426031762,107.99786863344895,109.20938487830635,4381100
2021-09-14,108.27113342285156,109.1820465380028,107.81567686527596,109.05451925785886,4722800
2021-09-15,104.4271011352539,106.59507230768524,103.04251596414586,106.54041973308219,11556200
2021-09-16,104.45439910888672,105.00094555592015,103.10625166951858,104.56371117817946,7997000
2021-09-17,103.30665588378906,104.61836599502537,103.04249025625212,104.33598516373756,9261000
2021-09-20,101.85831451416016,102.26822267736493,100.54659727235885,101.43018419497689,7795200
2021-09-21,102.2226791381836,103.4797368365727,101.79454882758058,101.94940240171304,5468400
2021-09-22,102.99695587158203,103.87143171492738,102.31377096743259,102.98784479360616,4578200
2021-09-23,103.97163391113281,104.49085416622854,103.02428333259182,103.28844899917965,3842000
2021-09-24,103.94429016113281,104.62747495829228,103.6254719790681,103.96250536451574,3955000
2021-09-27,103.55261993408203,104.45442211781946,102.85121978000106,103.48885628371103,3988800
2021-09-28,101.75811767578125,102.93319659476714,101.18424483383227,102.64170463461133,5917700
2021-09-29,102.17711639404297,102.49593457547992,101.63056994733462,101.9311729254245,4389100
2021-09-30,100.48284149169922,102.16803661609849,100.48284149169922,101.58504572432632,5974500
2021-10-01,102.86029815673828,103.35219202918549,100.69232763718051,101.01114580921623,5636900
2021-10-04,101.53038787841797,103.00606981431966,101.12958383292744,102.41397482431313,4497700
2021-10-05,100.97472381591797,101.54860356260578,100.22777529220335,101.2297783923499,5884000
2021-10-06,101.69432067871094,102.04046509610065,99.72675233030039,100.36438861225884,5734500
2021-10-07,102.21356964111328,102.91497669903413,102.06782714253356,102.36842321764057,5549500
2021-10-08,101.31177520751953,102.62349254289816,101.2297893992,102.55061781321785,3787000
2021-10-11,101.05670166015625,103.44328953722541,101.03847950629357,102.83297942741883,5987300
2021-10-12,101.1113510131836,101.9038478878871,100.801643904502,101.76720953711543,3866800
2021-10-13,100.89273834228516,101.5485968956028,99.66300702967236,101.46661110158033,4806500
2021-10-14,101.90385437011719,102.57792814049681,101.1204685222237,101.18423216334453,5194900
2021-10-15,101.5212631225586,102.86030650348206,101.06580656848752,102.43217623070078,5860900
2021-10-18,103.27022552490234,103.45240537361798,101.07492151438551,101.51216288090508,4958400
2021-10-19,103.37954711914062,104.33600885151934,102.71458431067812,103.60727544116253,5799300
2021-10-20,103.7165756225586,104.85521710185972,102.66902407165834,102.98784229591944,7645200
2021-10-21,104.24490356445312,104.35420869511162,103.48884397872465,103.78033591000703,3684300
2021-10-22,104.34510803222656,104.73680097942957,103.90786664592615,104.21758074241312,3396400
2021-10-25,104.49085235595703,104.64570593205171,103.26112092568934,104.51817864000714,4290600
2021-10-26,104.68214416503906,105.01007347580116,104.07183398378812,104.68214416503906,5948000
2021-10-27,103.39777374267578,105.27425297327527,103.00608073389152,105.27425297327527,5853900
2021-10-28,103.11534118652344,104.3906206820579,102.44126756234496,103.60723500407448,7697600
2021-10-29,96.62056732177734,98.36951907886235,94.75319239538824,97.92317353610677,27419600
2021-11-01,100.01827239990234,100.33709063078793,97.64989251397235,97.67722574780501,14184600
2021-11-02,101.5212631225586,101.85830347446878,100.00915097689465,100.42817017267419,11538900
2021-11-03,102.57792663574219,102.86030747803272,100.30064384381063,101.41195895822771,6422600
2021-11-04,102.16802215576172,102.40485457077138,101.04759592430906,101.65790606637488,8212600
2021-11-05,106.49486541748047,106.87744729308018,103.06071876584389,103.15180869578913,10256800
2021-11-08,104.9007568359375,107.00496389116341,104.3633144884536,106.13959226887606,8753300
2021-11-09,103.9625244140625,105.30156797380879,103.27023536321774,104.43620318539462,6754700
2021-11-10,103.60572052001953,104.71267704960323,103.0110726045423,103.29467799850671,6563700
2021-11-11,101.94986724853516,103.60572696476075,101.12650908201792,103.60572696476075,7191900
2021-11-12,102.20603942871094,102.68175368599107,101.62968512160874,102.22433317797119,7350400
2021-11-15,102.34326171875,103.97167752688496,102.07795700016763,102.57197196100901,6566100
2021-11-16,102.67259216308594,103.47764960229377,102.01390563115143,102.71833001799806,7965000
2021-11-17,102.93788146972656,103.4776411592307,102.15112482042296,102.66343342360148,5768600
2021-11-18,103.2855453491211,103.58744453978566,101.85838871128975,102.57197052004672,5632100
2021-11-19,101.34606170654297,103.28552669607768,100.42207055335582,103.13000543673685,6921800
2021-11-22,101.95899963378906,103.00191753898797,101.24542495967204,101.647957126479,5967300
2021-11-23,103.90763092041016,104.39249547983641,102.26091451133783,102.46218062574468,7911000
2021-11-24,104.26441192626953,104.52971660813037,103.45020413489875,103.75210328801782,4464300
2021-11-26,101.23628997802734,101.39181124458749,99.94636105263855,100.64164204035907,6703200
2021-11-29,101.30032348632812,102.17856980489982,100.28484965367431,101.87667066985544,7114100
2021-11-30,100.30316162109375,101.62967821229468,99.76340880857336,100.22082928549541,9483300
2021-12-01,99.4066162109375,103.69721531452937,99.305983152888,101.51074610723997,7618500
2021-12-02,101.93157196044922,102.53537030799949,99.87317992418967,99.87317992418967,7709400
2021-12-03,101.76688385009766,103.23977802718032,100.70567220145635,102.32493727021871,7014100
2021-12-06,103.70635986328125,104.44737872220522,102.19687105685533,102.47132610518071,8280200
2021-12-07,106.35940551757812,107.21020783799918,105.01458827113687,105.26159224430587,8786900
2021-12-08,106.35025787353516,106.71619564064939,105.34393424873281,105.92028152065211,5807000
2021-12-09,105.5268783569336,106.4966142911361,105.42624531678352,105.93856087927873,5664700
2021-12-10,106.78936767578125,107.11870393637031,105.92026474408073,105.95685921296423,6110800
2021-12-13,105.71900177001953,106.88085350734025,105.40795924486687,106.26791183976428,6479400
2021-12-14,104.94139099121094,105.48115071147423,104.31929894632263,104.8133138331176,6854600
2021-12-15,104.9139404296875,105.38965456196104,103.15744781558043,105.03286721783559,6902400
2021-12-16,103.91677856445312,105.57264540470891,103.57829188514792,105.20670763439193,7544400
2021-12-17,99.37916564941406,102.27921664184753,99.0040845053382,101.79434509608362,13696900
2021-12-20,98.88513946533203,98.91259055247082,97.53117897977233,97.95200491337502,6313700
2021-12-21,100.97099304199219,101.45585760414612,99.59873168660613,99.71765849138733,4682200
2021-12-22,102.22432708740234,102.26092156342558,100.63250576864581,100.81547116907939,3643300
2021-12-23,102.80067443847656,103.29468936200378,102.45303042950435,102.67259727086011,3359600
2021-12-27,104.49312591552734,104.63035344278765,102.81896543825201,103.01108118454364,3716700
2021-12-28,105.72816467285156,106.37770088743079,104.11804270196538,104.29186470998036,4561600
2021-12-29,106.46917724609375,106.9997866223696,105.49029780074164,105.57263710794122,4215300
2021-12-30,106.3410873413086,107.34741077525179,106.19471645003301,106.46916448855514,4068700
2021-12-31,107.0089340209961,107.47550480305054,105.75559955927402,105.81963813879665,3674900
2022-01-03,106.74363708496094,107.7682614113461,105.00543796935557,106.55152133245413,5475700
2022-01-04,104.51142120361328,107.08212884785178,104.44738262057145,106.94490131856725,8367600
2022-01-05,101.03502655029297,105.1701041557262,100.9984320784259,104.65779550895088,8662300
2022-01-06,101.67539978027344,102.35237997685893,100.62333152821482,100.63248188997004,6099900
2022-01-07,98.40943908691406,100.36719812920376,98.32710675302154,99.00408709052896,11266400
2022-01-10,97.00057220458984,97.89711929012596,95.52767790814725,97.54033192437221,8499400
2022-01-11,95.18003845214844,97.12864685948493,94.87813931054264,97.0097200671924,13073200
2022-01-12,95.02452087402344,96.35103730448579,94.85069888035726,95.5459798753403,11810500
2022-01-13,93.6797103881836,95.75639617857264,93.39610496048019,95.28068197740657,9818500
2022-01-14,91.5938720703125,93.23143809473164,90.65158009427175,93.23143809473164,13703200
2022-01-18,89.40740966796875,90.89859791301309,89.20614354097376,90.72477589793877,11396000
2022-01-19,88.6206283569336,90.01118326340311,88.53828905777725,89.59950770666495,10856800
2022-01-20,87.56856536865234,90.51435395814616,87.44963159375025,89.187830566772,20311500
2022-01-21,88.10832214355469,90.0294935583854,87.33985916136795,87.73324101549171,13438300
2022-01-24,89.74588012695312,89.97459032451401,86.37012235713783,86.6811648755736,17201400
2022-01-25,88.74872589111328,89.73674885015342,87.02882037266603,88.43767632684147,12368500
2022-01-26,87.44048309326172,90.23989363586232,86.81839108605256,89.37994107245169,11863000
2022-01-27,87.20262908935547,88.89508325711829,86.96476851528146,88.3919249800438,7322200
2022-01-28,88.93167114257812,88.9408215046638,85.80291735867397,86.96476207503093,8345400
2022-01-31,89.94715118408203,90.02034012646622,88.2089521907066,88.76700566194316,8807700
2022-02-01,90.34968566894531,90.59668963112699,88.55659841334509,90.03863614579895,11601900
2022-02-02,89.40740966796875,90.70648214988586,86.67203018516604,87.64176634435258,15578800
2022-02-03,87.76983642578125,89.16954185806478,87.52282547909473,88.59318763558424,8901100
2022-02-04,86.9098892211914,87.76984193751001,85.83952699748579,87.28497735649887,8267600
2022-02-07,87.08372497558594,87.92537709731786,86.800119493504,87.23009591951674,6849000
2022-02-08,86.8366928100586,87.85216672366441,86.3152337987217,87.1751864411545,7161000
2022-02-09,88.8584976196289,89.62696763546494,88.00769526978318,88.05344010846576,9353700
2022-02-10,87.63558197021484,89.01480111115028,87.33215909066324,87.77350528732265,9098800
2022-02-11,86.18282318115234,88.7205817434537,85.84261321483251,87.89304872745439,6924800
2022-02-14,86.10924530029297,86.88160461190263,84.97828257678346,86.20119183523637,7948500
2022-02-15,86.89999389648438,87.77349645851932,86.76207059324975,87.48846010955288,7722200
2022-02-16,87.51606750488281,87.85627747801836,85.65872182293893,86.74370100278584,6545800
2022-02-17,85.55754852294922,87.0103204320412,85.30928519264464,86.81723062795436,6578200
2022-02-18,85.8241958618164,86.47703234847701,85.07941986177576,85.10700311880386,6210600
2022-02-22,85.61272430419922,86.4678403949297,84.92311477990275,86.06326722918642,8622500
2022-02-23,82.43134307861328,86.32073764752678,82.23825321487955,86.32073764752678,9674800
2022-02-24,83.68182373046875,83.85652004950266,80.2245791572927,80.45444901161159,9260500
2022-02-25,85.12540435791016,85.31849418969853,83.01059893629656,83.94847185077849,7039400
2022-02-28,84.39900207519531,84.87712820352648,83.32321302514764,83.93926244542416,8591500
2022-03-01,82.88188171386719,84.14157115649797,82.4313387222987,84.12317763802552,7100700
2022-03-02,85.30009460449219,85.76903102836995,83.29562937868457,83.4611359391667,10721100
2022-03-03,84.15995025634766,85.971325837583,83.7461873230509,85.9529393357999,6587400
2022-03-04,82.78073120117188,83.81974743718702,82.24743145304652,83.64504410226668,7179800
2022-03-07,77.65925598144531,82.79915124237839,77.55811265146654,82.78995448099664,14608700
2022-03-08,77.23626708984375,79.92114516696893,77.01559400523547,77.93507337535266,10692000
2022-03-09,80.54638671875,81.03370963406172,79.37865107347872,79.53496087365976,8811600
2022-03-10,80.1418228149414,80.32571587731083,78.70743027119148,79.15797318454601,9114300
2022-03-11,76.06853485107422,81.65896434529172,75.8938315179492,81.23600465752644,15351700
2022-03-14,72.90552520751953,75.7099332738635,72.56531529130922,75.69154677180384,18199300
2022-03-15,76.42713928222656,76.72137244438326,73.81581382989789,74.01810044420661,12542300
2022-03-16,80.3717041015625,82.83590235471524,78.72583500309622,80.92339038234404,21207900
2022-03-17,80.60157775878906,80.86822064522855,79.08443515401714,80.41767764650254,8554200
2022-03-18,82.38536071777344,82.52328404398108,78.13736997306626,79.18557602812946,23784200
2022-03-21,79.86598205566406,82.49569372755535,79.0476459425655,82.39455043132328,11925300
2022-03-22,80.81304168701172,81.92561088867053,80.13262891390445,80.36249875759604,8447400
2022-03-23,79.27751922607422,80.64754164105227,79.16717916675333,80.32572523687239,7670500
2022-03-24,80.10504913330078,80.13263239333011,78.67065647613448,79.83839926123186,6163400
2022-03-25,80.40848541259766,80.61077203996176,79.27752947244001,80.35331888334285,7048100
2022-03-28,81.26358032226562,81.30036033712125,79.76483154601941,80.43605454076105,5981000
2022-03-29,83.88410949707031,84.50015901694982,82.44052710679308,82.4773001098586,8963200
2022-03-30,83.70021057128906,84.16914704021941,83.12094106148423,83.44275745582024,8122100
2022-03-31,83.64502716064453,85.17135904346081,83.64502716064453,83.96684348999707,11306100
2022-04-01,84.12318420410156,84.49097743646712,83.19451488584228,84.13238096405563,6516300
2022-04-04,80.99694061279297,81.33715053148251,79.24073852783579,80.81304753057083,16243100
2022-04-05,77.34661865234375,79.64531741978662,77.07077199422183,79.59014387911908,17525800
2022-04-06,76.64779663085938,77.13511954775852,75.46166746695575,76.91444647530939,10567000
2022-04-07,76.42713928222656,76.77653897007767,74.89160317137033,76.30760245645945,10869100
2022-04-08,74.95596313476562,76.49149917757596,74.79045654994476,76.49149917757596,9286800
2022-04-11,74.18359375,75.15823960975796,73.82499736706751,74.36748681276052,8623200
2022-04-12,73.36526489257812,74.72609052667907,73.23653833300294,74.32152434590192,8472500
2022-04-13,74.40428161621094,74.76287807041463,73.19976568106891,73.44802206664374,8604400
2022-04-14,73.09862518310547,74.55140457476443,72.86875529259257,74.24797463567002,9567200
2022-04-18,73.19055938720703,73.5307692931902,72.52853309181877,72.6756531641589,7797300
2022-04-19,74.68011474609375,74.97434786070858,73.01585934921651,73.2089491730196,8622100
2022-04-20,73.71465301513672,74.95594865395024,73.55834321941234,74.76285884480772,8368800
2022-04-21,72.60209655761719,74.65253881852321,72.39062021247733,74.5238122566803,8152500
2022-04-22,71.64582061767578,73.08021300073152,71.51709408542423,72.5377166018972,10315500
2022-04-25,71.70101165771484,71.79295820105995,70.55166232822197,71.149318367501,10259000
2022-04-26,69.54021453857422,71.33320332086498,69.54021453857422,71.25044653887858,8800500
2022-04-27,68.7219009399414,70.2758236545001,68.66673441069112,69.31036730218575,8467300
2022-04-28,70.41373443603516,70.89186063944378,68.83222873887634,69.53103505007768,8818500
2022-04-29,68.62993621826172,70.58842465398672,68.482823174181,69.89881516062391,9199300
2022-05-02,69.30116271972656,69.62297909657183,67.55415051176118,69.19082266977782,12379000
2022-05-03,68.34489440917969,69.6873332738064,67.47138491170391,69.6229700068404,15570100
2022-05-04,75.0662841796875,76.19724672530033,71.6458203032817,72.92389587864936,30199700
2022-05-05,71.24125671386719,74.68010720919666,70.91943335827042,73.95371774625355,19114700
2022-05-06,70.35857391357422,70.98382030447691,69.15405791649633,70.82751046051935,11165800
2022-05-09,67.5725326538086,70.38614411790826,67.42541961177061,69.18162144931206,12863600
2022-05-10,66.07378387451172,69.00692512252722,65.84391404667528,68.82302505121581,14085900
2022-05-11,64.4187240600586,66.15653955246732,64.32677752372813,65.78875340714546,12118100
2022-05-12,64.72430419921875,64.84467589580838,63.3261091280689,64.02983743112516,15460600
2022-05-13,70.00223541259766,70.12261415062822,66.55767977182006,66.55767977182006,18156300
2022-05-16,67.05770111083984,69.85409090615174,66.95584543233296,69.39111311820425,11435300
2022-05-17,68.26144409179688,68.84479354350712,67.44659868873218,68.52997204830864,12454500
2022-05-18,66.00211334228516,68.09477495429145,65.53913554716308,67.73365283925467,10576500
2022-05-19,66.6039810180664,67.05769724605105,65.12245359491654,65.83543623889241,11193700
2022-05-20,67.95587921142578,67.99291828223284,66.16878466574795,67.4836398892364,15941800
2022-05-23,67.98365783691406,68.77071867684458,67.19659699698354,68.27070887414465,10741900
2022-05-24,67.33550262451172,67.90033619175301,65.99286256119974,67.56699155979153,9227700
2022-05-25,67.1132583618164,68.05772987207817,66.60398000636944,67.3354857057933,8344400
2022-05-26,68.97443389892578,69.23370034876126,67.47439027788309,67.5484613603497,8940900
2022-05-27,71.0300521850586,71.03931371897714,69.5855637309073,69.65964187329466,8498400
2022-05-31,72.6875228881836,73.76163489760974,70.88191208809134,71.27081178896023,23361800
2022-06-01,70.63188171386719,73.03936450908452,70.41891591310419,72.9189928418915,7579000
2022-06-02,73.53938293457031,73.61346106885688,70.23372213518951,70.8726336805716,10241500
2022-06-03,73.19678497314453,73.98384573387601,72.52083435095219,73.15048437243334,10415700
2022-06-06,73.1319808959961,75.2801977375912,72.71529661167023,73.79866303485166,7239400
2022-06-07,73.58570861816406,73.84497511206483,72.46530294696024,72.75234698456721,5517100
2022-06-08,72.65972900390625,73.86346691171596,72.4652791972096,73.05789015032695,5178300
2022-06-09,73.06715393066406,74.32644694641037,71.97452612765827,72.19675347579232,13248100
2022-06-10,70.06707000732422,72.0300987433477,70.05781553623783,71.31710885871728,8694300
2022-06-13,67.00213623046875,68.52996411997825,66.58545910809315,67.67807974583178,9282800
2022-06-14,66.95584869384766,68.37255966366013,66.23360443978488,67.45586557692513,7635600
2022-06-15,68.69664764404297,69.69667431458598,67.69661390901943,67.82624712676538,7682300
2022-06-16,65.69654846191406,67.23363818320439,65.14097650239832,67.06696588890159,10147000
2022-06-17,66.5484390258789,67.07623349486664,65.52988209933996,65.81693317158339,9824300
2022-06-21,67.55772399902344,67.7521738395782,66.69658495400604,67.6503181519808,7872500
2022-06-22,67.87255096435547,68.35404478684409,66.87251718170887,67.01141194004549,6702200
2022-06-23,69.63185119628906,69.78000746813744,68.06699119564978,68.39107420971827,6586400
2022-06-24,72.32638549804688,72.36342456620842,69.955941651547,70.05779732287127,18012000
2022-06-27,71.92823791503906,72.63196621390573,71.54859269312375,72.22454345174904,6672200
2022-06-28,70.68743896484375,73.9745837917238,70.54855129243793,72.58565055182741,7206400
2022-06-29,70.77079010009766,71.43747929359154,70.03928429415191,70.56707872825442,8983900
2022-06-30,70.73374938964844,71.18746566631113,69.32629995277443,70.38188879655013,6781100
2022-07-01,73.39124298095703,73.58569280960857,70.87264261359881,71.04857643858476,7539200
2022-07-05,73.63198852539062,73.65977312843042,71.63192803985467,72.2430550815948,8087800
2022-07-06,73.02086639404297,74.5116556224592,72.39121624126791,73.91904454508047,4652800
2022-07-07,73.37271881103516,73.75236399304494,72.56714197078692,72.97455762563781,5395600
2022-07-08,73.40975189208984,73.73383490853092,72.47453484651994,72.86344153072916,3927100
2022-07-11,72.13192749023438,73.19677761929115,71.69672731939976,73.01158229953222,5351500
2022-07-12,72.00231170654297,73.55791744621918,71.65044404616998,72.55788367118144,5393400
2022-07-13,72.15045166015625,72.72454661969977,70.12261389664077,70.36335724287007,3897500
2022-07-14,72.40971374511719,72.56713154144965,71.12263622800492,71.38190262505206,4504500
2022-07-15,73.7245864868164,74.27089689298616,72.78936936453881,72.78936936453881,5584100
2022-07-18,74.28941345214844,75.62278457869024,74.07644057711808,74.1042181120177,6768800
2022-07-19,76.4376220703125,76.54873219846247,74.91905576011027,75.10424401667966,5949200
2022-07-20,77.10431671142578,77.28951206292722,75.82650057622726,76.37281803255611,6850600
2022-07-21,77.35431671142578,77.41913330831103,76.53021695196499,76.80799933955356,7695300
2022-07-22,77.40061950683594,78.17842582702356,76.70615285803417,77.92842094182615,6283600
2022-07-25,75.46537017822266,77.5024693695117,75.03943151329784,77.40061370349929,5861100
2022-07-26,74.36349487304688,75.39130619425548,74.07645088649558,75.20611789283159,6587000
2022-07-27,76.81726837158203,77.23395259036513,75.11351362169887,75.21536929310275,6372600
2022-07-28,78.40065002441406,78.60436136352232,76.68763377247247,77.0302398486527,5594600
2022-07-29,78.50250244140625,78.68769777132236,77.71544171658141,78.3358301767215,5802700
2022-08-01,78.62288665771484,79.25252962992312,77.80804127818888,77.95619755245905,7313700
2022-08-02,77.5117416381836,78.83585841526607,77.4284090259837,78.42843569478515,7254700
2022-08-03,80.80813598632812,81.45630909594877,77.69693190517322,79.64143710507506,12915700
2022-08-04,80.44701385498047,81.74335300909966,80.1599699014861,80.75258087517257,7086700
2022-08-05,79.3821792602539,79.77107892933923,78.6321503961827,79.40995679883417,4835100
2022-08-08,79.3729248046875,80.42851375176396,79.09513526514887,79.77108604363609,4878400
2022-08-09,78.55806732177734,79.4747684242994,78.20620674770083,79.39142874930631,3498400
2022-08-10,80.08590698242188,80.46555221258899,79.71552328736361,80.09516851753072,5072300
2022-08-11,81.2685546875,81.52930542673353,80.55150969261852,80.96125374954005,5595700
2022-08-12,82.23703002929688,82.32084453688391,81.19405556852077,81.30579877232925,5154000
2022-08-15,83.0285873413086,83.11239474927223,81.95766990958744,82.05079162001296,5601000
2022-08-16,83.25209045410156,83.74564197044928,82.45123086370384,82.67472441540751,4580800
2022-08-17,82.2742919921875,82.87959381741835,81.81799059982096,82.32085640364052,3831300
2022-08-18,82.46054077148438,82.67472000823625,81.65036692074042,81.97629647975297,3428300
2022-08-19,80.94263458251953,81.9204304306484,80.59808349877912,81.73417988090708,4597700
2022-08-22,79.10809326171875,79.66683770550529,78.54004162067163,79.50852299057605,5915200
2022-08-23,78.86600494384766,79.72273629405124,78.76356890146101,79.01499830248895,4560400
2022-08-24,80.13245391845703,80.53288365021074,78.67042110339924,78.93116472319592,4386000
2022-08-25,81.38031005859375,81.60380360137181,80.36527126056421,80.41182856691334,4236300
2022-08-26,78.27931213378906,81.93905195664955,78.18619041125783,81.49206484660682,6674900
2022-08-29,78.33519744873047,78.83806331843051,77.32946570933039,77.47845905698266,5035500
2022-08-30,77.67401885986328,79.17329496196844,77.00353107733578,78.39106395217445,6812500
2022-08-31,78.28861999511719,78.93117190575175,77.89750452983155,78.10237656538062,6570100
2022-09-01,79.52716064453125,79.5923465564269,77.22701801734968,77.94406304820176,7556800
2022-09-02,77.236328125,79.87170736682832,76.8731484777759,79.59234223304962,10336800
2022-09-06,78.70767211914062,78.8008009397517,76.05366414054973,77.35738947705816,11062800
2022-09-07,82.23703002929688,82.52571655017368,79.08015663655509,79.25709284889275,9946800
2022-09-08,83.30795288085938,83.32658148587443,81.16612511165152,81.2964969278324,7721100
2022-09-09,82.5909194946289,83.76426600509396,82.54435508028081,83.3452146948896,7094600
2022-09-12,82.94477844238281,84.16468927240311,82.45122694946564,83.59663756421085,9078900
2022-09-13,81.79936218261719,83.1589662690891,80.151085742449,80.75638756908042,16033600
2022-09-14,86.32514953613281,87.05151600955377,83.3545261463591,83.41039775787922,24320600
2022-09-15,85.8781509399414,86.74419632624473,85.42184959589413,85.75708632487616,11052400
2022-09-16,85.03073120117188,85.76640481077612,84.41612221253837,84.8817378815488,11987600
2022-09-19,85.80365753173828,86.1854658022335,84.58374671526806,84.63961832373799,6287000
2022-09-20,84.54649353027344,85.69190409059937,83.90394163733421,85.35666734725199,6560000
2022-09-21,82.50709533691406,85.2262891456945,82.47915953345961,85.01210991605612,8806800
2022-09-22,78.87530517578125,81.96699347032487,78.57731138009268,81.94837196641481,9953000
2022-09-23,78.38174438476562,78.63318083869484,77.50639170945463,78.13031503556809,7153200
2022-09-26,78.97772979736328,80.11383319949552,78.48417831063765,78.51211411483246,7583500
2022-09-27,78.48416137695312,80.55149569810047,77.45049421637945,80.05794431786312,8628800
2022-09-28,81.11958312988281,81.46414137060539,78.4562602549274,78.85669011667896,7850800
2022-09-29,80.61671447753906,81.33375964031569,79.72273304789309,80.84020805876735,6881500
2022-09-30,78.465576171875,80.73777643210455,78.36314012806221,80.61671888247727,7737500
2022-10-03,79.73201751708984,80.29075481344856,78.03717702545467,78.9218438192951,6739900
2022-10-04,82.42328643798828,82.83302338913931,80.88675333316118,81.10093255893149,5982400
2022-10-05,83.92256164550781,84.40679876272043,81.52929765033997,81.69691955720789,7980800
2022-10-06,83.20551300048828,84.6489243186338,83.12170559600888,83.98775096595003,6893800
2022-10-07,81.04505920410156,82.78646429929071,80.36526433121897,82.4512204616636,6606400
2022-10-10,81.07299041748047,81.54792034469165,80.20694507008628,81.02643311778094,5092400
2022-10-11,80.28146362304688,81.20338078267045,79.75066197299303,80.7470793548391,5531300
2022-10-12,80.89606475830078,82.00422516270838,80.46769921726569,81.01712226835497,5261900
2022-10-13,83.22415924072266,83.78289670318014,78.88461716934711,79.23848257113265,7616600
2022-10-14,80.43046569824219,84.46269261772086,80.30940105849297,83.82014772603773,6315200
2022-10-17,82.7864761352539,83.08446991077868,81.7714301748923,81.85524469864752,6255300
2022-10-18,82.84233856201172,84.24849986469094,82.0228575463693,83.9132560163074,5484400
2022-10-19,81.5013656616211,83.00064872255219,81.02644278249245,82.3115395041199,6473400
2022-10-20,80.82157897949219,82.16255455065334,80.52358519753773,81.32444481867762,4540700
2022-10-21,82.51640319824219,82.85164702298844,80.6073762575888,81.0171202888855,9088800
2022-10-24,77.99994659423828,81.49206445799695,76.76140708675621,80.92401271711364,16499300
2022-10-25,79.3502197265625,80.08589332009389,78.3165523955642,78.3165523955642,10674000
2022-10-26,79.98345184326172,82.16253667223367,79.60165072355501,79.72270822888042,9987000
2022-10-27,79.4154052734375,80.4583869021939,78.29793053920149,80.2069504689156,9524600
2022-10-28,81.1102523803711,81.75280431086466,78.51211595827775,79.31297551941326,8284900
2022-10-31,80.63531494140625,81.54792474244624,80.03932747715886,80.64462924374071,7401100
2022-11-01,81.1102523803711,82.76784311234358,80.62601518525112,82.00423365925295,6219600
2022-11-02,78.7635498046875,82.48847522911653,78.71698539498958,81.26855732139866,7653200
2022-11-03,78.85667419433594,79.59234784318404,77.26426937394258,78.28862247946249,8855100
2022-11-04,85.54291534423828,87.16325596007341,84.2950615975282,85.65466566781477,20194300
2022-11-07,84.22987365722656,86.00852896482566,83.14033467132873,85.36597705300986,10190200
2022-11-08,86.37171936035156,87.3308866434452,84.66756405489835,84.66756405489835,9675500
2022-11-09,85.81912994384766,86.72761693828666,85.54751991438705,85.80040142086177,6271200
2022-11-10,90.15550231933594,90.30535191811418,87.41131321226436,87.93579752633254,10408400
2022-11-11,91.2044677734375,92.41266093678028,90.44583768190981,90.62379077323116,8294400
2022-11-14,91.241943359375,92.30964774959313,90.55824155197816,90.97033334494218,8521100
2022-11-15,91.62594604492188,93.21813479827755,91.12019020495202,92.63745772486158,6410000
2022-11-16,90.91415405273438,91.74771274101829,90.15552375443576,90.39903030354114,5348900
2022-11-17,90.82048034667969,90.85794453474577,89.06906706879751,89.17209179958842,5245600
2022-11-18,91.73834228515625,92.11297707881586,90.97034417365802,91.55102846110863,5964800
2022-11-21,92.08486938476562,92.244086830164,90.56760187271314,90.83921188604396,4499200
2022-11-22,92.18788146972656,92.46885927822254,91.33558735736797,92.25344200563396,5398600
2022-11-23,93.20877838134766,93.73326995309492,92.03804911178631,92.24409860651942,5944900
2022-11-25,93.24623107910156,93.54593744933585,92.27218358944924,93.32115945805101,2320000
2022-11-28,92.40331268310547,93.80818764641229,92.30964863576749,92.71237974440466,5257300
2022-11-29,92.40331268310547,93.03082178511393,91.97247807292875,92.68428338842868,4423900
2022-11-30,95.71881866455078,96.05598925330158,92.27219153720358,92.76858673132746,15000800
2022-12-01,96.81462097167969,96.9925669446192,95.48466721825962,95.84057345526604,7452300
2022-12-02,98.3880844116211,98.84700825532929,95.36291702752091,95.55023084050599,7916900
2022-12-05,96.98319244384766,97.62942998770501,96.46806882973564,96.8333357031741,9285800
2022-12-06,95.60641479492188,97.5826059190627,95.00700211841651,97.23606756257317,8383000
2022-12-07,95.40973663330078,96.43997676173198,94.65109935467204,94.86651664256983,4194300
2022-12-08,97.16114807128906,97.32037266050841,95.90612989814674,96.22456478545864,5465100
2022-12-09,95.3348159790039,96.93637258157976,95.2973517891376,96.87081203570462,7999600
2022-12-12,96.18710327148438,96.32759219737856,94.42632921755957,94.71666775766091,5796000
2022-12-13,95.63451385498047,98.52855259576451,94.58553806861899,98.17265354200258,7066000
2022-12-14,95.7094497680664,96.74905780330332,94.31393550546623,95.83120302473286,5624000
2022-12-15,93.64897155761719,95.11004651112097,93.14321566743098,94.7916044414937,7244400
2022-12-16,92.5625228881836,93.22749612798414,91.80388560837376,92.98398248597339,13862300
2022-12-19,92.06613159179688,92.5437838798922,91.53227945261291,92.18788483562382,5771100
2022-12-20,91.78517150878906,92.32839158571525,91.10146249533864,91.9631246380907,4533500
2022-12-21,92.41266632080078,92.78730104487937,90.23979349582055,90.58633186606679,5566300
2022-12-22,91.56037902832031,92.30964132876943,90.07120796940103,92.2066166013037,4756900
2022-12-23,92.03802490234375,92.06612839969503,90.73617486867192,91.40114806140222,3944500
2022-12-27,92.90906524658203,93.15257891777591,91.9818497329875,92.31902030985168,4402500
2022-12-28,92.34710693359375,93.57403584891688,92.15042530874724,93.10574422435955,3491500
2022-12-29,93.44290924072266,94.26710708739819,92.41266907794147,92.7217432704448,3976100
2022-12-30,92.90906524658203,92.95589727219912,92.0099460901322,92.89970455790971,3988900
2023-01-03,94.43570709228516,94.75414202231012,93.1619530810566,94.18282556967534,6607700
2023-01-04,97.83550262451172,98.08838414795133,96.04663201844969,96.17775312483897,8166600
2023-01-05,97.8073959350586,98.43490504158257,96.92700533180408,97.86358864741489,5575100
2023-01-06,99.924072265625,100.21441079536775,98.35061207198734,98.69714331185752,9644100
2023-01-09,98.09773254394531,99.91470642701908,97.80739400840555,99.76484966960275,10124800
2023-01-10,99.27783966064453,99.68057080546782,97.56389033647346,97.74184346772876,4183600
2023-01-11,99.5588150024414,99.68993610248198,98.21013266423654,99.09988400673534,5634400
2023-01-12,99.13733673095703,99.68992457054637,98.5004598277623,99.54943565230751,4882000
2023-01-13,100.4298324584961,100.49539300501536,98.40680905922139,98.40680905922139,5529700
2023-01-17,99.98026275634766,100.77635709625513,99.56816383639233,100.16757654965653,7477200
2023-01-18,98.34124755859375,100.65460947778608,98.25695849055691,100.34553527052381,5725800
2023-01-19,97.64817810058594,98.99685321075435,97.62944243283209,98.34124775064217,5115800
2023-01-20,98.37870788574219,98.52855749377855,97.3016356923253,97.77929516247012,6543500
2023-01-23,99.47449493408203,100.11137175825546,97.7792817288749,98.37869436979551,6320500
2023-01-24,99.87724304199219,100.09266034612207,98.72524957872182,99.65246504962101,5517200
2023-01-25,100.1956787109375,100.3455283144698,99.18416709123287,99.33401669476517,5416900
2023-01-26,101.86280059814453,101.90026478720368,100.27060471816618,100.49538985252107,6324100
2023-01-27,102.10630798339844,102.79938476858491,101.46943105506385,101.84406580330129,6851100
2023-01-30,101.525634765625,101.96583007559565,100.60777995488154,101.39451367059932,6880700
2023-01-31,102.21871185302734,102.22807968779895,100.68271564643844,101.39452103223172,5816300
2023-02-01,103.0147933959961,103.75469504774895,101.1322661401519,102.05948159046048,5841200
2023-02-02,102.22806549072266,103.80152567231711,101.15099329962327,103.0616240305282,9852900
2023-02-03,97.68563842773438,99.68992606432278,96.50554150063358,97.94788060140938,15200500
2023-02-06,98.3599624633789,99.43703454997134,96.74904539533371,97.40465076340078,6392200
2023-02-07,100.0551986694336,100.57031521262026,97.92915051284245,98.18203201297945,6207500
2023-02-08,99.5588150024414,99.78359301028753,98.95003438335927,99.5775435257769,5557500
2023-02-09,99.8223648071289,100.34947729158367,99.39878611951862,99.5211566472449,5608400
2023-02-10,100.80128479003906,100.96130723359525,99.27642163988213,99.32348115038896,6298600
2023-02-13,102.14730834960938,102.5332351077506,100.98012766345501,101.14014292257117,5192400
2023-02-14,101.63903045654297,102.10025388913247,100.43419061293314,101.59196376324297,5109400
2023-02-15,102.59911346435547,102.59911346435547,100.9612947647901,101.18719905888268,4059100
2023-02-16,101.22486114501953,102.69324997625323,101.10249780287297,101.43194309432043,4596800
2023-02-17,100.81068420410156,101.14954422614167,99.99177846864451,100.47182418206147,6876400
2023-02-21,98.6269302368164,99.72822179178989,98.5610411826223,99.30465032645188,5438000
2023-02-22,98.61752319335938,99.71882201602934,98.25984075417759,99.21994668354434,7523700
2023-02-23,97.43152618408203,99.31407906154891,96.60319832192023,99.31407906154891,6857900
2023-02-24,95.63367462158203,96.6879067067251,94.89948022606235,96.62201765023919,6019700
2023-02-27,96.42435455322266,97.23385281359178,96.1513835415755,96.32081357703343,5235100
2023-02-28,96.09490966796875,96.90440799229633,95.91607202517737,96.00078345891495,5186500
2023-03-01,95.4736557006836,96.32080580965848,94.98419518292492,96.18902770174775,5382200
2023-03-02,96.96088409423828,97.11148458411193,95.01244223109258,95.33247276042972,4777600
2023-03-03,98.41044616699219,98.54222428269047,96.96087971294249,97.3279769182975,4882100
2023-03-06,98.82459259033203,99.71880934672933,98.30689495581902,98.31630254784017,5237100
2023-03-07,97.27149200439453,99.47408233979377,97.06441724518878,98.82459937733258,3976300
2023-03-08,96.4808120727539,96.970272544931,95.75603254674083,96.857323995165,4225500
2023-03-09,94.41001892089844,96.71614306049919,94.08998123388054,96.70672828640112,5732300
2023-03-10,93.54403686523438,95.29481137190302,93.21459159384366,94.71122465725902,6641900
2023-03-13,93.26166534423828,94.31589029252228,92.59335997698858,93.10165008335501,6408200
2023-03-14,93.61934661865234,94.48531915293586,92.6874850259205,94.23117769359763,6248800
2023-03-15,93.50640106201172,93.53464538845589,91.56737383227987,92.62160606373918,6603300
2023-03-16,94.53239440917969,94.79595066685319,93.21460593944275,93.3181469237244,8188600
2023-03-17,92.90396881103516,93.45932556756871,92.09447061091393,93.25224363060258,10189700
2023-03-20,93.9864501953125,94.33472506006149,93.12047760235579,93.28049287209076,4864000
2023-03-21,94.63592529296875,95.24775635804976,94.25941331589055,94.6076881514274,4743700
2023-03-22,93.29931640625,95.52072921459181,93.24283494070315,94.77712002031589,5917700
2023-03-23,92.64042663574219,94.25000850608873,91.79327639309415,93.5063992476182,6879200
2023-03-24,92.56512451171875,92.64984312823846,91.48266231749577,92.45217593151852,4685400
2023-03-27,92.8663330078125,93.86408369309493,92.79102917233523,93.11105970106014,6022200
2023-03-28,92.92279815673828,93.10164295306896,92.320381894893,92.3768561752634,4709800
2023-03-29,94.71124267578125,94.77713174259459,92.9416382847323,93.49699514619012,4946600
2023-03-30,95.37012481689453,95.72780726456236,94.73947135072926,95.48308057049076,4082600
2023-03-31,98.01509094238281,98.156283812721,95.85956752056514,95.85956752056514,6900100
2023-04-03,98.69283294677734,98.77755156038813,97.5821264642722,97.94922370005727,3855400
2023-04-04,97.89274597167969,98.8434371500726,97.28091487308288,98.69282947844364,3854400
2023-04-05,98.73989868164062,99.49291551482379,97.82685939794085,97.87392609186384,5170900
2023-04-06,98.53279876708984,98.98461452977978,97.91155299106218,98.7398806924324,3155700
2023-04-10,98.58928680419922,98.66459063871876,97.01735696079038,97.46917278653878,3761600
2023-04-11,99.53056335449219,100.15180921824194,98.75871700282576,98.8904951227662,4010600
2023-04-12,99.3987808227539,100.32123480276299,99.16346173596644,100.00119711042034,4606000
2023-04-13,100.70716094970703,100.9330724583666,100.01061841809612,100.13298176592656,4367600
2023-04-14,101.15898132324219,101.81787196629837,100.57538733841427,100.63186880879725,3963300
2023-04-17,101.94963836669922,102.26967605748776,101.24368110976492,101.62019308307026,4780700
2023-04-18,101.5731430053711,102.8156276056798,101.40371296072131,102.47676751638022,5300500
2023-04-19,100.8671875,101.52607814030274,100.791883660717,101.36606286785342,4617800
2023-04-20,100.76364135742188,101.26251669973384,99.9541430799979,99.9541430799979,4297200
2023-04-21,101.83670043945312,102.39205009252927,100.39654863388894,100.99896498155802,4522800
2023-04-24,102.8720932006836,102.8720932006836,101.69549776264124,101.83669065148004,5940700
2023-04-25,102.91915893554688,104.5852221981709,102.43911313837033,102.51441697448907,8747100
2023-04-26,104.92407989501953,105.73357816147809,102.60854084725513,102.60854084725513,8081600
2023-04-27,106.12890625,106.25126958765635,104.65110269856295,104.84876986617789,7618500
2023-04-28,107.5784912109375,107.59731358098855,105.69593822556392,105.8183015843201,5979300
2023-05-01,107.8326187133789,108.6985984321349,107.54082533654315,107.54082533654315,6495900
2023-05-02,107.73849487304688,107.83262107589138,106.22303930873265,107.76673201576334,9626400
2023-05-03,97.85508728027344,103.27684100034999,97.70448680043805,102.67442471827131,24388600
2023-05-04,98.57046508789062,99.46467478927283,97.7044925292977,98.14688640194461,8858100
2023-05-05,100.91424560546875,101.16839426416037,99.19170800809405,99.35173045967997,7813800
2023-05-08,100.87659454345703,101.77081147198224,100.65069020821005,101.15898034854276,6090700
2023-05-09,100.443603515625,100.88600457146975,100.1518101304376,100.70715975790638,3682400
2023-05-10,100.68833923339844,101.76139377168869,99.47409179662387,100.86718405023653,4565000
2023-05-11,99.92208862304688,100.99103164094716,99.43965259507776,100.68832371046352,4791700
2023-05-12,100.38562774658203,100.48022263292329,99.1653342265364,100.04508038205175,5175600
2023-05-15,100.87752532958984,100.99104352329985,99.90318428924235,100.37616593734325,4217000
2023-05-16,99.59100341796875,100.80183514557149,99.51532463071197,100.65994644087303,3676600
2023-05-17,99.9788589477539,100.78292627282633,99.27884094120093,100.23426585162325,4757300
2023-05-18,101.3031997680664,101.35050081685206,99.51532982429524,99.72344289154933,5377500
2023-05-19,99.80858612060547,101.35996529798547,99.62885079075745,101.21806936479634,4985200
2023-05-22,97.3396224975586,99.98831533882341,97.21664265277573,99.81804166053925,7504300
2023-05-23,94.9179458618164,96.62068254163961,94.67200062138485,96.60176645280896,6766300
2023-05-24,94.22740173339844,95.36255476851566,93.7544200992451,95.35310033216402,6134800
2023-05-25,93.1206283569336,93.55577060324961,92.44899528867667,93.3665736154206,8177000
2023-05-26,93.20576477050781,94.2274068882803,93.0165749933473,93.30035965908807,7276500
2023-05-30,92.46791076660156,93.61252547116102,92.051684613261,93.54630833014113,6505400
2023-05-31,92.36385345458984,92.78007960444393,91.73952144693574,92.73277855391432,10377100
2023-06-01,92.25033569335938,92.92197597179907,91.30437241537645,92.31655283413309,6752200
2023-06-02,94.12332916259766,94.2746867239639,92.88411980169596,92.99763075559488,6221400
2023-06-05,94.53012084960938,95.41932873626699,94.12335630753492,94.63417739877688,6536500
2023-06-06,92.91251373291016,94.90849681425037,92.25979676573314,94.35037473085032,8657100
2023-06-07,92.62872314453125,93.51793094200256,92.31655352833891,93.22468463310335,6285600
2023-06-08,93.7922592163086,93.82063695953285,91.68275795874015,92.3733143180804,6877800
2023-06-09,92.66656494140625,93.6125282509965,92.36385697102247,93.46117787436826,5550800
2023-06-12,93.13954162597656,93.18684267578286,92.25033385293197,92.66655999642126,6705800
2023-06-13,93.89630889892578,94.09496030412194,93.18683650159959,93.18683650159959,5137900
2023-06-14,95.22066497802734,95.88283637152294,93.83009783455968,94.1800996209244,9279500
2023-06-15,95.90174865722656,96.47878679886765,95.22066120112918,95.86390926236672,6448200
2023-06-16,96.36528015136719,96.97069606201164,95.99635505635344,96.49771443075022,11709200
2023-06-20,95.79769897460938,96.95177534040114,95.44769717710433,96.35582106728626,5506400
2023-06-21,96.36528015136719,96.92339501203473,94.93687360416216,95.16390276637209,5508800
2023-06-22,95.400390625,96.14770244528482,94.25577597888075,95.93958937924009,6125500
2023-06-23,93.02603149414062,94.34092717795046,92.25034184316885,94.26524837855625,18770100
2023-06-26,92.92196655273438,93.43278031999455,92.21249416616307,93.02601586300861,6069000
2023-06-27,93.385498046875,93.7071221043651,92.44899640151165,93.07332842604481,5034100
2023-06-28,93.28144073486328,93.30981847886267,92.04223113270909,93.30981847886267,6581900
2023-06-29,93.34765625,93.48955218465156,92.68548484446208,93.28143910944621,5113500
2023-06-30,93.70711517333984,94.08550190843819,93.21521746970068,94.02874642416778,6229900
2023-07-03,93.7922592163086,94.18956205570201,92.94089083394628,93.39495637691518,3287000
2023-07-05,93.13954162597656,93.96253225956849,92.97872960403822,93.79225858424351,6365400
2023-07-06,91.00166320800781,92.77061711175965,90.72734021222394,92.57196569216083,7153300
2023-07-07,90.85977172851562,91.43680987999733,90.38679011039139,90.80300902669453,7889500
2023-07-10,93.77333068847656,94.15171741702905,91.03004314500579,91.09626028121798,9294600
2023-07-11,94.68145751953125,94.81389901329655,93.78279532560902,94.06658718533541,5268000
2023-07-12,95.67472076416016,96.32743770410993,95.31525733395144,95.93958931453783,6971900
2023-07-13,96.10986328125,96.6774397791121,95.82607864088232,96.02473005427773,4511700
2023-07-14,96.11933135986328,96.56393526499997,95.5328315164938,96.27068173475162,3939800
2023-07-17,95.47606658935547,96.30851161176447,94.63415991409904,95.38147171226093,5244500
2023-07-18,95.31525421142578,95.93958617155907,94.46388588658358,95.29633090580346,5989000
2023-07-19,96.32743835449219,96.46933428376019,95.18282370141667,95.18282370141667,5556200
2023-07-20,95.42877960205078,96.94232672706475,95.25850591134308,96.28014805558925,5466100
2023-07-21,97.26394653320312,97.95450291998185,96.11933180254098,96.29906713960543,20370300
2023-07-24,97.22610473632812,97.82206622152192,96.7909624937057,97.32069962087611,4746600
2023-07-25,97.35853576660156,98.16260308409639,96.80042091441902,96.8950157958078,5627500
2023-07-26,96.23284912109375,97.12204971024097,95.82608461579026,96.686907460844,6568300
2023-07-27,95.33416748046875,96.89500816033075,95.10713833960058,96.51662144746628,5373400
2023-07-28,95.7787857055664,96.32744616073107,95.36255953721702,96.01527653446904,5320700
2023-07-31,96.08149719238281,96.32744968423376,95.40986407978735,95.83554470053187,6377400
2023-08-01,95.78824615478516,96.21392675460515,94.9747171362217,95.98689758250964,7784300
2023-08-02,96.61122131347656,98.81531735395987,93.92468922586083,95.06930385900358,14463100
2023-08-03,96.80042266845703,97.33962144098292,95.96797037604728,96.45987531558522,5547500
2023-08-04,95.23957824707031,97.57610857897795,95.0882206661099,97.39637325586915,5199200
2023-08-07,96.2423095703125,96.35582777090555,95.48554321774175,95.93960158585867,5222700
2023-08-08,95.25849914550781,95.93959385996313,94.49227120030912,95.75040409133756,4058400
2023-08-09,94.52064514160156,96.09094758310786,94.0949645707544,95.54228717218686,4494300
2023-08-10,96.679443359375,97.35465793541053,95.4811716618127,95.61431215536265,6844200
2023-08-11,96.04225158691406,96.43216816975213,95.23389661090789,96.43216816975213,3180600
2023-08-14,96.06127166748047,96.2609823760917,95.29095064213814,95.55723884256471,3239300
2023-08-15,95.13880920410156,95.71892446951051,94.89154517566182,95.22439641263102,3203700
2023-08-16,94.13072967529297,95.18634137147725,94.045135223617,94.72986181457784,3679500
2023-08-17,91.83879852294922,94.2448464559452,91.70565804681905,94.14974715236818,5291100
2023-08-18,92.46647644042969,92.71373320388707,91.09702311095023,91.30624595357764,4126000
2023-08-21,91.73419189453125,92.78981090717365,91.44889396892735,92.55205900803098,3753200
2023-08-22,91.36329650878906,92.00046983619768,90.91632179219701,91.76271794487101,3639800
2023-08-23,90.51690673828125,91.82929465891804,89.40422954976664,91.69615417083658,9704500
2023-08-24,90.1840591430664,90.94486092616799,89.11892793998894,90.10797678807243,7824500
2023-08-25,90.80220794677734,91.25868752714176,89.87972942295859,90.85926608041987,5360400
2023-08-28,92.2857894897461,92.43794695115389,91.13507102582487,91.23968245487345,5098900
2023-08-29,94.29239654541016,94.36847888794243,92.57106800977222,92.59009222321104,5512300
2023-08-30,94.37799072265625,94.83447755601662,94.1497509337821,94.16876789301658,4212200
2023-08-31,92.66619110107422,94.4635950443612,92.51402638885745,94.14976076712371,5624500
2023-09-01,93.19874572753906,93.91200143463757,92.28577929312644,93.57915022244738,4747100
2023-09-05,92.09557342529297,93.01805196744606,91.85782152290763,92.74225889000559,5414300
2023-09-06,91.24918365478516,91.8197940651557,90.69760471669987,91.6961584236228,5428400
2023-09-07,90.44081115722656,91.12553771326645,90.3647288164196,90.81170349914628,6404100
2023-09-08,90.61200714111328,91.15408120785925,90.10797425079313,90.58347807269705,4754700
2023-09-11,90.98289489746094,91.51546408462445,90.55494438183746,90.96387793802502,5577500
2023-09-12,91.52497100830078,91.78174712797698,90.53592221616567,90.82122740344761,5007600
2023-09-13,92.1811752319336,92.53305068753652,91.33477897241438,91.48693642915292,5830200
2023-09-14,92.39990997314453,92.98953009307724,91.53448949882512,92.02901030156993,6039700
2023-09-15,91.5154800415039,92.69472763367529,91.34429835428439,92.48550476533885,8767600
2023-09-18,92.01949310302734,92.2192038190117,91.38231252656851,91.5820304981647,4477500
2023-09-19,90.62152862548828,90.7927103093099,89.65149666529467,90.5454462647646,6803000
2023-09-20,90.49788665771484,91.88635688241266,90.39327524131323,90.77367247665124,4572100
2023-09-21,88.53880310058594,90.65004106175014,88.47223286107229,90.49788362383835,6108800
2023-09-22,89.09038543701172,89.71804663203646,88.79557542537978,88.85263355521522,5118900
2023-09-25,88.1964340209961,88.89067269242108,87.73044237491195,88.33908659793124,4818800
2023-09-26,87.49270629882812,87.95869802906553,86.71288029378047,87.49270629882812,6086600
2023-09-27,86.70335388183594,88.18693054727586,85.9520570701478,87.93015445365998,4731500
2023-09-28,86.61778259277344,86.91259265639609,85.79040328619041,86.70336980262017,4736300
2023-09-29,86.7984619140625,88.50076641726245,86.38952834898528,88.07281589233591,7700200
2023-10-02,86.66532135009766,87.24543657574462,86.34198224366482,86.58924625515671,6430500
2023-10-03,85.0961685180664,86.60826721315172,84.83939238699853,86.06619313775721,6666600
2023-10-04,86.68434143066406,86.95062238928641,85.40998751432745,85.48606986125155,6166100
2023-10-05,87.84457397460938,88.4912594280531,86.6748314427876,86.6748314427876,7548600
2023-10-06,88.3010482788086,88.76703993994239,87.18837120288002,87.49269332421805,6979300
2023-10-09,88.13938903808594,88.24400045973331,86.95062947901357,87.9206540867471,4120700
2023-10-10,88.6148910522461,89.36618794891226,88.32008100941202,88.40566821322356,4974800
2023-10-11,87.44515228271484,89.04284545723226,87.35005296691519,88.71950633239089,4499200
2023-10-12,86.94113159179688,87.73046980947878,86.32297506884582,87.34055312763095,5485200
2023-10-13,86.99817657470703,87.54975545661262,86.58924302525253,86.80797070541887,4780100
2023-10-16,89.06187438964844,89.26158514008635,87.35005759216192,87.65437977220252,4595900
2023-10-17,89.5658950805664,89.57540718803398,88.0918304144117,88.20595393718638,6086700
2023-10-18,89.15696716308594,89.8987519689848,88.91921525065104,89.33766093833248,4110700
2023-10-19,89.79413604736328,90.97339069798743,89.55638414684245,89.74659002062643,5610800
2023-10-20,89.57542419433594,90.43132538300033,89.52787090358193,89.98435782573462,4699000
2023-10-23,89.58491516113281,90.37425322936517,88.71950199734557,89.32814629545881,4481000
2023-10-24,89.9843521118164,90.32671546778782,89.45178286052031,89.66100571757096,3600200
2023-10-25,89.39471435546875,90.68808527127345,89.36618528838092,89.69903649709268,5497300
2023-10-26,88.12986755371094,89.85119614592831,88.06329731570995,89.21401557579104,6201700
2023-10-27,87.51172637939453,89.1379559502489,87.2739744516292,88.10135377227326,8293600
2023-10-30,88.58635711669922,89.11891903722999,88.17742356897395,88.55782805032965,7852700
2023-10-31,87.720947265625,88.74803731183952,87.49270745167051,88.60538470726314,9308300
2023-11-01,86.87454986572266,87.35956581269205,86.11374807728981,87.33103674327258,14292500
2023-11-02,95.11028289794922,96.92670384710607,94.85350675367484,96.04226638854107,23396300
2023-11-03,97.62092590332031,98.68604970966997,95.57625823132875,95.69038174869982,15995700
2023-11-06,98.93331146240234,98.99036959198988,96.97423828670696,97.83014650857781,7532000
2023-11-07,98.60047149658203,99.2756860440848,98.26762027677256,99.12352859600578,6239500
2023-11-08,99.19010162353516,99.68462241318517,98.57194519476317,98.65753240128211,7453000
2023-11-09,97.7557373046875,99.88813356188766,97.56448625989465,99.73514002153478,7607000
2023-11-10,99.76383972167969,99.78296118107619,97.5166925252476,98.10955260781023,7338500
2023-11-13,98.979736328125,99.66822564809748,98.4538049599563,99.37178828809195,7120800
2023-11-14,100.97826385498047,101.18863640832878,99.67778561199385,99.90728692227374,8323000
2023-11-15,101.38944244384766,101.87712359854814,101.03564069839378,101.03564069839378,7980200
2023-11-16,102.5177993774414,102.94810885792879,101.5520014364184,101.62850187234723,8037200
2023-11-17,100.9495620727539,102.79509286910692,100.86350456660185,102.48909846587398,6341800
2023-11-20,99.73515319824219,100.85394460003646,99.31440813959175,100.60532185669916,9799500
2023-11-21,99.15184783935547,100.09851690328217,98.65460236452778,99.87858000182335,6149000
2023-11-22,98.91278839111328,100.0985158022659,98.75978754039315,99.60127762838968,4828700
2023-11-24,98.28167724609375,99.06578841855703,97.98524719780964,98.91279485332356,3206400
2023-11-27,97.88006591796875,98.5781123179815,97.60275731540104,97.81312986186502,7853600
2023-11-28,96.751708984375,97.58363478294218,96.4744003848526,97.49756997147799,6848100
2023-11-29,95.47990417480469,97.23937743632086,95.17390977656038,97.06725513134081,8428500
2023-11-30,94.95398712158203,95.73809828038488,94.112496993269,95.68071931087471,11442600
2023-12-01,94.85836029052734,94.9348607214502,93.25188771856035,94.18899975865885,12506500
2023-12-04,93.32838439941406,94.55236206306817,92.5347088753163,94.08380970958736,11477400
2023-12-05,91.35855865478516,93.21365416593491,90.69875513886419,93.11802496992992,16027300
2023-12-06,92.77375793457031,92.9171943985284,91.29160059495449,91.7505885250424,12115000
2023-12-07,92.21916198730469,93.42401095648232,92.05659674612887,92.99370879541641,7858300
2023-12-08,92.38170623779297,92.62076457971968,91.61671662543488,91.87490372018543,7125200
2023-12-11,93.82562255859375,94.67666968938322,92.96501105119941,92.96501105119941,7639100
2023-12-12,93.85431671142578,94.28461885552062,93.1658274444881,94.13162529369137,6313800
2023-12-13,93.8160629272461,94.32286548071211,92.58252092016808,94.18899338339966,7741900
2023-12-14,93.5578842163086,94.46631043877645,92.89808804758115,94.39937438410895,9764800
2023-12-15,92.51558685302734,93.94037265950172,92.33390016186242,93.55787781806715,12466000
2023-12-18,92.33390808105469,93.0606476125623,91.72191920046393,92.98414717861773,6146400
2023-12-19,93.44314575195312,93.75870458138877,92.69728473363847,92.69728473363847,5992900
2023-12-20,90.56487274169922,92.63989765902573,90.50750106699348,92.14265945545003,10057400
2023-12-21,91.15773010253906,91.26291635825018,90.33536880996948,90.91867175691958,7097200
2023-12-22,91.10991668701172,91.63584797233143,90.21105496136778,90.7369862466875,6361000
2023-12-26,91.48284912109375,91.50197787487599,90.80392427146403,91.1672903430247,3709500
2023-12-27,91.11949157714844,91.58804395191595,90.6413748245947,91.50198643828796,4959300
2023-12-28,91.73148345947266,91.76973367639528,90.94737225126616,91.3203027469081,4518300
2023-12-29,91.80797576904297,92.13309164089073,91.17685818889294,91.6836607511746,6135700
2024-01-02,89.57038879394531,91.75059997258765,89.5225814969822,91.27248323006144,8859700
2024-01-03,89.14964294433594,90.11543342398916,88.987077722039,89.84768923970978,7161700
2024-01-04,89.45564270019531,90.4405619923031,88.92971138135995,89.02533326783484,7118600
2024-01-05,88.92015075683594,89.48433231316834,88.4324769265876,89.24527393915078,7191000
2024-01-08,90.06764221191406,90.43100834181358,88.88190733343176,88.94884339145227,7536900
2024-01-09,89.0157699584961,89.6277660893388,88.79584034651349,89.51301544690286,6348500
2024-01-10,89.40782928466797,89.58951597819653,88.81496190795747,88.93927692794328,5847700
2024-01-11,88.87234497070312,89.54170551114252,87.87786124241978,89.24527545687404,6483600
2024-01-12,87.95436096191406,89.3122107875116,87.75354550592607,89.14965284264767,5641200
2024-01-16,88.64283752441406,88.67153065599861,87.7152972100158,88.60459460659911,7493400
2024-01-17,87.75354766845703,87.93523437336034,87.39974593214998,87.64836869220458,6672900
2024-01-18,89.25482940673828,89.34089421347865,87.80135772901727,87.93522983240675,7549500
2024-01-19,89.7520751953125,90.11544129206298,88.58546918011028,89.10183613579729,9565900
2024-01-22,88.99665069580078,89.8094477038739,88.74802794546083,89.6947043540882,9421000
2024-01-23,87.94479370117188,89.55126622803459,87.75354262923439,88.95839884825203,10227100
2024-01-24,88.01172637939453,88.77670875137892,87.96391178937206,88.4994074747915,7661400
2024-01-25,88.55677795410156,88.5950281665081,87.70573079063169,88.18384750249037,11991500
2024-01-26,88.73847198486328,89.39826814091786,88.36554150238119,88.85321533609921,9229400
2024-01-29,89.69470977783203,89.81901751277748,88.20298048107163,88.94884148171033,12728100
2024-01-30,89.96245574951172,90.53619443071226,88.53766248169255,88.92972174606086,17625200
2024-01-31,88.9583969116211,94.05512296395067,88.94883253436183,93.97862253684109,26751800
2024-02-01,89.28352355957031,89.50345317673086,87.8491733250218,89.02533643188136,15001500
2024-02-02,88.92015075683594,89.51301815077322,87.65792283384253,88.63328508530444,11366600
2024-02-05,88.4611587524414,88.80540337905366,87.877855762653,88.71933857465946,7335800
2024-02-06,91.48284912109375,91.51153495628512,88.30815447306698,88.45159094450582,11531500
2024-02-07,91.13861083984375,92.42953187700026,90.29712800201149,92.02790826997162,9078000
2024-02-08,92.91828918457031,93.01449372333207,90.3594084519012,91.48493109740556,9888100
2024-02-09,93.60130310058594,94.26506889206887,92.62969453819711,92.65855296312563,9385600
2024-02-12,91.84085845947266,93.44737426025412,91.7542758522187,93.2357360418278,9224400
2024-02-13,90.30168914794922,91.92744158973751,89.83993232830997,91.24443195145652,8138500
2024-02-14,90.49407196044922,90.87886803767475,90.19585848680242,90.5036938807079,5510600
2024-02-15,89.67639923095703,90.65762241246397,89.46476098765383,90.4556060909589,8878000
2024-02-16,89.67639923095703,90.59990556042706,89.22426431833219,89.56095818750731,5737500
2024-02-20,89.90726470947266,90.54217937392558,89.53209053115961,89.81106751953665,8844500
2024-02-21,91.40796661376953,92.12945658832564,90.2054833228427,90.2920659362647,8284600
2024-02-22,92.13907623291016,92.42767515135151,90.5614187813483,91.2829087380763,8124700
2024-02-23,91.98516845703125,93.24536865201455,91.94668810932649,92.23527970804835,6845200
2024-02-26,90.69610595703125,91.93706969519612,90.66724752999563,91.73505336657061,7043800
2024-02-27,90.55179595947266,91.06165502223061,90.04194423608999,90.73457576195901,5356100
2024-02-28,89.46475219726562,90.39788035684896,89.24349205390429,90.20547863667059,5622400
2024-02-29,91.29253387451172,91.48492826733182,90.40750792453821,90.90773774949587,11221100
2024-03-01,89.6186752319336,90.9750725222611,89.37817858179127,90.85963148801768,7995400
2024-03-04,88.94528198242188,89.77259106256679,88.54124936357216,89.52247248640367,7321000
2024-03-05,87.75242614746094,88.66631055795594,87.608126677547,88.5989717839129,7137300
2024-03-06,88.16607666015625,88.53162893967298,87.65622491735968,87.87747773359659,4826900
2024-03-07,87.49266815185547,88.27188219794577,86.87699738665725,88.13720467676956,8792400
2024-03-08,87.5985107421875,88.05064568710787,87.15599771975253,87.17524156472334,7673300
2024-03-11,88.57010650634766,89.42627399839749,87.7043170932143,87.7908997042153,6702300
2024-03-12,88.88756561279297,89.19540103920035,87.74279918050826,88.50276949493987,9444900
2024-03-13,88.12760162353516,89.33970691298731,87.41573352500815,88.97414727207061,8254500
2024-03-14,88.17569732666016,88.22379225415192,86.97321404873412,87.63697982737398,8544800
2024-03-15,86.6942367553711,88.52200546015871,86.67499291293886,88.11797284158726,18136300
2024-03-18,87.55040740966797,87.95444004277829,87.08865058655924,87.30028882467676,7413900
2024-03-19,88.10835266113281,88.40657350972076,87.40610652536652,87.54078406755117,5676500
2024-03-20,89.07996368408203,89.10882210972314,88.04101632474725,88.30075683426884,5804400
2024-03-21,88.17569732666016,89.62829184204446,88.15645348416307,89.10881818525536,6287300
2024-03-22,87.26180267333984,88.29112803077189,86.63650992214276,88.2526476864578,6495000
2024-03-25,87.22332763671875,87.65622603206332,87.03093324281606,87.20409113307875,6903000
2024-03-26,86.92510986328125,87.54078070084043,86.8000542473123,87.5215441981434,6216100
2024-03-27,88.02178192138672,88.33923928976654,87.15599243461264,87.2040947047463,5863700
2024-03-28,87.91595458984375,88.73364173013637,87.8293793189379,88.30075069685654,6784300
2024-04-01,88.0506362915039,88.57010995963786,87.56002104837036,88.32961329880042,4990200
2024-04-02,85.90541076660156,87.77165987651873,85.83807199468768,87.64660425421457,8276800
2024-04-03,85.32820892333984,86.42487306583314,85.28011399671753,86.19399833567017,6316400
2024-04-04,84.28926849365234,85.94387927978163,84.27964657263189,85.74186297460378,8057600
2024-04-05,83.54853820800781,84.58748554055701,83.52930170453494,84.55862711565992,7161400
2024-04-08,83.87561798095703,84.03915394926373,83.07716730363515,83.66397974461864,6322900
2024-04-09,83.81788635253906,84.27002121015727,83.02905766670783,83.87561053692916,6240700
2024-04-10,82.6827392578125,83.56777244269576,82.34604544043152,83.0386769158294,7413900
2024-04-11,82.63465881347656,83.02906954312088,82.01898791400052,82.73085601538669,6841600
2024-04-12,81.69190216064453,82.2594780839737,81.08585323109432,82.17289547153769,8594800
2024-04-15,81.9323959350586,83.08678424423509,81.69189928806873,82.15365607961436,9676900
2024-04-16,82.17288970947266,82.91362346635722,81.21090315514202,81.59569924474927,8866800
2024-04-17,82.932861328125,83.13487762712228,82.09593036995764,82.73084502912772,6870100
2024-04-18,83.83714294433594,84.29889245343277,82.77895903499824,83.15413326340546,11403300
2024-04-19,84.27964782714844,84.73178270996122,83.8082764413837,83.83713486549934,11900000
2024-04-22,84.82797241210938,85.24162691311201,84.01989991135723,84.73177522709418,8669000
2024-04-23,84.52976989746094,85.4340323611064,84.00067430220903,85.39555201423575,5670500
2024-04-24,85.3763198852539,85.55909970741142,83.64474088422509,83.75056000869773,7183900
2024-04-25,84.50089263916016,86.31905391946201,84.34697861198826,86.14589605178443,7284600
2024-04-26,84.89531707763672,85.8573036734173,84.0487715155249,84.07762993909827,7185300
2024-04-29,84.97227478027344,85.24162984332509,84.52013992184746,84.88569217322112,8522800
2024-04-30,85.12619018554688,85.6071834742833,83.8659901176575,84.27964463954582,14538400
2024-05-01,71.61029052734375,74.06335214811097,69.90757000036182,72.93782949836921,66610700
2024-05-02,72.0816650390625,72.29330329122212,70.56172426389448,72.0528066118364,23883400
2024-05-03,70.33084869384766,72.63961825714176,70.21540764690131,72.40873616324906,22153800
2024-05-06,70.12882232666016,71.36978588101799,69.93642060929359,70.52323300335524,18632200
2024-05-07,69.74402618408203,70.08072001502673,69.07063852219264,70.08072001502673,21901300
2024-05-08,70.70602416992188,71.63915246592036,69.5035407656715,69.54202111533267,24482600
2024-05-09,72.80314636230469,72.88010705194581,70.29236074292179,70.77335404411582,18591500
2024-05-10,73.21680450439453,73.4091988986068,72.20671558634092,72.4472122487941,15761900
2024-05-13,73.28414154052734,73.9190488978902,72.91858926443209,73.32262188633351,10953600
2024-05-14,72.75505828857422,73.81324962911998,72.64923915451965,73.33225623409982,10961100
2024-05-15,72.8223876953125,73.13984505660748,72.45683540433319,73.01478943217725,8826500
2024-05-16,72.96778106689453,73.22949218484787,72.17296758154536,72.8805489576157,10758500
2024-05-17,75.45884704589844,75.6042412966345,72.61884127574815,72.95808959742642,14436500
2024-05-20,75.15837097167969,75.9144122009765,74.35386252714741,75.2940703002684,11183800
2024-05-21,75.33283996582031,75.81748252103526,75.11959605831638,75.17775079852345,8916600
2024-05-22,78.24069213867188,78.53147322302742,75.06143828801206,75.31344708210854,22072200
2024-05-23,75.90471649169922,78.22130737079944,75.25529722660858,77.63973776929949,15841300
2024-05-24,76.44751739501953,76.78676569610776,75.7108586590434,76.08887925097862,10746200
2024-05-28,75.10021209716797,76.37966812136062,75.03236243660693,76.36997319983523,8833300
2024-05-29,74.51863098144531,75.91440380112711,74.47017116663066,74.73187487279202,9268100
2024-05-30,76.34088897705078,76.45719844468074,74.6931000334019,74.73187232096446,9294200
2024-05-31,77.75605010986328,77.86267206000612,76.19550054329088,76.65106571298146,12669700
2024-06-03,79.55892181396484,79.59769410489969,77.17448138440899,77.23263612328209,12443400
2024-06-04,80.24711608886719,80.86745797496432,79.38445292241776,79.45230258511407,12370000
2024-06-05,78.66718292236328,79.96602141757829,78.47332146370981,79.9272491258476,11275300
2024-06-06,78.9676513671875,80.38280660189433,78.43454165083386,78.65748045814296,9237800
2024-06-07,78.92888641357422,80.0920255818105,78.1340729230991,79.11305294998405,10852600
2024-06-10,79.09365844726562,79.33597970929466,78.35699974008111,78.9870365003682,8698600
2024-06-11,77.4361801147461,78.48300971735894,77.30048080274716,78.4345425080488,9024300
2024-06-12,76.94184875488281,77.71727979471122,76.74799469245494,77.53311325886382,8873400
2024-06-13,77.77543640136719,78.41516813384067,76.74799653473133,77.05816747909643,13947300
2024-06-14,77.20355224609375,77.9305160009627,76.68013745518118,77.54280051935437,7192400
2024-06-17,78.83196258544922,79.23906057136874,76.83523015892521,77.1357135823924,9845900
2024-06-18,77.73666381835938,79.20028642304484,77.14539930239566,78.52178979573826,9664500
2024-06-20,77.27141571044922,78.29885563453301,77.22294849343962,77.36834274940936,10183900
2024-06-21,77.45557403564453,77.785127412124,76.72861022805458,77.54280614292736,25648400
2024-06-24,77.2811050415039,77.6106584291367,76.73830035149325,77.54280876726769,7396600
2024-06-25,76.84492492675781,78.26977526967524,76.44752186369838,77.54281141268135,15821600
2024-06-26,76.71891784667969,76.84492224861272,75.97256417161111,76.57352360133633,10708100
2024-06-27,76.80615234375,77.00001380858527,76.26335503232876,76.62199319597993,10289600
2024-06-28,75.45884704589844,76.45720956186254,75.22622068175602,76.30212778412053,13207500
2024-07-01,74.76095581054688,75.81748039674366,74.42170751041336,75.59454157376545,6767600
2024-07-02,74.47017669677734,74.83850237596388,73.93706692882188,74.7512702657849,8854100
2024-07-03,73.91768646240234,74.67372768445905,73.7335199203418,74.47986622043251,4906700
2024-07-05,73.7141342163086,73.92737072473336,73.10347987541444,73.89829335517808,9663100
2024-07-08,72.27958679199219,74.10184004669567,72.18265976478443,73.9952180982497,8871200
2024-07-09,70.5154800415039,72.34742800355488,70.49609759634863,72.33773308344861,11816900
2024-07-10,70.28285217285156,70.9225763796557,70.12776303480382,70.74810479688054,11132500
2024-07-11,71.0486068725586,71.24246095113669,69.86607776607858,70.1180865892183,12316100
2024-07-12,72.53160095214844,72.75453236899145,71.12613321420314,71.53323854919368,10559300
2024-07-15,70.5154800415039,72.5994441609172,70.29254124940316,72.58974924081092,9064400
2024-07-16,73.19071197509766,73.19071197509766,69.35234428586907,69.99206853654502,14968700
2024-07-17,72.7933120727539,73.79167457740495,72.26020968617433,72.90962895103645,11567800
2024-07-18,71.9112777709961,72.80301845975109,71.54294462929218,72.17298154452163,10701000
2024-07-19,76.83522033691406,76.94184228079548,71.9112580520116,72.36682319494896,32965900
2024-07-22,74.19877624511719,76.05980183426426,73.67536141159613,75.92410251391343,18851500
2024-07-23,73.91768646240234,74.77065471894296,73.6947476275365,74.77065471894296,9592100
2024-07-24,72.38621520996094,74.14061896291312,71.74648346210903,74.02430947789192,10478200
2024-07-25,71.0679931640625,73.44273903277997,71.00983841635725,72.75454740304984,18973600
2024-07-26,71.77556610107422,72.71576645571736,71.44600531481137,71.57200971820266,12387100
2024-07-29,72.89022827148438,73.26824882588386,71.45569062788059,72.105109796202,10864700
2024-07-30,73.60751342773438,73.71413538116082,72.55098881516102,72.93870433716096,16163600
2024-07-31,75.55577850341797,78.7447277039507,75.41039163923165,77.10664074195805,18901100
2024-08-01,72.80300903320312,75.73994188777885,71.56232521035149,75.49762059753256,17307200
2024-08-02,73.54934692382812,74.31508300065231,72.61883416333568,72.80300068923435,15185700
2024-08-05,71.59139251708984,72.69637685366087,70.48640818051884,71.58169759622649,12372900
2024-08-06,73.05501556396484,73.65596755129603,71.57200325234614,71.6495478297624,10525500
2024-08-07,72.97747039794922,74.47017022341215,72.85146600695754,72.98716531881254,7297000
2024-08-08,73.42333984375,73.81105532853714,72.50252203805611,72.76422573812921,8988300
2024-08-09,72.78362274169922,73.52997649332423,72.4540693205053,73.32642748698812,4683600
2024-08-12,74.66402435302734,76.02102486813824,73.94675550456247,74.17938184013472,13123000
2024-08-13,92.95443725585938,93.06105920236968,87.51674756406582,88.22432150538911,157215500
2024-08-14,91.01586151123047,92.91565919318617,88.62172641663062,92.46009406732368,45737800
2024-08-15,91.96576690673828,92.04331148894602,90.12413114718399,91.22911556093992,21109800
2024-08-16,92.45333862304688,93.27246290563238,90.98087752132427,91.03938374159705,16336300
2024-08-19,90.0057373046875,92.5313550977613,89.83995727522131,92.0047767777152,14479000
2024-08-20,90.69808959960938,91.48795337186472,89.8399586472789,89.99598516215853,11536200
2024-08-21,90.47380065917969,91.05888519310574,89.92772275281585,90.19100818916885,6769200
2024-08-22,90.13249969482422,90.5225585208566,89.48890151590778,90.36653201454233,10010300
2024-08-23,91.68297576904297,92.07303460242031,90.52256022543102,90.54205981921083,11483700
2024-08-26,93.2529525756836,93.54549854621202,91.83899774422007,91.85849733703718,13882800
2024-08-27,96.14913177490234,96.2661516539391,92.88240307593051,93.02867606478814,17456300
2024-08-28,92.93116760253906,96.25640267801026,92.03403003377746,95.77858450230546,14866300
2024-08-29,92.5020980834961,93.44798831627351,91.93651315919055,93.09693611772202,8781300
2024-08-30,92.21930694580078,93.54550250609697,92.09254098774063,92.62886537007518,7117200
2024-09-03,90.86386108398438,92.45334212623352,90.7273416050061,91.79024432558748,11234000
2024-09-04,90.03498840332031,91.6439764386482,89.6839361978032,91.04913839261938,7193500
2024-09-05,89.28412628173828,90.70783473635962,88.93307406665316,89.87896434397952,8370100
2024-09-06,88.88431549072266,89.86921233131704,87.93842527586749,89.22561416624949,9257000
2024-09-09,89.91796875,90.0642417426293,88.16271515770863,88.95257890225207,10089700
2024-09-10,91.01988220214844,91.19540831331456,88.87456967878805,89.83021349286001,7327000
2024-09-11,95.75907897949219,95.9053519775581,91.33193448698985,91.74149292977141,19302900
2024-09-12,96.81222534179688,96.84147845034822,94.92044496477874,96.01260813579745,14653500
2024-09-13,96.11988067626953,97.03651781518711,96.05162093867483,96.6659585770272,9899900
2024-09-16,93.91605377197266,96.14913293895829,93.59426212029392,96.07111968532263,9263400
2024-09-17,94.0428237915039,94.14033663516962,92.83364072283926,94.09157649346022,6281700
2024-09-18,93.73078155517578,95.17398954806663,92.96041741529007,93.17495014282196,8793800
2024-09-19,94.49139404296875,96.24664764515414,93.93556261964702,95.53479715130089,8752600
2024-09-20,93.66252136230469,94.64741078517494,92.95066344620965,94.44263157527855,19541000
2024-09-23,93.106689453125,93.66252085979117,92.00477271657833,93.66252085979117,8382800
2024-09-24,92.10228729248047,93.43823637277882,91.8487553757331,93.09693768503936,8606800
2024-09-25,93.24320983886719,93.5747550069049,91.87800766042521,91.91701428720965,8632900
2024-09-26,95.04722595214844,96.68546711974784,94.58890737553527,96.05162243804355,9876800
2024-09-27,94.9399642944336,95.71032849166595,94.77419169800172,95.22275677998121,6319900
2024-09-30,95.06672668457031,95.26175982575903,94.01357748116568,94.96921383385276,6436400
2024-10-01,95.00822448730469,95.70057542841184,93.95506779952734,95.06673071226322,7171600
2024-10-02,94.1013412475586,94.58891296386719,93.4870035633212,94.42314036586322,6346000
2024-10-03,93.1846923828125,93.99406311617379,92.9409065551557,93.26270563320341,5556400
2024-10-04,94.17935180664062,94.32562480528888,92.78489644040094,93.77953943965231,6818900
2024-10-07,93.70152282714844,94.1208347737264,92.98967233350085,93.79904311592514,7478900
2024-10-08,93.81854248046875,94.47188675105588,92.91165885123831,93.66252341036373,6595200
2024-10-09,93.49674224853516,94.0818342136473,93.08718382475938,94.0818342136473,3344800
2024-10-10,91.54646301269531,93.10669846072359,91.42945056192099,93.04818479558243,5459500
2024-10-11,93.1749496459961,93.57475454901186,91.67322800103369,91.7999939576478,4834800
2024-10-14,92.40458679199219,93.1554439050121,91.99502092695518,93.0384314633616,4124700
2024-10-15,92.67761993408203,93.5845034988062,92.21930139366457,92.31681423551335,6264100
2024-10-16,93.0871810913086,93.45773287721231,91.7512320551702,93.0774275749089,7537100
2024-10-17,92.90190124511719,93.79903875780674,92.42408309927653,92.96041490361523,5577300
2024-10-18,94.4328842163086,94.44263773353583,92.67763054284879,93.3017217298239,6178300
2024-10-21,94.05257415771484,94.78393167819398,93.50649625647819,94.54014583803426,3994300
2024-10-22,94.41338348388672,94.77418921940883,93.55525997207515,93.95506489652867,6670900
2024-10-23,95.2227554321289,95.29101517320842,91.36118842301565,91.53671453432779,18858800
2024-10-24,94.73517608642578,96.94874817411336,94.44263011124976,95.26175437789072,9828600
2024-10-25,94.89120483398438,95.52504955171175,94.03308129352136,94.80344549632798,9665600
2024-10-28,95.58355712890625,96.67572046474359,95.12524595951649,95.22275881598763,6790900
2024-10-29,94.9692153930664,95.61281360992542,93.9550653614955,95.31051409605813,7664200
2024-10-30,94.90095520019531,95.71032600611395,94.39388390670331,94.94971534599908,9187200
2024-10-31,95.2715072631836,96.53919665987128,92.97992175971315,94.90095544926513,12011500
2024-11-01,96.41242218017578,97.31930576022503,94.9497072084675,95.17398600453438,8860200
2024-11-04,94.61815643310547,96.35391037589727,94.29635734759826,96.13937765222579,7049100
2024-11-05,94.67666625976562,95.04722550195483,93.76003655063448,94.45238745083864,6348300
2024-11-06,93.69178009033203,95.78833989796743,92.4240906885747,94.55965712516073,9708800
2024-11-07,93.73078155517578,94.28661296752959,93.37972935371512,93.67226789509677,6195200
2024-11-08,95.125244140625,95.21300347784475,93.64302196749064,93.72103522707748,6118700
2024-11-11,97.8166275024414,98.88929114412028,95.51528859079953,95.56404873442253,10313300
2024-11-12,96.34416961669922,98.04091702703974,95.9736103681769,97.64110466726643,8438400
2024-11-13,97.31930541992188,97.45582488829035,93.83804409701948,94.93019984396733,8816300
2024-11-14,96.76347351074219,97.53383017536318,96.67570674454616,96.95849919600647,6441500
2024-11-15,96.5672378540039,98.33335577791051,96.14533232139127,97.23443712683853,8119900
2024-11-18,98.50997161865234,98.71601747061392,96.0864681679399,96.58686951457301,7041500
2024-11-19,96.49855041503906,98.41184597135926,96.35137268212668,97.9114446737653,9176200
2024-11-20,96.4102554321289,96.89102907532222,95.28190271030006,96.15514784183875,7527700
2024-11-21,98.17636108398438,98.44128250707176,96.63591674357204,97.6269055187226,6760600
2024-11-22,100.5704345703125,100.62930267315086,97.891823604603,98.1174971417683,6563300
2024-11-25,99.92285919189453,101.37500149704292,99.8639910868788,100.99234384289818,8839600
2024-11-26,98.7846908569336,100.1681435960977,98.57864502283556,100.07002760163729,6558300
2024-11-27,99.59907531738281,100.1092830183742,98.8239461770956,98.85338022906822,4857800
2024-11-29,100.53118133544922,100.57042923051456,99.36358078600934,99.461704266558,3419300
2024-12-02,99.59907531738281,100.28589481598105,97.98994893286314,100.07984896640158,6103200
2024-12-03,99.65794372558594,100.19759296596861,98.00956943814654,99.18697643527277,7101500
2024-12-04,98.80431365966797,100.07003023307098,98.4805316180115,98.99073929408436,6151100
2024-12-05,97.36199951171875,99.39303148248057,97.322751613036,99.09867598524559,7194800
2024-12-06,98.22542572021484,98.72582704519772,96.58686533567248,97.06763896944851,6297000
2024-12-09,97.44047546386719,98.67675791536304,96.66534640618639,98.18617047271218,7271600
2024-12-10,96.3121337890625,97.38161085923332,96.09627410883007,97.2736810191171,8192500
2024-12-11,96.5672378540039,97.51897876378854,96.13552596153743,96.64573364745996,8007300
2024-12-12,95.9785385131836,97.10689126401303,95.58606701475104,96.37101001161616,6375900
2024-12-13,95.5860595703125,96.23363861515713,95.1150997974897,95.50756377958515,5910900
2024-12-16,91.36701202392578,95.17396805109203,91.34738433332699,95.12490631036569,12395900
2024-12-17,90.35639953613281,92.17157922210228,90.31715912474958,91.25908619913739,8536100
2024-12-18,88.20763397216797,90.51339372436058,87.9525263762243,90.04242643075467,10886600
2024-12-19,87.08909606933594,89.8560093008285,87.00078642574796,88.54123089353334,14628400
2024-12-20,86.31395721435547,87.48155774166278,85.43089830655038,86.20602737641427,26477500
2024-12-23,85.7939453125,86.22565722679018,84.67540639940562,85.85281341768247,11203700
2024-12-24,88.21745300292969,88.227259363748,85.52902795593089,85.75470151286964,5422000
2024-12-26,90.13072967529297,90.31715530745329,87.687606195429,87.687606195429,7538700
2024-12-27,90.51338958740234,91.44550280022715,89.16917720434336,89.18880489547257,8200400
2024-12-30,88.87483215332031,89.60089954796443,88.14875727290512,89.57146549606645,8404500
